,Date,Day,Month,Year,Customer_Age,Age_Group,Customer_Gender,Country,State,Product_Category,Sub_Category,Product,Order_Quantity,Unit_Cost,Unit_Price,Profit,Cost,Revenue
58913,2011-01-01,1,January,2011,17,Youth (<25),M,Canada,British Columbia,Bikes,Road Bikes,"Road-250 Red, 44",1,1519,2443,900,1519,2419
63711,2011-01-01,1,January,2011,39,Adults (35-64),M,United States,Washington,Bikes,Road Bikes,"Road-550-W Yellow, 38",3,713,1120,482,2139,2621
49787,2011-01-01,1,January,2011,23,Youth (<25),M,Australia,Victoria,Bikes,Mountain Bikes,"Mountain-200 Black, 46",1,1252,2295,561,1252,1813
58729,2011-01-01,1,January,2011,33,Young Adults (25-34),F,France,Yveline,Bikes,Road Bikes,"Road-150 Red, 48",2,2171,3578,1097,4342,5439
60993,2011-01-01,1,January,2011,42,Adults (35-64),M,United States,California,Bikes,Road Bikes,"Road-750 Black, 44",1,344,540,185,344,529
69063,2011-01-02,2,January,2011,32,Young Adults (25-34),M,United Kingdom,England,Bikes,Road Bikes,"Road-550-W Yellow, 38",1,713,1120,362,713,1075
65741,2011-01-02,2,January,2011,35,Adults (35-64),F,United States,California,Bikes,Road Bikes,"Road-550-W Yellow, 48",1,713,1120,385,713,1098
69601,2011-01-02,2,January,2011,40,Adults (35-64),M,Australia,Victoria,Bikes,Road Bikes,"Road-550-W Yellow, 40",4,713,1120,687,2852,3539
63133,2011-01-02,2,January,2011,41,Adults (35-64),F,Australia,Queensland,Bikes,Road Bikes,"Road-250 Red, 58",3,1555,2443,1491,4665,6156
50625,2011-01-03,3,January,2011,38,Adults (35-64),M,United Kingdom,England,Bikes,Mountain Bikes,"Mountain-200 Silver, 42",1,1266,2320,961,1266,2227
64015,2011-01-03,3,January,2011,47,Adults (35-64),M,Australia,South Australia,Bikes,Road Bikes,"Road-550-W Yellow, 44",1,713,1120,205,713,918
57953,2011-01-03,3,January,2011,29,Young Adults (25-34),F,United States,California,Bikes,Mountain Bikes,"Mountain-200 Silver, 42",1,1266,2320,1008,1266,2274
63129,2011-01-03,3,January,2011,45,Adults (35-64),F,Australia,South Australia,Bikes,Road Bikes,"Road-750 Black, 48",2,344,540,198,688,886
52849,2011-01-03,3,January,2011,28,Young Adults (25-34),M,United Kingdom,England,Bikes,Mountain Bikes,"Mountain-200 Black, 38",4,1252,2295,3805,5008,8813
67037,2011-01-03,3,January,2011,45,Adults (35-64),M,Canada,British Columbia,Bikes,Road Bikes,"Road-750 Black, 44",3,344,540,572,1032,1604
70757,2011-01-03,3,January,2011,39,Adults (35-64),F,United States,California,Bikes,Road Bikes,"Road-150 Red, 48",4,2171,3578,5342,8684,14026
66309,2011-01-03,3,January,2011,42,Adults (35-64),F,Australia,Victoria,Bikes,Road Bikes,"Road-750 Black, 48",1,344,540,83,344,427
70703,2011-01-04,4,January,2011,38,Adults (35-64),F,United States,Washington,Bikes,Road Bikes,"Road-150 Red, 44",1,2171,3578,620,2171,2791
58719,2011-01-04,4,January,2011,33,Young Adults (25-34),F,France,Nord,Bikes,Road Bikes,"Road-150 Red, 52",2,2171,3578,1884,4342,6226
63713,2011-01-04,4,January,2011,39,Adults (35-64),M,United States,Washington,Bikes,Road Bikes,"Road-550-W Yellow, 38",2,713,1120,321,1426,1747
60315,2011-01-04,4,January,2011,36,Adults (35-64),F,United States,California,Bikes,Road Bikes,"Road-650 Red, 62",2,487,783,561,974,1535
52851,2011-01-04,4,January,2011,28,Young Adults (25-34),M,United Kingdom,England,Bikes,Mountain Bikes,"Mountain-200 Black, 38",3,1252,2295,2854,3756,6610
70191,2011-01-05,5,January,2011,51,Adults (35-64),M,Canada,British Columbia,Bikes,Road Bikes,"Road-650 Black, 60",3,487,783,865,1461,2326
62165,2011-01-05,5,January,2011,27,Young Adults (25-34),M,Germany,Hessen,Bikes,Road Bikes,"Road-350-W Yellow, 48",1,1083,1701,499,1083,1582
59815,2011-01-05,5,January,2011,37,Adults (35-64),M,United States,California,Bikes,Road Bikes,"Road-650 Red, 48",1,487,783,280,487,767
71475,2011-01-06,6,January,2011,44,Adults (35-64),F,United States,California,Bikes,Road Bikes,"Road-150 Red, 62",3,2171,3578,4006,6513,10519
56769,2011-01-06,6,January,2011,26,Young Adults (25-34),F,Canada,British Columbia,Bikes,Mountain Bikes,"Mountain-500 Black, 44",3,295,540,719,885,1604
67025,2011-01-06,6,January,2011,48,Adults (35-64),M,Canada,British Columbia,Bikes,Road Bikes,"Road-750 Black, 48",2,344,540,381,688,1069
70593,2011-01-06,6,January,2011,19,Youth (<25),F,Canada,British Columbia,Bikes,Road Bikes,"Road-150 Red, 62",1,2171,3578,1371,2171,3542
65743,2011-01-06,6,January,2011,35,Adults (35-64),F,United States,California,Bikes,Road Bikes,"Road-550-W Yellow, 48",1,713,1120,385,713,1098
65993,2011-01-06,6,January,2011,34,Young Adults (25-34),M,United States,Washington,Bikes,Road Bikes,"Road-750 Black, 48",1,344,540,77,344,421
65779,2011-01-07,7,January,2011,41,Adults (35-64),F,United Kingdom,England,Bikes,Road Bikes,"Road-550-W Yellow, 40",1,713,1120,362,713,1075
69209,2011-01-07,7,January,2011,31,Young Adults (25-34),M,United Kingdom,England,Bikes,Road Bikes,"Road-350-W Yellow, 40",2,1083,1701,1100,2166,3266
67727,2011-01-07,7,January,2011,28,Young Adults (25-34),M,Australia,New South Wales,Bikes,Road Bikes,"Road-350-W Yellow, 42",1,1083,1701,397,1083,1480
69381,2011-01-07,7,January,2011,18,Youth (<25),F,Australia,Victoria,Bikes,Road Bikes,"Road-750 Black, 52",1,344,540,83,344,427
70585,2011-01-08,8,January,2011,31,Young Adults (25-34),F,United States,Oregon,Bikes,Road Bikes,"Road-150 Red, 62",3,2171,3578,2718,6513,9231
70797,2011-01-08,8,January,2011,35,Adults (35-64),M,United States,Washington,Bikes,Road Bikes,"Road-150 Red, 48",4,2171,3578,2479,8684,11163
50031,2011-01-08,8,January,2011,27,Young Adults (25-34),F,Australia,Victoria,Bikes,Mountain Bikes,"Mountain-200 Black, 46",1,1252,2295,561,1252,1813
57575,2011-01-08,8,January,2011,34,Young Adults (25-34),F,United States,California,Bikes,Mountain Bikes,"Mountain-200 Black, 42",1,1252,2295,997,1252,2249
63099,2011-01-08,8,January,2011,39,Adults (35-64),M,Australia,Tasmania,Bikes,Road Bikes,"Road-350-W Yellow, 44",3,1083,1701,884,3249,4133
67181,2011-01-08,8,January,2011,34,Young Adults (25-34),M,Australia,New South Wales,Bikes,Road Bikes,"Road-350-W Yellow, 48",1,1083,1701,397,1083,1480
65745,2011-01-08,8,January,2011,35,Adults (35-64),F,United States,California,Bikes,Road Bikes,"Road-550-W Yellow, 48",1,713,1120,385,713,1098
70315,2011-01-08,8,January,2011,40,Adults (35-64),M,United States,Washington,Bikes,Road Bikes,"Road-650 Black, 48",4,487,783,495,1948,2443
71399,2011-01-09,9,January,2011,34,Young Adults (25-34),M,United States,California,Bikes,Road Bikes,"Road-150 Red, 56",3,2171,3578,4006,6513,10519
67283,2011-01-09,9,January,2011,17,Youth (<25),F,Canada,British Columbia,Bikes,Road Bikes,"Road-350-W Yellow, 42",1,1083,1701,601,1083,1684
63081,2011-01-09,9,January,2011,30,Young Adults (25-34),F,Australia,Tasmania,Bikes,Road Bikes,"Road-250 Black, 52",1,1555,2443,424,1555,1979
67729,2011-01-09,9,January,2011,28,Young Adults (25-34),M,Australia,New South Wales,Bikes,Road Bikes,"Road-350-W Yellow, 42",1,1083,1701,397,1083,1480
71333,2011-01-09,9,January,2011,39,Adults (35-64),F,United States,Washington,Bikes,Road Bikes,"Road-150 Red, 48",3,2171,3578,1860,6513,8373
65383,2011-01-10,10,January,2011,37,Adults (35-64),M,United States,Washington,Bikes,Road Bikes,"Road-550-W Yellow, 44",1,713,1120,161,713,874
54817,2011-01-10,10,January,2011,28,Young Adults (25-34),F,Australia,South Australia,Bikes,Mountain Bikes,"Mountain-200 Silver, 38",4,1266,2320,2546,5064,7610
65477,2011-01-10,10,January,2011,35,Adults (35-64),F,Australia,New South Wales,Bikes,Road Bikes,"Road-350-W Yellow, 48",1,1083,1701,397,1083,1480
58721,2011-01-10,10,January,2011,33,Young Adults (25-34),F,France,Nord,Bikes,Road Bikes,"Road-150 Red, 52",3,2171,3578,2826,6513,9339
71463,2011-01-11,11,January,2011,61,Adults (35-64),F,United States,California,Bikes,Road Bikes,"Road-150 Red, 52",2,2171,3578,2671,4342,7013
51183,2011-01-11,11,January,2011,24,Youth (<25),F,Australia,Queensland,Bikes,Mountain Bikes,"Mountain-200 Silver, 38",2,1266,2320,1366,2532,3898
64193,2011-01-11,11,January,2011,21,Youth (<25),F,Australia,New South Wales,Bikes,Road Bikes,"Road-250 Black, 58",3,1555,2443,1711,4665,6376
66881,2011-01-11,11,January,2011,34,Young Adults (25-34),M,United Kingdom,England,Bikes,Road Bikes,"Road-550-W Yellow, 44",1,713,1120,362,713,1075
71131,2011-01-11,11,January,2011,38,Adults (35-64),M,Canada,British Columbia,Bikes,Road Bikes,"Road-150 Red, 62",1,2171,3578,1371,2171,3542
54165,2011-01-11,11,January,2011,34,Young Adults (25-34),M,United States,Oregon,Bikes,Mountain Bikes,"Mountain-400-W Silver, 42",1,420,769,241,420,661
63085,2011-01-11,11,January,2011,33,Young Adults (25-34),F,Australia,South Australia,Bikes,Road Bikes,"Road-250 Black, 58",1,1555,2443,448,1555,2003
56445,2011-01-11,11,January,2011,34,Young Adults (25-34),M,United States,California,Bikes,Mountain Bikes,"Mountain-500 Black, 40",4,295,540,937,1180,2117
71325,2011-01-11,11,January,2011,38,Adults (35-64),M,United States,Oregon,Bikes,Road Bikes,"Road-250 Red, 44",1,1519,2443,582,1519,2101
67089,2011-01-12,12,January,2011,29,Young Adults (25-34),M,Australia,Queensland,Bikes,Road Bikes,"Road-250 Black, 52",1,1555,2443,497,1555,2052
65949,2011-01-12,12,January,2011,33,Young Adults (25-34),M,United States,California,Bikes,Road Bikes,"Road-750 Black, 48",1,344,540,185,344,529
71477,2011-01-12,12,January,2011,44,Adults (35-64),F,United States,California,Bikes,Road Bikes,"Road-150 Red, 62",1,2171,3578,1335,2171,3506
63329,2011-01-12,12,January,2011,23,Youth (<25),F,Australia,Victoria,Bikes,Road Bikes,"Road-250 Black, 44",1,1555,2443,375,1555,1930
69643,2011-01-12,12,January,2011,39,Adults (35-64),F,Canada,British Columbia,Bikes,Road Bikes,"Road-250 Red, 58",4,1555,2443,3454,6220,9674
58727,2011-01-12,12,January,2011,33,Young Adults (25-34),F,France,Garonne (Haute),Bikes,Road Bikes,"Road-150 Red, 48",1,2171,3578,1192,2171,3363
58707,2011-01-12,12,January,2011,30,Young Adults (25-34),M,France,Seine (Paris),Bikes,Road Bikes,"Road-150 Red, 62",1,2171,3578,763,2171,2934
64431,2011-01-13,13,January,2011,38,Adults (35-64),M,United States,Washington,Bikes,Road Bikes,"Road-250 Black, 44",1,1555,2443,351,1555,1906
68187,2011-01-13,13,January,2011,33,Young Adults (25-34),F,United Kingdom,England,Bikes,Road Bikes,"Road-350-W Yellow, 48",2,1083,1701,1100,2166,3266
68389,2011-01-13,13,January,2011,38,Adults (35-64),M,United States,California,Bikes,Road Bikes,"Road-150 Red, 52",1,2171,3578,1335,2171,3506
52975,2011-01-14,14,January,2011,26,Young Adults (25-34),M,Australia,Queensland,Bikes,Mountain Bikes,"Mountain-200 Black, 46",2,1252,2295,1352,2504,3856
59899,2011-01-14,14,January,2011,44,Adults (35-64),F,United States,Washington,Bikes,Road Bikes,"Road-350-W Yellow, 44",4,1083,1701,975,4332,5307
69763,2011-01-14,14,January,2011,57,Adults (35-64),M,Australia,Queensland,Bikes,Road Bikes,"Road-550-W Yellow, 42",3,713,1120,683,2139,2822
70317,2011-01-14,14,January,2011,40,Adults (35-64),M,United States,Washington,Bikes,Road Bikes,"Road-650 Black, 48",1,487,783,124,487,611
68829,2011-01-14,14,January,2011,47,Adults (35-64),M,Australia,New South Wales,Bikes,Road Bikes,"Road-750 Black, 58",4,344,540,503,1376,1879
50119,2011-01-14,14,January,2011,29,Young Adults (25-34),F,Australia,New South Wales,Bikes,Mountain Bikes,"Mountain-200 Silver, 38",1,1266,2320,752,1266,2018
57275,2011-01-14,14,January,2011,34,Young Adults (25-34),F,United States,Washington,Bikes,Mountain Bikes,"Mountain-100 Silver, 44",3,1912,3400,2220,5736,7956
69981,2011-01-14,14,January,2011,31,Young Adults (25-34),F,United Kingdom,England,Bikes,Road Bikes,"Road-750 Black, 52",1,344,540,174,344,518
63321,2011-01-14,14,January,2011,22,Youth (<25),F,Australia,Victoria,Bikes,Road Bikes,"Road-250 Black, 48",2,1555,2443,750,3110,3860
62371,2011-01-15,15,January,2011,19,Youth (<25),M,Australia,New South Wales,Bikes,Road Bikes,"Road-550-W Yellow, 42",1,713,1120,261,713,974
49783,2011-01-15,15,January,2011,24,Youth (<25),M,Australia,Tasmania,Bikes,Mountain Bikes,"Mountain-200 Black, 46",3,1252,2295,1821,3756,5577
52375,2011-01-15,15,January,2011,35,Adults (35-64),F,France,Essonne,Bikes,Mountain Bikes,"Mountain-200 Silver, 42",1,1266,2320,961,1266,2227
60103,2011-01-15,15,January,2011,19,Youth (<25),F,United Kingdom,England,Bikes,Road Bikes,"Road-150 Red, 62",2,2171,3578,2528,4342,6870
52853,2011-01-15,15,January,2011,28,Young Adults (25-34),M,United Kingdom,England,Bikes,Mountain Bikes,"Mountain-200 Black, 38",1,1252,2295,951,1252,2203
67183,2011-01-15,15,January,2011,34,Young Adults (25-34),M,Australia,New South Wales,Bikes,Road Bikes,"Road-350-W Yellow, 48",1,1083,1701,397,1083,1480
57273,2011-01-15,15,January,2011,72,Seniors (64+),F,United States,California,Bikes,Mountain Bikes,"Mountain-100 Black, 48",4,1898,3375,5638,7592,13230
50783,2011-01-16,16,January,2011,27,Young Adults (25-34),F,Australia,New South Wales,Bikes,Mountain Bikes,"Mountain-200 Silver, 46",1,1266,2320,752,1266,2018
61507,2011-01-16,16,January,2011,57,Adults (35-64),M,Australia,New South Wales,Bikes,Road Bikes,"Road-250 Black, 58",1,1555,2443,570,1555,2125
67069,2011-01-16,16,January,2011,37,Adults (35-64),M,Canada,British Columbia,Bikes,Road Bikes,"Road-750 Black, 44",1,344,540,191,344,535
52097,2011-01-16,16,January,2011,25,Young Adults (25-34),F,Australia,New South Wales,Bikes,Mountain Bikes,"Mountain-200 Silver, 46",1,1266,2320,752,1266,2018
62799,2011-01-16,16,January,2011,34,Young Adults (25-34),F,Australia,New South Wales,Bikes,Road Bikes,"Road-250 Black, 44",1,1555,2443,570,1555,2125
67731,2011-01-16,16,January,2011,28,Young Adults (25-34),M,Australia,New South Wales,Bikes,Road Bikes,"Road-350-W Yellow, 42",1,1083,1701,397,1083,1480
63293,2011-01-16,16,January,2011,22,Youth (<25),M,Australia,Victoria,Bikes,Road Bikes,"Road-650 Black, 44",1,487,783,132,487,619
65697,2011-01-17,17,January,2011,46,Adults (35-64),M,Australia,New South Wales,Bikes,Road Bikes,"Road-750 Black, 48",1,344,540,126,344,470
52965,2011-01-17,17,January,2011,24,Youth (<25),F,Australia,New South Wales,Bikes,Mountain Bikes,"Mountain-200 Black, 46",3,1252,2295,2234,3756,5990
71401,2011-01-17,17,January,2011,34,Young Adults (25-34),M,United States,California,Bikes,Road Bikes,"Road-150 Red, 56",1,2171,3578,1335,2171,3506
71269,2011-01-17,17,January,2011,30,Young Adults (25-34),M,United States,California,Bikes,Road Bikes,"Road-150 Red, 48",4,2171,3578,5342,8684,14026
71479,2011-01-17,17,January,2011,44,Adults (35-64),F,United States,California,Bikes,Road Bikes,"Road-150 Red, 62",4,2171,3578,5342,8684,14026
60905,2011-01-17,17,January,2011,32,Young Adults (25-34),F,France,Seine Saint Denis,Bikes,Road Bikes,"Road-250 Black, 58",4,1555,2443,1793,6220,8013
64905,2011-01-17,17,January,2011,42,Adults (35-64),F,United States,Washington,Bikes,Road Bikes,"Road-750 Black, 48",1,344,540,77,344,421
49761,2011-01-17,17,January,2011,23,Youth (<25),M,Australia,New South Wales,Bikes,Mountain Bikes,"Mountain-200 Silver, 38",3,1266,2320,2257,3798,6055
64379,2011-01-18,18,January,2011,18,Youth (<25),M,Australia,Victoria,Bikes,Road Bikes,"Road-750 Black, 52",1,344,540,83,344,427
66499,2011-01-18,18,January,2011,54,Adults (35-64),F,United Kingdom,England,Bikes,Road Bikes,"Road-750 Black, 52",3,344,540,523,1032,1555
63103,2011-01-18,18,January,2011,54,Adults (35-64),F,Australia,New South Wales,Bikes,Road Bikes,"Road-350-W Yellow, 40",1,1083,1701,397,1083,1480
62373,2011-01-18,18,January,2011,19,Youth (<25),M,Australia,New South Wales,Bikes,Road Bikes,"Road-550-W Yellow, 42",4,713,1120,1046,2852,3898
69065,2011-01-18,18,January,2011,32,Young Adults (25-34),M,United Kingdom,England,Bikes,Road Bikes,"Road-550-W Yellow, 38",1,713,1120,362,713,1075
65287,2011-01-18,18,January,2011,29,Young Adults (25-34),M,United Kingdom,England,Bikes,Road Bikes,"Road-350-W Yellow, 48",1,1083,1701,550,1083,1633
71243,2011-01-19,19,January,2011,35,Adults (35-64),F,United States,Washington,Bikes,Road Bikes,"Road-150 Red, 56",1,2171,3578,620,2171,2791
64441,2011-01-19,19,January,2011,39,Adults (35-64),F,United States,Oregon,Bikes,Road Bikes,"Road-550-W Yellow, 48",3,713,1120,751,2139,2890
62431,2011-01-19,19,January,2011,36,Adults (35-64),F,United Kingdom,England,Bikes,Road Bikes,"Road-350-W Yellow, 48",2,1083,1701,1100,2166,3266
62005,2011-01-19,19,January,2011,26,Young Adults (25-34),F,United Kingdom,England,Bikes,Road Bikes,"Road-350-W Yellow, 44",1,1083,1701,550,1083,1633
62283,2011-01-19,19,January,2011,21,Youth (<25),M,United Kingdom,England,Bikes,Road Bikes,"Road-550-W Yellow, 44",3,713,1120,1087,2139,3226
63135,2011-01-19,19,January,2011,41,Adults (35-64),F,Australia,Queensland,Bikes,Road Bikes,"Road-250 Red, 58",1,1555,2443,497,1555,2052
63125,2011-01-20,20,January,2011,46,Adults (35-64),M,Australia,Victoria,Bikes,Road Bikes,"Road-750 Black, 44",1,344,540,83,344,427
68867,2011-01-20,20,January,2011,42,Adults (35-64),M,Australia,South Australia,Bikes,Road Bikes,"Road-550-W Yellow, 40",1,713,1120,205,713,918
69813,2011-01-20,20,January,2011,38,Adults (35-64),F,Canada,British Columbia,Bikes,Road Bikes,"Road-250 Black, 48",1,1555,2443,864,1555,2419
68899,2011-01-20,20,January,2011,36,Adults (35-64),F,Australia,Victoria,Bikes,Road Bikes,"Road-550-W Yellow, 48",1,713,1120,172,713,885
67613,2011-01-20,20,January,2011,33,Young Adults (25-34),F,United States,California,Bikes,Road Bikes,"Road-750 Black, 44",4,344,540,741,1376,2117
60027,2011-01-20,20,January,2011,23,Youth (<25),F,United Kingdom,England,Bikes,Road Bikes,"Road-150 Red, 56",1,2171,3578,1264,2171,3435
68391,2011-01-21,21,January,2011,38,Adults (35-64),M,United States,California,Bikes,Road Bikes,"Road-150 Red, 52",1,2171,3578,1335,2171,3506
49795,2011-01-21,21,January,2011,25,Young Adults (25-34),M,Australia,Victoria,Bikes,Mountain Bikes,"Mountain-200 Silver, 42",1,1266,2320,567,1266,1833
60317,2011-01-21,21,January,2011,36,Adults (35-64),F,United States,California,Bikes,Road Bikes,"Road-650 Red, 62",1,487,783,280,487,767
60029,2011-01-21,21,January,2011,23,Youth (<25),F,United Kingdom,England,Bikes,Road Bikes,"Road-150 Red, 56",2,2171,3578,2528,4342,6870
63335,2011-01-21,21,January,2011,24,Youth (<25),M,Australia,Victoria,Bikes,Road Bikes,"Road-250 Black, 44",1,1555,2443,375,1555,1930
64027,2011-01-21,21,January,2011,45,Adults (35-64),F,Australia,Queensland,Bikes,Road Bikes,"Road-750 Black, 48",1,344,540,110,344,454
58141,2011-01-21,21,January,2011,38,Adults (35-64),F,Germany,Hamburg,Bikes,Mountain Bikes,"Mountain-100 Silver, 38",4,1912,3400,5000,7648,12648
69711,2011-01-22,22,January,2011,37,Adults (35-64),M,Australia,Victoria,Bikes,Road Bikes,"Road-550-W Yellow, 48",3,713,1120,515,2139,2654
64283,2011-01-22,22,January,2011,34,Young Adults (25-34),F,United States,California,Bikes,Road Bikes,"Road-250 Black, 52",2,1555,2443,1678,3110,4788
50411,2011-01-22,22,January,2011,46,Adults (35-64),M,Canada,British Columbia,Bikes,Mountain Bikes,"Mountain-200 Black, 46",3,1252,2295,3060,3756,6816
58717,2011-01-22,22,January,2011,31,Young Adults (25-34),F,France,Val d'Oise,Bikes,Road Bikes,"Road-150 Red, 56",3,2171,3578,1967,6513,8480
55483,2011-01-22,22,January,2011,26,Young Adults (25-34),M,Australia,Victoria,Bikes,Mountain Bikes,"Mountain-400-W Silver, 46",1,420,769,188,420,608
60463,2011-01-22,22,January,2011,30,Young Adults (25-34),F,United States,California,Bikes,Road Bikes,"Road-650 Black, 58",1,487,783,280,487,767
70787,2011-01-22,22,January,2011,30,Young Adults (25-34),F,Australia,Victoria,Bikes,Road Bikes,"Road-750 Black, 44",1,344,540,83,344,427
61037,2011-01-22,22,January,2011,40,Adults (35-64),F,United States,California,Bikes,Road Bikes,"Road-250 Black, 58",1,1555,2443,839,1555,2394
57985,2011-01-22,22,January,2011,35,Adults (35-64),F,France,Seine Saint Denis,Bikes,Mountain Bikes,"Mountain-100 Silver, 38",1,1912,3400,876,1912,2788
71453,2011-01-23,23,January,2011,62,Adults (35-64),M,United States,California,Bikes,Road Bikes,"Road-150 Red, 56",1,2171,3578,1335,2171,3506
59269,2011-01-23,23,January,2011,41,Adults (35-64),F,United States,Washington,Bikes,Road Bikes,"Road-250 Black, 52",4,1555,2443,1402,6220,7622
61121,2011-01-23,23,January,2011,30,Young Adults (25-34),M,France,Seine Saint Denis,Bikes,Road Bikes,"Road-250 Black, 48",3,1555,2443,1345,4665,6010
57277,2011-01-24,24,January,2011,34,Young Adults (25-34),F,United States,Washington,Bikes,Mountain Bikes,"Mountain-100 Silver, 44",1,1912,3400,740,1912,2652
66311,2011-01-24,24,January,2011,42,Adults (35-64),F,Australia,Victoria,Bikes,Road Bikes,"Road-750 Black, 48",1,344,540,83,344,427
62801,2011-01-24,24,January,2011,34,Young Adults (25-34),F,Australia,New South Wales,Bikes,Road Bikes,"Road-250 Black, 44",3,1555,2443,1711,4665,6376
59271,2011-01-24,24,January,2011,41,Adults (35-64),F,United States,Washington,Bikes,Road Bikes,"Road-250 Black, 52",4,1555,2443,1402,6220,7622
69815,2011-01-24,24,January,2011,38,Adults (35-64),F,Canada,British Columbia,Bikes,Road Bikes,"Road-250 Black, 48",4,1555,2443,3454,6220,9674
70799,2011-01-24,24,January,2011,35,Adults (35-64),M,United States,Washington,Bikes,Road Bikes,"Road-150 Red, 48",2,2171,3578,1240,4342,5582
69645,2011-01-24,24,January,2011,39,Adults (35-64),F,Canada,British Columbia,Bikes,Road Bikes,"Road-250 Red, 58",1,1555,2443,864,1555,2419
61961,2011-01-24,24,January,2011,31,Young Adults (25-34),F,United States,Washington,Bikes,Road Bikes,"Road-350-W Yellow, 42",4,1083,1701,975,4332,5307
59877,2011-01-25,25,January,2011,31,Young Adults (25-34),M,United States,Washington,Bikes,Road Bikes,"Road-650 Black, 48",1,487,783,124,487,611
62037,2011-01-25,25,January,2011,39,Adults (35-64),M,United States,California,Bikes,Road Bikes,"Road-350-W Yellow, 42",2,1083,1701,1168,2166,3334
68393,2011-01-25,25,January,2011,38,Adults (35-64),M,United States,California,Bikes,Road Bikes,"Road-150 Red, 52",1,2171,3578,1335,2171,3506
62863,2011-01-25,25,January,2011,55,Adults (35-64),M,Australia,Queensland,Bikes,Road Bikes,"Road-550-W Yellow, 40",1,713,1120,228,713,941
66203,2011-01-26,26,January,2011,38,Adults (35-64),F,Australia,Victoria,Bikes,Road Bikes,"Road-250 Red, 58",1,1555,2443,375,1555,1930
70801,2011-01-26,26,January,2011,35,Adults (35-64),M,United States,Washington,Bikes,Road Bikes,"Road-150 Red, 48",4,2171,3578,2479,8684,11163
60965,2011-01-26,26,January,2011,43,Adults (35-64),F,Australia,Queensland,Bikes,Road Bikes,"Road-150 Red, 62",3,2171,3578,2504,6513,9017
52747,2011-01-26,26,January,2011,34,Young Adults (25-34),M,Australia,Queensland,Bikes,Mountain Bikes,"Mountain-200 Black, 46",3,1252,2295,2027,3756,5783
52813,2011-01-26,26,January,2011,38,Adults (35-64),F,United Kingdom,England,Bikes,Mountain Bikes,"Mountain-400-W Silver, 38",1,420,769,318,420,738
70821,2011-01-27,27,January,2011,36,Adults (35-64),F,United States,Washington,Bikes,Road Bikes,"Road-150 Red, 62",1,2171,3578,620,2171,2791
52099,2011-01-27,27,January,2011,25,Young Adults (25-34),F,Australia,New South Wales,Bikes,Mountain Bikes,"Mountain-200 Silver, 46",4,1266,2320,3010,5064,8074
62553,2011-01-27,27,January,2011,32,Young Adults (25-34),F,France,Seine et Marne,Bikes,Road Bikes,"Road-350-W Yellow, 44",1,1083,1701,312,1083,1395
63089,2011-01-27,27,January,2011,38,Adults (35-64),M,Australia,Victoria,Bikes,Road Bikes,"Road-250 Black, 48",3,1555,2443,1125,4665,5790
67845,2011-01-27,27,January,2011,38,Adults (35-64),M,Australia,New South Wales,Bikes,Road Bikes,"Road-550-W Yellow, 42",3,713,1120,784,2139,2923
70331,2011-01-28,28,January,2011,41,Adults (35-64),M,United States,Washington,Bikes,Road Bikes,"Road-650 Black, 58",1,487,783,124,487,611
50121,2011-01-28,28,January,2011,29,Young Adults (25-34),F,Australia,New South Wales,Bikes,Mountain Bikes,"Mountain-200 Silver, 38",1,1266,2320,752,1266,2018
61039,2011-01-28,28,January,2011,40,Adults (35-64),F,United States,California,Bikes,Road Bikes,"Road-250 Black, 58",3,1555,2443,2517,4665,7182
62359,2011-01-28,28,January,2011,19,Youth (<25),F,Australia,New South Wales,Bikes,Road Bikes,"Road-550-W Yellow, 42",4,713,1120,1046,2852,3898
60661,2011-01-28,28,January,2011,30,Young Adults (25-34),F,United States,Washington,Bikes,Road Bikes,"Road-650 Red, 58",1,487,783,124,487,611
62455,2011-01-28,28,January,2011,38,Adults (35-64),M,Germany,Hessen,Bikes,Road Bikes,"Road-250 Red, 48",4,1519,2443,3012,6076,9088
49763,2011-01-29,29,January,2011,23,Youth (<25),M,Australia,New South Wales,Bikes,Mountain Bikes,"Mountain-200 Silver, 38",4,1266,2320,3010,5064,8074
68429,2011-01-29,29,January,2011,28,Young Adults (25-34),M,Australia,Victoria,Bikes,Road Bikes,"Road-350-W Yellow, 42",2,1083,1701,522,2166,2688
62375,2011-01-29,29,January,2011,19,Youth (<25),M,Australia,New South Wales,Bikes,Road Bikes,"Road-550-W Yellow, 42",2,713,1120,523,1426,1949
61897,2011-01-29,29,January,2011,42,Adults (35-64),F,Australia,New South Wales,Bikes,Road Bikes,"Road-150 Red, 62",1,2171,3578,942,2171,3113
70759,2011-01-30,30,January,2011,39,Adults (35-64),F,United States,California,Bikes,Road Bikes,"Road-150 Red, 48",2,2171,3578,2671,4342,7013
64285,2011-01-30,30,January,2011,34,Young Adults (25-34),F,United States,California,Bikes,Road Bikes,"Road-250 Black, 52",1,1555,2443,839,1555,2394
67045,2011-01-30,30,January,2011,36,Adults (35-64),M,Canada,British Columbia,Bikes,Road Bikes,"Road-750 Black, 44",1,344,540,191,344,535
59069,2011-01-30,30,January,2011,39,Adults (35-64),M,Germany,Nordrhein-Westfalen,Bikes,Road Bikes,"Road-150 Red, 56",1,2171,3578,942,2171,3113
63071,2011-01-30,30,January,2011,32,Young Adults (25-34),F,Australia,Queensland,Bikes,Road Bikes,"Road-250 Red, 58",1,1555,2443,497,1555,2052
64907,2011-01-30,30,January,2011,42,Adults (35-64),F,United States,Washington,Bikes,Road Bikes,"Road-750 Black, 48",3,344,540,232,1032,1264
64381,2011-01-30,30,January,2011,18,Youth (<25),M,Australia,Victoria,Bikes,Road Bikes,"Road-750 Black, 52",1,344,540,83,344,427
67681,2011-01-30,30,January,2011,36,Adults (35-64),M,United States,California,Bikes,Road Bikes,"Road-350-W Yellow, 42",1,1083,1701,584,1083,1667
63737,2011-01-30,30,January,2011,27,Young Adults (25-34),F,Germany,Bayern,Bikes,Road Bikes,"Road-550-W Yellow, 42",1,713,1120,396,713,1109
65289,2011-01-30,30,January,2011,29,Young Adults (25-34),M,United Kingdom,England,Bikes,Road Bikes,"Road-350-W Yellow, 48",2,1083,1701,1100,2166,3266
70333,2011-01-31,31,January,2011,41,Adults (35-64),M,United States,Washington,Bikes,Road Bikes,"Road-650 Black, 58",1,487,783,124,487,611
63715,2011-01-31,31,January,2011,39,Adults (35-64),M,United States,Washington,Bikes,Road Bikes,"Road-550-W Yellow, 38",2,713,1120,321,1426,1747
71267,2011-01-31,31,January,2011,36,Adults (35-64),M,United States,Oregon,Bikes,Road Bikes,"Road-250 Red, 44",4,1519,2443,2328,6076,8404
61931,2011-01-31,31,January,2011,23,Youth (<25),F,United States,Washington,Bikes,Road Bikes,"Road-150 Red, 48",1,2171,3578,620,2171,2791
49799,2011-01-31,31,January,2011,25,Young Adults (25-34),M,Australia,New South Wales,Bikes,Mountain Bikes,"Mountain-200 Black, 38",1,1252,2295,745,1252,1997
51173,2011-01-31,31,January,2011,23,Youth (<25),F,Australia,Victoria,Bikes,Mountain Bikes,"Mountain-200 Silver, 42",4,1266,2320,2267,5064,7331
71465,2011-01-31,31,January,2011,61,Adults (35-64),F,United States,California,Bikes,Road Bikes,"Road-150 Red, 52",4,2171,3578,5342,8684,14026
66387,2011-02-01,1,February,2011,25,Young Adults (25-34),M,Canada,British Columbia,Bikes,Road Bikes,"Road-150 Red, 44",1,2171,3578,1371,2171,3542
60835,2011-02-01,1,February,2011,44,Adults (35-64),M,United States,California,Bikes,Road Bikes,"Road-750 Black, 48",1,344,540,185,344,529
63899,2011-02-01,1,February,2011,34,Young Adults (25-34),M,Australia,Queensland,Bikes,Road Bikes,"Road-250 Black, 58",2,1555,2443,994,3110,4104
62433,2011-02-01,1,February,2011,36,Adults (35-64),F,United Kingdom,England,Bikes,Road Bikes,"Road-350-W Yellow, 48",1,1083,1701,550,1083,1633
63017,2011-02-01,1,February,2011,29,Young Adults (25-34),F,Australia,New South Wales,Bikes,Road Bikes,"Road-250 Black, 44",3,1555,2443,1711,4665,6376
67131,2011-02-01,1,February,2011,28,Young Adults (25-34),F,Australia,New South Wales,Bikes,Road Bikes,"Road-250 Black, 52",3,1555,2443,1711,4665,6376
66523,2011-02-02,2,February,2011,28,Young Adults (25-34),F,United Kingdom,England,Bikes,Road Bikes,"Road-750 Black, 48",4,344,540,698,1376,2074
71133,2011-02-02,2,February,2011,38,Adults (35-64),M,Canada,British Columbia,Bikes,Road Bikes,"Road-150 Red, 62",1,2171,3578,1371,2171,3542
63985,2011-02-02,2,February,2011,42,Adults (35-64),M,Canada,British Columbia,Bikes,Road Bikes,"Road-550-W Yellow, 42",1,713,1120,396,713,1109
65107,2011-02-02,2,February,2011,28,Young Adults (25-34),M,Germany,Nordrhein-Westfalen,Bikes,Road Bikes,"Road-350-W Yellow, 48",3,1083,1701,1191,3249,4440
69417,2011-02-02,2,February,2011,25,Young Adults (25-34),M,Australia,Victoria,Bikes,Road Bikes,"Road-550-W Yellow, 38",1,713,1120,172,713,885
58735,2011-02-02,2,February,2011,21,Youth (<25),M,France,Yveline,Bikes,Road Bikes,"Road-750 Black, 52",1,344,540,66,344,410
57987,2011-02-03,3,February,2011,22,Youth (<25),M,France,Hauts de Seine,Bikes,Mountain Bikes,"Mountain-100 Silver, 38",2,1912,3400,2500,3824,6324
60055,2011-02-03,3,February,2011,43,Adults (35-64),F,Canada,British Columbia,Bikes,Road Bikes,"Road-550-W Yellow, 42",2,713,1120,792,1426,2218
62377,2011-02-03,3,February,2011,19,Youth (<25),M,Australia,New South Wales,Bikes,Road Bikes,"Road-550-W Yellow, 42",2,713,1120,523,1426,1949
70499,2011-02-03,3,February,2011,49,Adults (35-64),M,Canada,British Columbia,Bikes,Road Bikes,"Road-150 Red, 44",1,2171,3578,1371,2171,3542
65837,2011-02-03,3,February,2011,27,Young Adults (25-34),F,Canada,British Columbia,Bikes,Road Bikes,"Road-550-W Yellow, 48",4,713,1120,1583,2852,4435
67795,2011-02-03,3,February,2011,46,Adults (35-64),M,United States,California,Bikes,Road Bikes,"Road-150 Red, 52",2,2171,3578,2671,4342,7013
63861,2011-02-03,3,February,2011,29,Young Adults (25-34),F,Australia,Victoria,Bikes,Road Bikes,"Road-350-W Yellow, 44",1,1083,1701,261,1083,1344
59901,2011-02-04,4,February,2011,44,Adults (35-64),F,United States,Washington,Bikes,Road Bikes,"Road-350-W Yellow, 44",3,1083,1701,731,3249,3980
59593,2011-02-04,4,February,2011,28,Young Adults (25-34),M,United Kingdom,England,Bikes,Road Bikes,"Road-150 Red, 44",2,2171,3578,2528,4342,6870
63451,2011-02-04,4,February,2011,18,Youth (<25),M,Australia,South Australia,Bikes,Road Bikes,"Road-750 Black, 58",1,344,540,99,344,443
59653,2011-02-04,4,February,2011,28,Young Adults (25-34),F,Germany,Brandenburg,Bikes,Road Bikes,"Road-750 Black, 48",2,344,540,381,688,1069
64717,2011-02-04,4,February,2011,42,Adults (35-64),M,United Kingdom,England,Bikes,Road Bikes,"Road-650 Red, 58",4,487,783,1059,1948,3007
62407,2011-02-04,4,February,2011,20,Youth (<25),F,Australia,Victoria,Bikes,Road Bikes,"Road-550-W Yellow, 44",1,713,1120,172,713,885
59965,2011-02-04,4,February,2011,32,Young Adults (25-34),M,France,Seine (Paris),Bikes,Road Bikes,"Road-150 Red, 48",1,2171,3578,763,2171,2934
50053,2011-02-05,5,February,2011,30,Young Adults (25-34),M,Australia,Tasmania,Bikes,Mountain Bikes,"Mountain-200 Black, 38",4,1252,2295,2428,5008,7436
66389,2011-02-05,5,February,2011,25,Young Adults (25-34),M,Canada,British Columbia,Bikes,Road Bikes,"Road-150 Red, 44",1,2171,3578,1371,2171,3542
52843,2011-02-05,5,February,2011,27,Young Adults (25-34),M,France,Essonne,Bikes,Mountain Bikes,"Mountain-200 Black, 42",2,1252,2295,1902,2504,4406
67185,2011-02-05,5,February,2011,34,Young Adults (25-34),M,Australia,New South Wales,Bikes,Road Bikes,"Road-350-W Yellow, 48",4,1083,1701,1587,4332,5919
62113,2011-02-05,5,February,2011,37,Adults (35-64),F,United Kingdom,England,Bikes,Road Bikes,"Road-350-W Yellow, 48",1,1083,1701,550,1083,1633
57307,2011-02-05,5,February,2011,36,Adults (35-64),M,United States,Oregon,Bikes,Mountain Bikes,"Mountain-100 Black, 44",3,1898,3375,3014,5694,8708
71549,2011-02-06,6,February,2011,19,Youth (<25),M,Canada,British Columbia,Bikes,Road Bikes,"Road-150 Red, 56",2,2171,3578,2742,4342,7084
57017,2011-02-06,6,February,2011,26,Young Adults (25-34),M,Canada,British Columbia,Bikes,Mountain Bikes,"Mountain-200 Black, 42",1,1252,2295,1020,1252,2272
70837,2011-02-06,6,February,2011,32,Young Adults (25-34),F,Canada,British Columbia,Bikes,Road Bikes,"Road-150 Red, 52",3,2171,3578,4114,6513,10627
67339,2011-02-06,6,February,2011,44,Adults (35-64),M,United States,Oregon,Bikes,Road Bikes,"Road-750 Black, 52",1,344,540,120,344,464
63887,2011-02-06,6,February,2011,32,Young Adults (25-34),M,Australia,Queensland,Bikes,Road Bikes,"Road-350-W Yellow, 42",1,1083,1701,346,1083,1429
66525,2011-02-06,6,February,2011,28,Young Adults (25-34),F,United Kingdom,England,Bikes,Road Bikes,"Road-750 Black, 48",1,344,540,174,344,518
63403,2011-02-06,6,February,2011,44,Adults (35-64),F,United States,Oregon,Bikes,Road Bikes,"Road-750 Black, 44",1,344,540,120,344,464
70695,2011-02-06,6,February,2011,30,Young Adults (25-34),F,Canada,British Columbia,Bikes,Road Bikes,"Road-150 Red, 56",1,2171,3578,1371,2171,3542
59491,2011-02-06,6,February,2011,22,Youth (<25),F,United States,Washington,Bikes,Road Bikes,"Road-550-W Yellow, 40",3,713,1120,482,2139,2621
62557,2011-02-06,6,February,2011,32,Young Adults (25-34),M,France,Loiret,Bikes,Road Bikes,"Road-350-W Yellow, 48",1,1083,1701,431,1083,1514
58169,2011-02-07,7,February,2011,46,Adults (35-64),F,United States,Washington,Bikes,Road Bikes,"Road-150 Red, 62",2,2171,3578,1240,4342,5582
64933,2011-02-07,7,February,2011,40,Adults (35-64),M,United States,California,Bikes,Road Bikes,"Road-550-W Yellow, 42",4,713,1120,1538,2852,4390
68471,2011-02-07,7,February,2011,29,Young Adults (25-34),M,Australia,Victoria,Bikes,Road Bikes,"Road-550-W Yellow, 42",3,713,1120,515,2139,2654
62689,2011-02-07,7,February,2011,27,Young Adults (25-34),M,Australia,New South Wales,Bikes,Road Bikes,"Road-250 Black, 52",1,1555,2443,570,1555,2125
54219,2011-02-07,7,February,2011,30,Young Adults (25-34),M,Australia,New South Wales,Bikes,Mountain Bikes,"Mountain-400-W Silver, 38",2,420,769,498,840,1338
57279,2011-02-07,7,February,2011,34,Young Adults (25-34),F,United States,Washington,Bikes,Mountain Bikes,"Mountain-100 Silver, 44",1,1912,3400,740,1912,2652
59663,2011-02-08,8,February,2011,53,Adults (35-64),F,Germany,Bayern,Bikes,Road Bikes,"Road-250 Red, 52",4,1519,2443,3598,6076,9674
62771,2011-02-08,8,February,2011,34,Young Adults (25-34),F,Australia,Queensland,Bikes,Road Bikes,"Road-250 Red, 58",1,1555,2443,497,1555,2052
51009,2011-02-08,8,February,2011,22,Youth (<25),F,United Kingdom,England,Bikes,Mountain Bikes,"Mountain-200 Silver, 46",2,1266,2320,1922,2532,4454
60273,2011-02-08,8,February,2011,32,Young Adults (25-34),F,United States,California,Bikes,Road Bikes,"Road-650 Red, 62",3,487,783,841,1461,2302
59545,2011-02-09,9,February,2011,38,Adults (35-64),F,United Kingdom,England,Bikes,Road Bikes,"Road-250 Red, 44",1,1519,2443,826,1519,2345
65479,2011-02-09,9,February,2011,35,Adults (35-64),F,Australia,New South Wales,Bikes,Road Bikes,"Road-350-W Yellow, 48",4,1083,1701,1587,4332,5919
63475,2011-02-09,9,February,2011,37,Adults (35-64),M,United Kingdom,England,Bikes,Road Bikes,"Road-350-W Yellow, 40",3,1083,1701,1650,3249,4899
67453,2011-02-10,10,February,2011,33,Young Adults (25-34),M,Canada,British Columbia,Bikes,Road Bikes,"Road-750 Black, 44",2,344,540,381,688,1069
59001,2011-02-10,10,February,2011,47,Adults (35-64),F,United States,Oregon,Bikes,Road Bikes,"Road-250 Black, 58",1,1555,2443,546,1555,2101
63901,2011-02-10,10,February,2011,34,Young Adults (25-34),M,Australia,Queensland,Bikes,Road Bikes,"Road-250 Black, 58",2,1555,2443,994,3110,4104
71095,2011-02-10,10,February,2011,28,Young Adults (25-34),M,Germany,Hessen,Bikes,Road Bikes,"Road-550-W Yellow, 38",1,713,1120,329,713,1042
66075,2011-02-10,10,February,2011,48,Adults (35-64),M,United States,California,Bikes,Road Bikes,"Road-550-W Yellow, 44",3,713,1120,1154,2139,3293
56169,2011-02-10,10,February,2011,35,Adults (35-64),M,United States,California,Bikes,Mountain Bikes,"Mountain-200 Silver, 42",1,1266,2320,1008,1266,2274
61277,2011-02-10,10,February,2011,38,Adults (35-64),M,United Kingdom,England,Bikes,Road Bikes,"Road-250 Black, 52",4,1555,2443,3161,6220,9381
71519,2011-02-10,10,February,2011,17,Youth (<25),F,United States,California,Bikes,Road Bikes,"Road-750 Black, 52",1,344,540,185,344,529
56841,2011-02-10,10,February,2011,43,Adults (35-64),F,United Kingdom,England,Bikes,Mountain Bikes,"Mountain-200 Black, 42",2,1252,2295,1902,2504,4406
68877,2011-02-10,10,February,2011,24,Youth (<25),F,Canada,British Columbia,Bikes,Road Bikes,"Road-250 Black, 48",4,1555,2443,3454,6220,9674
67535,2011-02-11,11,February,2011,40,Adults (35-64),F,Canada,British Columbia,Bikes,Road Bikes,"Road-750 Black, 52",1,344,540,191,344,535
69629,2011-02-11,11,February,2011,35,Adults (35-64),F,Canada,British Columbia,Bikes,Road Bikes,"Road-750 Black, 52",2,344,540,381,688,1069
62589,2011-02-11,11,February,2011,22,Youth (<25),F,France,Yveline,Bikes,Road Bikes,"Road-250 Black, 48",1,1555,2443,302,1555,1857
70595,2011-02-11,11,February,2011,19,Youth (<25),F,Canada,British Columbia,Bikes,Road Bikes,"Road-150 Red, 62",3,2171,3578,4114,6513,10627
63879,2011-02-11,11,February,2011,31,Young Adults (25-34),F,Australia,Tasmania,Bikes,Road Bikes,"Road-250 Red, 58",3,1555,2443,1271,4665,5936
69329,2011-02-11,11,February,2011,17,Youth (<25),M,Australia,Victoria,Bikes,Road Bikes,"Road-750 Black, 48",4,344,540,330,1376,1706
68431,2011-02-11,11,February,2011,28,Young Adults (25-34),M,Australia,Victoria,Bikes,Road Bikes,"Road-350-W Yellow, 42",1,1083,1701,261,1083,1344
69647,2011-02-11,11,February,2011,39,Adults (35-64),F,Canada,British Columbia,Bikes,Road Bikes,"Road-250 Red, 58",1,1555,2443,864,1555,2419
70481,2011-02-11,11,February,2011,52,Adults (35-64),F,United States,California,Bikes,Road Bikes,"Road-150 Red, 56",2,2171,3578,2671,4342,7013
69177,2011-02-11,11,February,2011,37,Adults (35-64),M,Germany,Bayern,Bikes,Road Bikes,"Road-550-W Yellow, 40",4,713,1120,1583,2852,4435
70745,2011-02-11,11,February,2011,39,Adults (35-64),M,Canada,British Columbia,Bikes,Road Bikes,"Road-150 Red, 52",4,2171,3578,5485,8684,14169
62691,2011-02-11,11,February,2011,27,Young Adults (25-34),M,Australia,New South Wales,Bikes,Road Bikes,"Road-250 Black, 52",4,1555,2443,2282,6220,8502
64423,2011-02-12,12,February,2011,36,Adults (35-64),F,Canada,British Columbia,Bikes,Road Bikes,"Road-550-W Yellow, 42",1,713,1120,396,713,1109
70747,2011-02-12,12,February,2011,39,Adults (35-64),M,Canada,British Columbia,Bikes,Road Bikes,"Road-150 Red, 52",1,2171,3578,1371,2171,3542
56939,2011-02-12,12,February,2011,29,Young Adults (25-34),F,Canada,British Columbia,Bikes,Mountain Bikes,"Mountain-200 Black, 38",3,1252,2295,3060,3756,6816
58145,2011-02-13,13,February,2011,37,Adults (35-64),M,Germany,Bayern,Bikes,Mountain Bikes,"Mountain-200 Black, 38",2,1252,2295,2040,2504,4544
68637,2011-02-13,13,February,2011,53,Adults (35-64),M,Canada,British Columbia,Bikes,Road Bikes,"Road-550-W Yellow, 48",1,713,1120,396,713,1109
50711,2011-02-13,13,February,2011,43,Adults (35-64),M,United Kingdom,England,Bikes,Mountain Bikes,"Mountain-200 Silver, 42",2,1266,2320,1922,2532,4454
70697,2011-02-13,13,February,2011,30,Young Adults (25-34),F,Canada,British Columbia,Bikes,Road Bikes,"Road-150 Red, 56",1,2171,3578,1371,2171,3542
58875,2011-02-13,13,February,2011,23,Youth (<25),M,Canada,British Columbia,Bikes,Road Bikes,"Road-250 Black, 44",4,1555,2443,3454,6220,9674
63761,2011-02-13,13,February,2011,28,Young Adults (25-34),F,Germany,Hessen,Bikes,Road Bikes,"Road-250 Black, 44",4,1555,2443,2868,6220,9088
59547,2011-02-13,13,February,2011,38,Adults (35-64),F,United Kingdom,England,Bikes,Road Bikes,"Road-250 Red, 44",2,1519,2443,1653,3038,4691
67047,2011-02-14,14,February,2011,36,Adults (35-64),M,Canada,British Columbia,Bikes,Road Bikes,"Road-750 Black, 44",4,344,540,762,1376,2138
58741,2011-02-14,14,February,2011,41,Adults (35-64),M,France,Essonne,Bikes,Road Bikes,"Road-150 Red, 44",4,2171,3578,5056,8684,13740
64147,2011-02-14,14,February,2011,42,Adults (35-64),F,United Kingdom,England,Bikes,Road Bikes,"Road-650 Black, 62",3,487,783,794,1461,2255
63337,2011-02-14,14,February,2011,24,Youth (<25),M,Australia,Victoria,Bikes,Road Bikes,"Road-250 Black, 44",1,1555,2443,375,1555,1930
61537,2011-02-14,14,February,2011,24,Youth (<25),M,Canada,British Columbia,Bikes,Road Bikes,"Road-350-W Yellow, 48",3,1083,1701,1803,3249,5052
71537,2011-02-14,14,February,2011,18,Youth (<25),F,United States,Washington,Bikes,Road Bikes,"Road-150 Red, 56",1,2171,3578,620,2171,2791
58203,2011-02-14,14,February,2011,65,Seniors (64+),M,United States,California,Bikes,Road Bikes,"Road-750 Black, 52",1,344,540,185,344,529
59657,2011-02-14,14,February,2011,46,Adults (35-64),F,Germany,Bayern,Bikes,Road Bikes,"Road-150 Red, 56",1,2171,3578,1371,2171,3542
59003,2011-02-15,15,February,2011,47,Adults (35-64),F,United States,Oregon,Bikes,Road Bikes,"Road-250 Black, 58",1,1555,2443,546,1555,2101
60275,2011-02-15,15,February,2011,32,Young Adults (25-34),F,United States,California,Bikes,Road Bikes,"Road-650 Red, 62",1,487,783,280,487,767
64755,2011-02-15,15,February,2011,26,Young Adults (25-34),F,Australia,New South Wales,Bikes,Road Bikes,"Road-250 Red, 58",1,1555,2443,570,1555,2125
70833,2011-02-15,15,February,2011,19,Youth (<25),M,United States,Washington,Bikes,Road Bikes,"Road-750 Black, 52",2,344,540,154,688,842
60223,2011-02-15,15,February,2011,48,Adults (35-64),F,Germany,Hessen,Bikes,Road Bikes,"Road-250 Red, 48",2,1519,2443,1506,3038,4544
69439,2011-02-15,15,February,2011,27,Young Adults (25-34),F,Australia,New South Wales,Bikes,Road Bikes,"Road-550-W Yellow, 48",4,713,1120,1046,2852,3898
64783,2011-02-16,16,February,2011,27,Young Adults (25-34),F,Australia,Victoria,Bikes,Road Bikes,"Road-250 Black, 44",1,1555,2443,375,1555,1930
57297,2011-02-16,16,February,2011,35,Adults (35-64),F,United States,Oregon,Bikes,Mountain Bikes,"Mountain-100 Black, 48",4,1898,3375,4018,7592,11610
69385,2011-02-16,16,February,2011,20,Youth (<25),M,Australia,South Australia,Bikes,Road Bikes,"Road-750 Black, 44",3,344,540,296,1032,1328
70749,2011-02-17,17,February,2011,39,Adults (35-64),M,Canada,British Columbia,Bikes,Road Bikes,"Road-150 Red, 52",1,2171,3578,1371,2171,3542
62693,2011-02-17,17,February,2011,27,Young Adults (25-34),M,Australia,New South Wales,Bikes,Road Bikes,"Road-250 Black, 52",2,1555,2443,1141,3110,4251
59673,2011-02-17,17,February,2011,46,Adults (35-64),F,Germany,Hessen,Bikes,Road Bikes,"Road-250 Black, 52",3,1555,2443,2151,4665,6816
71481,2011-02-17,17,February,2011,44,Adults (35-64),F,United States,California,Bikes,Road Bikes,"Road-150 Red, 62",1,2171,3578,1335,2171,3506
58743,2011-02-18,18,February,2011,42,Adults (35-64),F,France,Seine (Paris),Bikes,Road Bikes,"Road-150 Red, 62",1,2171,3578,763,2171,2934
65645,2011-02-18,18,February,2011,56,Adults (35-64),F,Canada,British Columbia,Bikes,Road Bikes,"Road-550-W Yellow, 42",2,713,1120,792,1426,2218
61539,2011-02-19,19,February,2011,24,Youth (<25),M,Canada,British Columbia,Bikes,Road Bikes,"Road-350-W Yellow, 48",1,1083,1701,601,1083,1684
66787,2011-02-19,19,February,2011,28,Young Adults (25-34),F,Germany,Nordrhein-Westfalen,Bikes,Road Bikes,"Road-550-W Yellow, 48",2,713,1120,523,1426,1949
70413,2011-02-19,19,February,2011,22,Youth (<25),M,Canada,British Columbia,Bikes,Road Bikes,"Road-750 Black, 52",1,344,540,191,344,535
68555,2011-02-19,19,February,2011,36,Adults (35-64),M,Australia,South Australia,Bikes,Road Bikes,"Road-550-W Yellow, 48",1,713,1120,205,713,918
68603,2011-02-19,19,February,2011,24,Youth (<25),M,Australia,New South Wales,Bikes,Road Bikes,"Road-350-W Yellow, 44",4,1083,1701,1587,4332,5919
67259,2011-02-19,19,February,2011,37,Adults (35-64),M,Australia,New South Wales,Bikes,Road Bikes,"Road-350-W Yellow, 42",1,1083,1701,397,1083,1480
67879,2011-02-20,20,February,2011,24,Youth (<25),M,Australia,Queensland,Bikes,Road Bikes,"Road-350-W Yellow, 42",2,1083,1701,692,2166,2858
71271,2011-02-20,20,February,2011,30,Young Adults (25-34),M,United States,California,Bikes,Road Bikes,"Road-150 Red, 48",1,2171,3578,1335,2171,3506
67091,2011-02-20,20,February,2011,29,Young Adults (25-34),M,Australia,Queensland,Bikes,Road Bikes,"Road-250 Black, 52",1,1555,2443,497,1555,2052
69019,2011-02-20,20,February,2011,25,Young Adults (25-34),F,Canada,British Columbia,Bikes,Road Bikes,"Road-250 Red, 52",1,1519,2443,900,1519,2419
69018,2011-02-20,20,February,2011,25,Young Adults (25-34),F,Canada,British Columbia,Bikes,Road Bikes,"Road-250 Red, 52",1,1519,2443,900,1519,2419
62803,2011-02-21,21,February,2011,34,Young Adults (25-34),F,Australia,New South Wales,Bikes,Road Bikes,"Road-250 Black, 44",1,1555,2443,570,1555,2125
65901,2011-02-22,22,February,2011,30,Young Adults (25-34),M,Canada,British Columbia,Bikes,Road Bikes,"Road-750 Black, 52",4,344,540,762,1376,2138
70377,2011-02-22,22,February,2011,36,Adults (35-64),M,Australia,Queensland,Bikes,Road Bikes,"Road-550-W Yellow, 44",1,713,1120,228,713,941
57019,2011-02-22,22,February,2011,26,Young Adults (25-34),M,Canada,British Columbia,Bikes,Mountain Bikes,"Mountain-200 Black, 42",4,1252,2295,4080,5008,9088
62805,2011-02-22,22,February,2011,34,Young Adults (25-34),F,Australia,New South Wales,Bikes,Road Bikes,"Road-250 Black, 44",4,1555,2443,2282,6220,8502
66127,2011-02-22,22,February,2011,24,Youth (<25),F,Australia,New South Wales,Bikes,Road Bikes,"Road-250 Black, 52",1,1555,2443,570,1555,2125
66411,2011-02-22,22,February,2011,28,Young Adults (25-34),M,Canada,British Columbia,Bikes,Road Bikes,"Road-550-W Yellow, 44",1,713,1120,396,713,1109
62745,2011-02-22,22,February,2011,34,Young Adults (25-34),M,Australia,Victoria,Bikes,Road Bikes,"Road-250 Black, 44",2,1555,2443,750,3110,3860
51133,2011-02-22,22,February,2011,51,Adults (35-64),M,United Kingdom,England,Bikes,Mountain Bikes,"Mountain-200 Black, 46",1,1252,2295,951,1252,2203
63903,2011-02-22,22,February,2011,34,Young Adults (25-34),M,Australia,Queensland,Bikes,Road Bikes,"Road-250 Black, 58",2,1555,2443,994,3110,4104
58171,2011-02-22,22,February,2011,46,Adults (35-64),F,United States,Washington,Bikes,Road Bikes,"Road-150 Red, 62",2,2171,3578,1240,4342,5582
63533,2011-02-23,23,February,2011,28,Young Adults (25-34),F,Germany,Bayern,Bikes,Road Bikes,"Road-350-W Yellow, 40",4,1083,1701,2404,4332,6736
63361,2011-02-23,23,February,2011,25,Young Adults (25-34),F,Australia,New South Wales,Bikes,Road Bikes,"Road-250 Black, 52",3,1555,2443,1711,4665,6376
63863,2011-02-23,23,February,2011,29,Young Adults (25-34),F,Australia,Victoria,Bikes,Road Bikes,"Road-350-W Yellow, 44",4,1083,1701,1043,4332,5375
64877,2011-02-23,23,February,2011,32,Young Adults (25-34),M,United States,Washington,Bikes,Road Bikes,"Road-550-W Yellow, 48",4,713,1120,642,2852,3494
71355,2011-02-23,23,February,2011,29,Young Adults (25-34),M,Australia,New South Wales,Bikes,Road Bikes,"Road-750 Black, 44",2,344,540,252,688,940
63987,2011-02-24,24,February,2011,42,Adults (35-64),M,Canada,British Columbia,Bikes,Road Bikes,"Road-550-W Yellow, 42",3,713,1120,1187,2139,3326
65405,2011-02-24,24,February,2011,28,Young Adults (25-34),F,Australia,Victoria,Bikes,Road Bikes,"Road-250 Black, 48",1,1555,2443,375,1555,1930
59667,2011-02-24,24,February,2011,51,Adults (35-64),F,Germany,Hessen,Bikes,Road Bikes,"Road-750 Black, 58",3,344,540,475,1032,1507
58737,2011-02-24,24,February,2011,21,Youth (<25),F,France,Seine Saint Denis,Bikes,Road Bikes,"Road-150 Red, 52",1,2171,3578,763,2171,2934
61845,2011-02-24,24,February,2011,31,Young Adults (25-34),M,Australia,New South Wales,Bikes,Road Bikes,"Road-150 Red, 48",3,2171,3578,2826,6513,9339
61629,2011-02-24,24,February,2011,43,Adults (35-64),M,United States,Washington,Bikes,Road Bikes,"Road-350-W Yellow, 40",1,1083,1701,244,1083,1327
71551,2011-02-24,24,February,2011,19,Youth (<25),M,Canada,British Columbia,Bikes,Road Bikes,"Road-150 Red, 56",1,2171,3578,1371,2171,3542
69675,2011-02-24,24,February,2011,31,Young Adults (25-34),M,Australia,Victoria,Bikes,Road Bikes,"Road-550-W Yellow, 44",1,713,1120,172,713,885
59793,2011-02-24,24,February,2011,64,Adults (35-64),F,United States,California,Bikes,Road Bikes,"Road-550-W Yellow, 44",1,713,1120,385,713,1098
69869,2011-02-25,25,February,2011,24,Youth (<25),F,Australia,Victoria,Bikes,Road Bikes,"Road-550-W Yellow, 40",1,713,1120,172,713,885
62167,2011-02-25,25,February,2011,27,Young Adults (25-34),M,Germany,Hessen,Bikes,Road Bikes,"Road-350-W Yellow, 48",1,1083,1701,499,1083,1582
60837,2011-02-25,25,February,2011,44,Adults (35-64),M,United States,California,Bikes,Road Bikes,"Road-750 Black, 48",1,344,540,185,344,529
70305,2011-02-25,25,February,2011,44,Adults (35-64),M,Canada,British Columbia,Bikes,Road Bikes,"Road-150 Red, 62",1,2171,3578,1371,2171,3542
66183,2011-02-25,25,February,2011,33,Young Adults (25-34),F,Australia,Victoria,Bikes,Road Bikes,"Road-250 Black, 58",3,1555,2443,1125,4665,5790
65923,2011-02-26,26,February,2011,32,Young Adults (25-34),M,Canada,British Columbia,Bikes,Road Bikes,"Road-750 Black, 58",2,344,540,381,688,1069
69021,2011-02-26,26,February,2011,25,Young Adults (25-34),F,Canada,British Columbia,Bikes,Road Bikes,"Road-250 Red, 52",1,1519,2443,900,1519,2419
58867,2011-02-26,26,February,2011,23,Youth (<25),F,Canada,British Columbia,Bikes,Road Bikes,"Road-250 Red, 58",1,1555,2443,864,1555,2419
69817,2011-02-26,26,February,2011,38,Adults (35-64),F,Canada,British Columbia,Bikes,Road Bikes,"Road-250 Black, 48",1,1555,2443,864,1555,2419
62773,2011-02-26,26,February,2011,34,Young Adults (25-34),F,Australia,Queensland,Bikes,Road Bikes,"Road-250 Red, 58",3,1555,2443,1491,4665,6156
67071,2011-02-26,26,February,2011,37,Adults (35-64),M,Canada,British Columbia,Bikes,Road Bikes,"Road-750 Black, 44",1,344,540,191,344,535
68577,2011-02-26,26,February,2011,18,Youth (<25),F,Canada,British Columbia,Bikes,Road Bikes,"Road-150 Red, 52",2,2171,3578,2742,4342,7084
60839,2011-02-26,26,February,2011,44,Adults (35-64),M,United States,California,Bikes,Road Bikes,"Road-750 Black, 48",3,344,540,556,1032,1588
55969,2011-02-26,26,February,2011,36,Adults (35-64),F,United States,Washington,Bikes,Mountain Bikes,"Mountain-200 Black, 38",1,1252,2295,538,1252,1790
63931,2011-02-26,26,February,2011,35,Adults (35-64),F,Australia,Tasmania,Bikes,Road Bikes,"Road-350-W Yellow, 42",2,1083,1701,590,2166,2756
65443,2011-02-26,26,February,2011,35,Adults (35-64),M,Australia,New South Wales,Bikes,Road Bikes,"Road-350-W Yellow, 42",3,1083,1701,1191,3249,4440
58159,2011-02-26,26,February,2011,53,Adults (35-64),M,United States,Washington,Bikes,Road Bikes,"Road-150 Red, 48",1,2171,3578,620,2171,2791
59583,2011-02-27,27,February,2011,39,Adults (35-64),M,Germany,Hessen,Bikes,Road Bikes,"Road-150 Red, 62",4,2171,3578,4626,8684,13310
67993,2011-02-27,27,February,2011,29,Young Adults (25-34),F,Canada,British Columbia,Bikes,Road Bikes,"Road-550-W Yellow, 38",2,713,1120,792,1426,2218
58731,2011-02-27,27,February,2011,35,Adults (35-64),M,France,Seine et Marne,Bikes,Road Bikes,"Road-150 Red, 52",4,2171,3578,3052,8684,11736
70541,2011-02-28,28,February,2011,46,Adults (35-64),M,Canada,British Columbia,Bikes,Road Bikes,"Road-150 Red, 44",2,2171,3578,2742,4342,7084
58739,2011-02-28,28,February,2011,21,Youth (<25),M,France,Seine (Paris),Bikes,Road Bikes,"Road-150 Red, 62",1,2171,3578,763,2171,2934
63019,2011-02-28,28,February,2011,29,Young Adults (25-34),F,Australia,New South Wales,Bikes,Road Bikes,"Road-250 Black, 44",3,1555,2443,1711,4665,6376
54063,2011-02-28,28,February,2011,36,Adults (35-64),F,United States,California,Bikes,Mountain Bikes,"Mountain-200 Silver, 46",1,1266,2320,1008,1266,2274
71403,2011-02-28,28,February,2011,34,Young Adults (25-34),M,United States,California,Bikes,Road Bikes,"Road-150 Red, 56",1,2171,3578,1335,2171,3506
66413,2011-03-01,1,March,2011,28,Young Adults (25-34),M,Canada,British Columbia,Bikes,Road Bikes,"Road-550-W Yellow, 44",1,713,1120,396,713,1109
62695,2011-03-01,1,March,2011,27,Young Adults (25-34),M,Australia,New South Wales,Bikes,Road Bikes,"Road-250 Black, 52",1,1555,2443,570,1555,2125
60749,2011-03-01,1,March,2011,42,Adults (35-64),F,Germany,Saarland,Bikes,Road Bikes,"Road-750 Black, 52",1,344,540,99,344,443
51447,2011-03-01,1,March,2011,28,Young Adults (25-34),M,Australia,Tasmania,Bikes,Mountain Bikes,"Mountain-200 Black, 42",1,1252,2295,607,1252,1859
58235,2011-03-01,1,March,2011,63,Adults (35-64),M,United States,Washington,Bikes,Road Bikes,"Road-150 Red, 44",2,2171,3578,1240,4342,5582
58213,2011-03-01,1,March,2011,33,Young Adults (25-34),F,United States,Washington,Bikes,Road Bikes,"Road-150 Red, 48",1,2171,3578,620,2171,2791
61041,2011-03-02,2,March,2011,40,Adults (35-64),F,United States,California,Bikes,Road Bikes,"Road-250 Black, 58",3,1555,2443,2517,4665,7182
59015,2011-03-02,2,March,2011,63,Adults (35-64),F,United States,California,Bikes,Road Bikes,"Road-250 Black, 44",1,1555,2443,839,1555,2394
54205,2011-03-02,2,March,2011,29,Young Adults (25-34),M,Australia,Victoria,Bikes,Mountain Bikes,"Mountain-200 Silver, 46",1,1266,2320,567,1266,1833
68781,2011-03-02,2,March,2011,26,Young Adults (25-34),M,Australia,Queensland,Bikes,Road Bikes,"Road-550-W Yellow, 42",1,713,1120,228,713,941
69913,2011-03-02,2,March,2011,42,Adults (35-64),F,Australia,Queensland,Bikes,Road Bikes,"Road-550-W Yellow, 40",3,713,1120,683,2139,2822
64017,2011-03-02,2,March,2011,47,Adults (35-64),M,Australia,South Australia,Bikes,Road Bikes,"Road-550-W Yellow, 44",3,713,1120,616,2139,2755
61323,2011-03-02,2,March,2011,27,Young Adults (25-34),M,France,Seine Saint Denis,Bikes,Road Bikes,"Road-250 Red, 58",3,1555,2443,1345,4665,6010
67385,2011-03-03,3,March,2011,40,Adults (35-64),M,Australia,South Australia,Bikes,Road Bikes,"Road-350-W Yellow, 40",4,1083,1701,1247,4332,5579
55297,2011-03-03,3,March,2011,28,Young Adults (25-34),M,Australia,New South Wales,Bikes,Mountain Bikes,"Mountain-400-W Silver, 46",4,420,769,996,1680,2676
67483,2011-03-03,3,March,2011,42,Adults (35-64),M,United States,Washington,Bikes,Road Bikes,"Road-750 Black, 44",3,344,540,232,1032,1264
60227,2011-03-03,3,March,2011,48,Adults (35-64),M,United Kingdom,England,Bikes,Road Bikes,"Road-250 Black, 58",1,1555,2443,790,1555,2345
62945,2011-03-03,3,March,2011,41,Adults (35-64),F,Australia,Victoria,Bikes,Road Bikes,"Road-250 Black, 52",1,1555,2443,375,1555,1930
70803,2011-03-03,3,March,2011,35,Adults (35-64),M,United States,Washington,Bikes,Road Bikes,"Road-150 Red, 48",3,2171,3578,1860,6513,8373
58238,2011-03-03,3,March,2011,43,Adults (35-64),F,United States,California,Bikes,Road Bikes,"Road-150 Red, 44",1,2171,3578,1335,2171,3506
58239,2011-03-03,3,March,2011,43,Adults (35-64),F,United States,California,Bikes,Road Bikes,"Road-150 Red, 44",1,2171,3578,1335,2171,3506
58587,2011-03-03,3,March,2011,53,Adults (35-64),M,United Kingdom,England,Bikes,Road Bikes,"Road-550-W Yellow, 44",1,713,1120,362,713,1075
58751,2011-03-04,4,March,2011,37,Adults (35-64),F,France,Essonne,Bikes,Road Bikes,"Road-150 Red, 48",1,2171,3578,1264,2171,3435
62697,2011-03-04,4,March,2011,27,Young Adults (25-34),M,Australia,New South Wales,Bikes,Road Bikes,"Road-250 Black, 52",4,1555,2443,2282,6220,8502
58283,2011-03-04,4,March,2011,45,Adults (35-64),F,United States,Oregon,Bikes,Road Bikes,"Road-150 Red, 56",1,2171,3578,906,2171,3077
59305,2011-03-04,4,March,2011,29,Young Adults (25-34),M,Germany,Hamburg,Bikes,Road Bikes,"Road-750 Black, 44",1,344,540,158,344,502
68753,2011-03-04,4,March,2011,25,Young Adults (25-34),M,Australia,New South Wales,Bikes,Road Bikes,"Road-550-W Yellow, 44",1,713,1120,261,713,974
61875,2011-03-04,4,March,2011,62,Adults (35-64),F,United States,Washington,Bikes,Road Bikes,"Road-350-W Yellow, 40",4,1083,1701,975,4332,5307
63419,2011-03-04,4,March,2011,24,Youth (<25),F,United States,California,Bikes,Road Bikes,"Road-550-W Yellow, 44",1,713,1120,385,713,1098
55299,2011-03-04,4,March,2011,28,Young Adults (25-34),M,Australia,New South Wales,Bikes,Mountain Bikes,"Mountain-400-W Silver, 46",2,420,769,498,840,1338
62625,2011-03-05,5,March,2011,37,Adults (35-64),F,United States,Washington,Bikes,Road Bikes,"Road-350-W Yellow, 44",1,1083,1701,244,1083,1327
70911,2011-03-05,5,March,2011,31,Young Adults (25-34),F,Germany,Hessen,Bikes,Road Bikes,"Road-550-W Yellow, 38",1,713,1120,329,713,1042
70737,2011-03-05,5,March,2011,39,Adults (35-64),M,United States,Oregon,Bikes,Road Bikes,"Road-750 Black, 58",1,344,540,120,344,464
70955,2011-03-06,6,March,2011,28,Young Adults (25-34),F,France,Seine et Marne,Bikes,Road Bikes,"Road-750 Black, 52",4,344,540,395,1376,1771
62669,2011-03-06,6,March,2011,42,Adults (35-64),M,France,Yveline,Bikes,Road Bikes,"Road-250 Black, 44",3,1555,2443,905,4665,5570
67049,2011-03-06,6,March,2011,36,Adults (35-64),M,Canada,British Columbia,Bikes,Road Bikes,"Road-750 Black, 44",1,344,540,191,344,535
70143,2011-03-06,6,March,2011,40,Adults (35-64),M,United Kingdom,England,Bikes,Road Bikes,"Road-750 Black, 44",4,344,540,698,1376,2074
60755,2011-03-06,6,March,2011,42,Adults (35-64),M,United States,Oregon,Bikes,Road Bikes,"Road-650 Red, 48",1,487,783,186,487,673
52721,2011-03-06,6,March,2011,31,Young Adults (25-34),M,Australia,South Australia,Bikes,Mountain Bikes,"Mountain-200 Black, 46",2,1252,2295,1260,2504,3764
64233,2011-03-06,6,March,2011,21,Youth (<25),M,Australia,Queensland,Bikes,Road Bikes,"Road-250 Black, 44",1,1555,2443,497,1555,2052
69085,2011-03-06,6,March,2011,33,Young Adults (25-34),F,Germany,Nordrhein-Westfalen,Bikes,Road Bikes,"Road-550-W Yellow, 42",4,713,1120,1046,2852,3898
66329,2011-03-06,6,March,2011,41,Adults (35-64),M,Australia,Victoria,Bikes,Road Bikes,"Road-250 Red, 58",2,1555,2443,750,3110,3860
58205,2011-03-07,7,March,2011,32,Young Adults (25-34),F,United States,Oregon,Bikes,Road Bikes,"Road-150 Red, 48",2,2171,3578,1812,4342,6154
57991,2011-03-07,7,March,2011,43,Adults (35-64),F,France,Val de Marne,Bikes,Mountain Bikes,"Mountain-100 Black, 44",2,1898,3375,1537,3796,5333
62835,2011-03-07,7,March,2011,39,Adults (35-64),M,Australia,Victoria,Bikes,Road Bikes,"Road-250 Black, 44",1,1555,2443,375,1555,1930
60319,2011-03-07,7,March,2011,36,Adults (35-64),F,United States,California,Bikes,Road Bikes,"Road-650 Red, 62",4,487,783,1121,1948,3069
62595,2011-03-07,7,March,2011,22,Youth (<25),M,France,Nord,Bikes,Road Bikes,"Road-350-W Yellow, 48",2,1083,1701,794,2166,2960
71571,2011-03-07,7,March,2011,29,Young Adults (25-34),F,Germany,Nordrhein-Westfalen,Bikes,Road Bikes,"Road-150 Red, 52",1,2171,3578,942,2171,3113
55301,2011-03-07,7,March,2011,28,Young Adults (25-34),M,Australia,New South Wales,Bikes,Mountain Bikes,"Mountain-400-W Silver, 46",1,420,769,249,420,669
70983,2011-03-07,7,March,2011,43,Adults (35-64),M,United States,California,Bikes,Road Bikes,"Road-150 Red, 52",1,2171,3578,1335,2171,3506
50033,2011-03-07,7,March,2011,27,Young Adults (25-34),F,Australia,Victoria,Bikes,Mountain Bikes,"Mountain-200 Black, 46",4,1252,2295,2244,5008,7252
50013,2011-03-08,8,March,2011,38,Adults (35-64),F,United States,California,Bikes,Mountain Bikes,"Mountain-200 Silver, 38",4,1266,2320,4030,5064,9094
66797,2011-03-08,8,March,2011,29,Young Adults (25-34),F,Germany,Hamburg,Bikes,Road Bikes,"Road-750 Black, 52",3,344,540,475,1032,1507
52003,2011-03-08,8,March,2011,39,Adults (35-64),M,Germany,Nordrhein-Westfalen,Bikes,Mountain Bikes,"Mountain-200 Silver, 46",1,1266,2320,752,1266,2018
65699,2011-03-08,8,March,2011,46,Adults (35-64),M,Australia,New South Wales,Bikes,Road Bikes,"Road-750 Black, 48",1,344,540,126,344,470
64039,2011-03-09,9,March,2011,42,Adults (35-64),M,Australia,Victoria,Bikes,Road Bikes,"Road-250 Black, 52",2,1555,2443,750,3110,3860
58277,2011-03-09,9,March,2011,37,Adults (35-64),M,United States,Oregon,Bikes,Road Bikes,"Road-150 Red, 62",3,2171,3578,2718,6513,9231
64239,2011-03-09,9,March,2011,24,Youth (<25),F,Australia,South Australia,Bikes,Road Bikes,"Road-250 Black, 48",1,1555,2443,448,1555,2003
59231,2011-03-09,9,March,2011,42,Adults (35-64),F,United States,California,Bikes,Road Bikes,"Road-250 Black, 52",1,1555,2443,839,1555,2394
64803,2011-03-09,9,March,2011,41,Adults (35-64),F,United States,Oregon,Bikes,Road Bikes,"Road-250 Black, 44",2,1555,2443,1092,3110,4202
58877,2011-03-09,9,March,2011,23,Youth (<25),M,Canada,British Columbia,Bikes,Road Bikes,"Road-250 Black, 44",4,1555,2443,3454,6220,9674
71553,2011-03-10,10,March,2011,19,Youth (<25),M,Canada,British Columbia,Bikes,Road Bikes,"Road-150 Red, 56",2,2171,3578,2742,4342,7084
63421,2011-03-10,10,March,2011,24,Youth (<25),F,United States,California,Bikes,Road Bikes,"Road-550-W Yellow, 44",1,713,1120,385,713,1098
54065,2011-03-11,11,March,2011,36,Adults (35-64),F,United States,California,Bikes,Mountain Bikes,"Mountain-200 Silver, 46",1,1266,2320,1008,1266,2274
50813,2011-03-11,11,March,2011,25,Young Adults (25-34),F,United Kingdom,England,Bikes,Mountain Bikes,"Mountain-200 Black, 42",1,1252,2295,951,1252,2203
59811,2011-03-11,11,March,2011,39,Adults (35-64),M,Germany,Saarland,Bikes,Road Bikes,"Road-250 Red, 52",1,1519,2443,484,1519,2003
60321,2011-03-11,11,March,2011,36,Adults (35-64),F,United States,California,Bikes,Road Bikes,"Road-650 Red, 62",1,487,783,280,487,767
57989,2011-03-11,11,March,2011,35,Adults (35-64),F,France,Seine et Marne,Bikes,Mountain Bikes,"Mountain-100 Black, 38",4,1898,3375,3478,7592,11070
64057,2011-03-11,11,March,2011,41,Adults (35-64),M,Australia,Queensland,Bikes,Road Bikes,"Road-250 Black, 48",4,1555,2443,1988,6220,8208
59801,2011-03-12,12,March,2011,60,Adults (35-64),F,United States,California,Bikes,Road Bikes,"Road-550-W Yellow, 44",4,713,1120,1538,2852,4390
64029,2011-03-12,12,March,2011,45,Adults (35-64),F,Australia,Queensland,Bikes,Road Bikes,"Road-750 Black, 48",3,344,540,329,1032,1361
53831,2011-03-12,12,March,2011,30,Young Adults (25-34),F,Australia,New South Wales,Bikes,Mountain Bikes,"Mountain-200 Silver, 38",1,1266,2320,752,1266,2018
69419,2011-03-12,12,March,2011,25,Young Adults (25-34),M,Australia,Victoria,Bikes,Road Bikes,"Road-550-W Yellow, 38",1,713,1120,172,713,885
65839,2011-03-12,12,March,2011,27,Young Adults (25-34),F,Canada,British Columbia,Bikes,Road Bikes,"Road-550-W Yellow, 48",1,713,1120,396,713,1109
65951,2011-03-13,13,March,2011,33,Young Adults (25-34),M,United States,California,Bikes,Road Bikes,"Road-750 Black, 48",4,344,540,741,1376,2117
57995,2011-03-13,13,March,2011,54,Adults (35-64),F,France,Nord,Bikes,Mountain Bikes,"Mountain-100 Black, 44",3,1898,3375,3115,5694,8809
66289,2011-03-13,13,March,2011,59,Adults (35-64),M,United States,California,Bikes,Road Bikes,"Road-750 Black, 48",4,344,540,741,1376,2117
54175,2011-03-13,13,March,2011,30,Young Adults (25-34),F,United States,California,Bikes,Mountain Bikes,"Mountain-500 Black, 48",1,295,540,234,295,529
68395,2011-03-13,13,March,2011,38,Adults (35-64),M,United States,California,Bikes,Road Bikes,"Road-150 Red, 52",1,2171,3578,1335,2171,3506
50123,2011-03-13,13,March,2011,29,Young Adults (25-34),F,Australia,New South Wales,Bikes,Mountain Bikes,"Mountain-200 Silver, 38",1,1266,2320,752,1266,2018
52687,2011-03-13,13,March,2011,30,Young Adults (25-34),F,Australia,Queensland,Bikes,Mountain Bikes,"Mountain-200 Silver, 46",2,1266,2320,1366,2532,3898
58215,2011-03-13,13,March,2011,33,Young Adults (25-34),F,United States,Washington,Bikes,Road Bikes,"Road-150 Red, 48",2,2171,3578,1240,4342,5582
64757,2011-03-13,13,March,2011,26,Young Adults (25-34),F,Australia,New South Wales,Bikes,Road Bikes,"Road-250 Red, 58",1,1555,2443,570,1555,2125
62837,2011-03-13,13,March,2011,39,Adults (35-64),M,Australia,Victoria,Bikes,Road Bikes,"Road-250 Black, 44",1,1555,2443,375,1555,1930
58677,2011-03-14,14,March,2011,27,Young Adults (25-34),M,Germany,Saarland,Bikes,Road Bikes,"Road-150 Red, 48",1,2171,3578,763,2171,2934
70985,2011-03-14,14,March,2011,43,Adults (35-64),M,United States,California,Bikes,Road Bikes,"Road-150 Red, 52",1,2171,3578,1335,2171,3506
70173,2011-03-14,14,March,2011,23,Youth (<25),M,Australia,Queensland,Bikes,Road Bikes,"Road-750 Black, 58",4,344,540,438,1376,1814
56031,2011-03-14,14,March,2011,37,Adults (35-64),F,United States,California,Bikes,Mountain Bikes,"Mountain-200 Black, 46",3,1252,2295,2991,3756,6747
63763,2011-03-15,15,March,2011,28,Young Adults (25-34),F,Germany,Hessen,Bikes,Road Bikes,"Road-250 Black, 44",2,1555,2443,1434,3110,4544
71455,2011-03-15,15,March,2011,62,Adults (35-64),M,United States,California,Bikes,Road Bikes,"Road-150 Red, 56",2,2171,3578,2671,4342,7013
69441,2011-03-15,15,March,2011,27,Young Adults (25-34),F,Australia,New South Wales,Bikes,Road Bikes,"Road-550-W Yellow, 48",1,713,1120,261,713,974
61043,2011-03-15,15,March,2011,40,Adults (35-64),F,United States,California,Bikes,Road Bikes,"Road-250 Black, 58",2,1555,2443,1678,3110,4788
66241,2011-03-15,15,March,2011,25,Young Adults (25-34),F,United States,California,Bikes,Road Bikes,"Road-750 Black, 44",4,344,540,741,1376,2117
53373,2011-03-15,15,March,2011,28,Young Adults (25-34),M,Australia,Queensland,Bikes,Mountain Bikes,"Mountain-200 Silver, 42",3,1266,2320,2048,3798,5846
55489,2011-03-15,15,March,2011,31,Young Adults (25-34),M,Australia,New South Wales,Bikes,Mountain Bikes,"Mountain-400-W Silver, 42",1,420,769,249,420,669
63323,2011-03-15,15,March,2011,22,Youth (<25),F,Australia,Victoria,Bikes,Road Bikes,"Road-250 Black, 48",1,1555,2443,375,1555,1930
71327,2011-03-15,15,March,2011,38,Adults (35-64),M,United States,Oregon,Bikes,Road Bikes,"Road-250 Red, 44",3,1519,2443,1746,4557,6303
61473,2011-03-15,15,March,2011,41,Adults (35-64),F,Australia,New South Wales,Bikes,Road Bikes,"Road-150 Red, 56",1,2171,3578,942,2171,3113
69649,2011-03-16,16,March,2011,39,Adults (35-64),F,Canada,British Columbia,Bikes,Road Bikes,"Road-250 Red, 58",2,1555,2443,1727,3110,4837
68397,2011-03-16,16,March,2011,38,Adults (35-64),M,United States,California,Bikes,Road Bikes,"Road-150 Red, 52",1,2171,3578,1335,2171,3506
61475,2011-03-16,16,March,2011,41,Adults (35-64),F,Australia,New South Wales,Bikes,Road Bikes,"Road-150 Red, 56",1,2171,3578,942,2171,3113
64287,2011-03-16,16,March,2011,34,Young Adults (25-34),F,United States,California,Bikes,Road Bikes,"Road-250 Black, 52",4,1555,2443,3357,6220,9577
64221,2011-03-16,16,March,2011,21,Youth (<25),M,Australia,South Australia,Bikes,Road Bikes,"Road-250 Black, 52",1,1555,2443,448,1555,2003
62667,2011-03-17,17,March,2011,41,Adults (35-64),F,France,Hauts de Seine,Bikes,Road Bikes,"Road-650 Red, 58",3,487,783,724,1461,2185
64367,2011-03-17,17,March,2011,26,Young Adults (25-34),M,Germany,Saarland,Bikes,Road Bikes,"Road-550-W Yellow, 42",3,713,1120,616,2139,2755
58241,2011-03-17,17,March,2011,43,Adults (35-64),F,United States,California,Bikes,Road Bikes,"Road-150 Red, 44",1,2171,3578,1335,2171,3506
51905,2011-03-17,17,March,2011,37,Adults (35-64),F,United States,Oregon,Bikes,Mountain Bikes,"Mountain-200 Silver, 38",1,1266,2320,729,1266,1995
61883,2011-03-17,17,March,2011,43,Adults (35-64),M,Australia,Queensland,Bikes,Road Bikes,"Road-750 Black, 52",1,344,540,110,344,454
51433,2011-03-17,17,March,2011,27,Young Adults (25-34),F,Australia,Queensland,Bikes,Mountain Bikes,"Mountain-200 Silver, 38",2,1266,2320,1366,2532,3898
55373,2011-03-17,17,March,2011,25,Young Adults (25-34),M,United Kingdom,England,Bikes,Mountain Bikes,"Mountain-400-W Silver, 38",2,420,769,636,840,1476
57619,2011-03-17,17,March,2011,36,Adults (35-64),M,United States,Washington,Bikes,Mountain Bikes,"Mountain-200 Silver, 38",4,1266,2320,2174,5064,7238
66129,2011-03-17,17,March,2011,24,Youth (<25),F,Australia,New South Wales,Bikes,Road Bikes,"Road-250 Black, 52",1,1555,2443,570,1555,2125
60209,2011-03-18,18,March,2011,52,Adults (35-64),F,United Kingdom,England,Bikes,Road Bikes,"Road-250 Black, 58",1,1555,2443,790,1555,2345
67683,2011-03-18,18,March,2011,36,Adults (35-64),M,United States,California,Bikes,Road Bikes,"Road-350-W Yellow, 42",4,1083,1701,2336,4332,6668
59781,2011-03-18,18,March,2011,40,Adults (35-64),M,Germany,Hessen,Bikes,Road Bikes,"Road-250 Black, 44",4,1555,2443,2868,6220,9088
67505,2011-03-18,18,March,2011,41,Adults (35-64),F,United States,California,Bikes,Road Bikes,"Road-750 Black, 52",3,344,540,556,1032,1588
66527,2011-03-18,18,March,2011,28,Young Adults (25-34),F,United Kingdom,England,Bikes,Road Bikes,"Road-750 Black, 48",3,344,540,523,1032,1555
58243,2011-03-18,18,March,2011,43,Adults (35-64),F,United States,California,Bikes,Road Bikes,"Road-150 Red, 44",1,2171,3578,1335,2171,3506
58295,2011-03-18,18,March,2011,58,Adults (35-64),M,United States,California,Bikes,Road Bikes,"Road-150 Red, 48",1,2171,3578,1335,2171,3506
60995,2011-03-18,18,March,2011,42,Adults (35-64),M,United States,California,Bikes,Road Bikes,"Road-750 Black, 44",4,344,540,741,1376,2117
63295,2011-03-19,19,March,2011,22,Youth (<25),M,Australia,Victoria,Bikes,Road Bikes,"Road-650 Black, 44",2,487,783,263,974,1237
62665,2011-03-19,19,March,2011,41,Adults (35-64),F,France,Seine et Marne,Bikes,Road Bikes,"Road-550-W Yellow, 44",1,713,1120,205,713,918
65995,2011-03-19,19,March,2011,34,Young Adults (25-34),M,United States,Washington,Bikes,Road Bikes,"Road-750 Black, 48",1,344,540,77,344,421
70709,2011-03-19,19,March,2011,38,Adults (35-64),F,United States,California,Bikes,Road Bikes,"Road-150 Red, 48",1,2171,3578,1335,2171,3506
64023,2011-03-20,20,March,2011,46,Adults (35-64),M,Australia,South Australia,Bikes,Road Bikes,"Road-750 Black, 48",1,344,540,99,344,443
54545,2011-03-20,20,March,2011,31,Young Adults (25-34),F,Australia,Queensland,Bikes,Mountain Bikes,"Mountain-200 Black, 46",3,1252,2295,2027,3756,5783
68605,2011-03-20,20,March,2011,24,Youth (<25),M,Australia,New South Wales,Bikes,Road Bikes,"Road-350-W Yellow, 44",4,1083,1701,1587,4332,5919
63941,2011-03-20,20,March,2011,39,Adults (35-64),F,Australia,Queensland,Bikes,Road Bikes,"Road-350-W Yellow, 48",1,1083,1701,346,1083,1429
65953,2011-03-20,20,March,2011,33,Young Adults (25-34),M,United States,California,Bikes,Road Bikes,"Road-750 Black, 48",2,344,540,370,688,1058
64073,2011-03-20,20,March,2011,40,Adults (35-64),F,Australia,New South Wales,Bikes,Road Bikes,"Road-250 Black, 52",3,1555,2443,1711,4665,6376
50149,2011-03-20,20,March,2011,28,Young Adults (25-34),F,Australia,Victoria,Bikes,Mountain Bikes,"Mountain-200 Black, 42",3,1252,2295,1683,3756,5439
59919,2011-03-20,20,March,2011,29,Young Adults (25-34),F,Germany,Bayern,Bikes,Road Bikes,"Road-150 Red, 48",4,2171,3578,5485,8684,14169
67665,2011-03-20,20,March,2011,35,Adults (35-64),M,Canada,British Columbia,Bikes,Road Bikes,"Road-750 Black, 52",3,344,540,572,1032,1604
64041,2011-03-21,21,March,2011,42,Adults (35-64),M,Australia,Victoria,Bikes,Road Bikes,"Road-250 Black, 52",3,1555,2443,1125,4665,5790
66529,2011-03-21,21,March,2011,28,Young Adults (25-34),F,United Kingdom,England,Bikes,Road Bikes,"Road-750 Black, 48",3,344,540,523,1032,1555
62039,2011-03-21,21,March,2011,39,Adults (35-64),M,United States,California,Bikes,Road Bikes,"Road-350-W Yellow, 42",2,1083,1701,1168,2166,3334
62899,2011-03-21,21,March,2011,45,Adults (35-64),F,Australia,New South Wales,Bikes,Road Bikes,"Road-550-W Yellow, 40",4,713,1120,1046,2852,3898
64581,2011-03-22,22,March,2011,58,Adults (35-64),M,United States,Washington,Bikes,Road Bikes,"Road-250 Red, 58",1,1555,2443,351,1555,1906
56865,2011-03-22,22,March,2011,27,Young Adults (25-34),M,Canada,British Columbia,Bikes,Mountain Bikes,"Mountain-200 Black, 46",3,1252,2295,3060,3756,6816
54241,2011-03-22,22,March,2011,31,Young Adults (25-34),M,Australia,Victoria,Bikes,Mountain Bikes,"Mountain-200 Silver, 38",1,1266,2320,567,1266,1833
63973,2011-03-22,22,March,2011,55,Adults (35-64),F,Australia,Queensland,Bikes,Road Bikes,"Road-350-W Yellow, 44",4,1083,1701,1383,4332,5715
67507,2011-03-22,22,March,2011,41,Adults (35-64),F,United States,California,Bikes,Road Bikes,"Road-750 Black, 52",1,344,540,185,344,529
51455,2011-03-22,22,March,2011,31,Young Adults (25-34),F,Australia,Victoria,Bikes,Mountain Bikes,"Mountain-200 Black, 46",2,1252,2295,1122,2504,3626
60893,2011-03-23,23,March,2011,31,Young Adults (25-34),F,Germany,Saarland,Bikes,Road Bikes,"Road-250 Black, 44",1,1555,2443,448,1555,2003
58757,2011-03-23,23,March,2011,27,Young Adults (25-34),M,France,Yveline,Bikes,Road Bikes,"Road-150 Red, 44",1,2171,3578,548,2171,2719
58763,2011-03-23,23,March,2011,28,Young Adults (25-34),M,France,Nord,Bikes,Road Bikes,"Road-150 Red, 44",1,2171,3578,942,2171,3113
54547,2011-03-23,23,March,2011,31,Young Adults (25-34),F,Australia,Queensland,Bikes,Mountain Bikes,"Mountain-200 Black, 46",1,1252,2295,676,1252,1928
60323,2011-03-23,23,March,2011,36,Adults (35-64),F,United States,California,Bikes,Road Bikes,"Road-650 Red, 62",4,487,783,1121,1948,3069
57993,2011-03-24,24,March,2011,43,Adults (35-64),M,France,Nord,Bikes,Mountain Bikes,"Mountain-100 Silver, 38",2,1912,3400,2092,3824,5916
58357,2011-03-24,24,March,2011,24,Youth (<25),M,United States,California,Bikes,Road Bikes,"Road-150 Red, 44",4,2171,3578,5342,8684,14026
66017,2011-03-24,24,March,2011,35,Adults (35-64),M,United States,California,Bikes,Road Bikes,"Road-150 Red, 56",2,2171,3578,2671,4342,7013
62041,2011-03-24,24,March,2011,39,Adults (35-64),M,United States,California,Bikes,Road Bikes,"Road-350-W Yellow, 42",1,1083,1701,584,1083,1667
63341,2011-03-24,24,March,2011,24,Youth (<25),M,Australia,Victoria,Bikes,Road Bikes,"Road-250 Black, 44",1,1555,2443,375,1555,1930
63340,2011-03-24,24,March,2011,24,Youth (<25),M,Australia,Victoria,Bikes,Road Bikes,"Road-250 Black, 44",1,1555,2443,375,1555,1930
66531,2011-03-24,24,March,2011,28,Young Adults (25-34),F,United Kingdom,England,Bikes,Road Bikes,"Road-750 Black, 48",4,344,540,698,1376,2074
71053,2011-03-24,24,March,2011,26,Young Adults (25-34),F,United States,Washington,Bikes,Road Bikes,"Road-150 Red, 62",1,2171,3578,620,2171,2791
52115,2011-03-24,24,March,2011,27,Young Adults (25-34),M,Australia,New South Wales,Bikes,Mountain Bikes,"Mountain-200 Black, 38",1,1252,2295,745,1252,1997
51419,2011-03-24,24,March,2011,28,Young Adults (25-34),F,Australia,Queensland,Bikes,Mountain Bikes,"Mountain-200 Black, 38",4,1252,2295,2703,5008,7711
59791,2011-03-24,24,March,2011,40,Adults (35-64),F,Germany,Bayern,Bikes,Road Bikes,"Road-150 Red, 52",1,2171,3578,1371,2171,3542
64075,2011-03-24,24,March,2011,40,Adults (35-64),F,Australia,New South Wales,Bikes,Road Bikes,"Road-250 Black, 52",4,1555,2443,2282,6220,8502
68937,2011-03-25,25,March,2011,36,Adults (35-64),M,Australia,New South Wales,Bikes,Road Bikes,"Road-550-W Yellow, 48",1,713,1120,261,713,974
63137,2011-03-25,25,March,2011,41,Adults (35-64),F,Australia,Queensland,Bikes,Road Bikes,"Road-250 Red, 58",1,1555,2443,497,1555,2052
62947,2011-03-25,25,March,2011,41,Adults (35-64),F,Australia,Victoria,Bikes,Road Bikes,"Road-250 Black, 52",3,1555,2443,1125,4665,5790
63949,2011-03-25,25,March,2011,44,Adults (35-64),M,Australia,New South Wales,Bikes,Road Bikes,"Road-250 Red, 58",1,1555,2443,570,1555,2125
51421,2011-03-25,25,March,2011,28,Young Adults (25-34),F,Australia,Queensland,Bikes,Mountain Bikes,"Mountain-200 Black, 38",3,1252,2295,2027,3756,5783
62607,2011-03-26,26,March,2011,24,Youth (<25),M,France,Essonne,Bikes,Road Bikes,"Road-350-W Yellow, 42",1,1083,1701,550,1083,1633
70987,2011-03-26,26,March,2011,43,Adults (35-64),M,United States,California,Bikes,Road Bikes,"Road-150 Red, 52",4,2171,3578,5342,8684,14026
63363,2011-03-26,26,March,2011,25,Young Adults (25-34),F,Australia,New South Wales,Bikes,Road Bikes,"Road-250 Black, 52",2,1555,2443,1141,3110,4251
69589,2011-03-26,26,March,2011,43,Adults (35-64),M,Australia,Victoria,Bikes,Road Bikes,"Road-550-W Yellow, 42",1,713,1120,172,713,885
59987,2011-03-26,26,March,2011,32,Young Adults (25-34),M,Germany,Hamburg,Bikes,Road Bikes,"Road-250 Black, 58",1,1555,2443,717,1555,2272
59595,2011-03-26,26,March,2011,28,Young Adults (25-34),M,United Kingdom,England,Bikes,Road Bikes,"Road-150 Red, 44",2,2171,3578,2528,4342,6870
67667,2011-03-26,26,March,2011,35,Adults (35-64),M,Canada,British Columbia,Bikes,Road Bikes,"Road-750 Black, 52",1,344,540,191,344,535
57309,2011-03-26,26,March,2011,30,Young Adults (25-34),M,United States,Oregon,Bikes,Mountain Bikes,"Mountain-100 Silver, 42",2,1912,3400,2024,3824,5848
68399,2011-03-26,26,March,2011,38,Adults (35-64),M,United States,California,Bikes,Road Bikes,"Road-150 Red, 52",1,2171,3578,1335,2171,3506
59717,2011-03-27,27,March,2011,40,Adults (35-64),M,United States,Oregon,Bikes,Road Bikes,"Road-550-W Yellow, 48",1,713,1120,250,713,963
62043,2011-03-27,27,March,2011,39,Adults (35-64),M,United States,California,Bikes,Road Bikes,"Road-350-W Yellow, 42",1,1083,1701,584,1083,1667
58359,2011-03-27,27,March,2011,24,Youth (<25),M,United States,California,Bikes,Road Bikes,"Road-150 Red, 44",4,2171,3578,5342,8684,14026
71029,2011-03-28,28,March,2011,26,Young Adults (25-34),M,United States,California,Bikes,Road Bikes,"Road-150 Red, 56",1,2171,3578,1335,2171,3506
64585,2011-03-28,28,March,2011,57,Adults (35-64),M,United States,California,Bikes,Road Bikes,"Road-250 Red, 58",2,1555,2443,1678,3110,4788
58245,2011-03-28,28,March,2011,43,Adults (35-64),F,United States,California,Bikes,Road Bikes,"Road-150 Red, 44",1,2171,3578,1335,2171,3506
58749,2011-03-28,28,March,2011,56,Adults (35-64),F,France,Seine Saint Denis,Bikes,Road Bikes,"Road-150 Red, 44",1,2171,3578,763,2171,2934
58613,2011-03-28,28,March,2011,43,Adults (35-64),M,United Kingdom,England,Bikes,Road Bikes,"Road-550-W Yellow, 48",4,713,1120,1449,2852,4301
66233,2011-03-28,28,March,2011,55,Adults (35-64),M,Australia,Victoria,Bikes,Road Bikes,"Road-350-W Yellow, 48",2,1083,1701,522,2166,2688
68147,2011-03-28,28,March,2011,28,Young Adults (25-34),M,France,Seine (Paris),Bikes,Road Bikes,"Road-550-W Yellow, 44",1,713,1120,205,713,918
69871,2011-03-28,28,March,2011,24,Youth (<25),F,Australia,Victoria,Bikes,Road Bikes,"Road-550-W Yellow, 40",1,713,1120,172,713,885
69873,2011-03-29,29,March,2011,24,Youth (<25),F,Australia,Victoria,Bikes,Road Bikes,"Road-550-W Yellow, 40",1,713,1120,172,713,885
50565,2011-03-29,29,March,2011,41,Adults (35-64),M,Germany,Hessen,Bikes,Mountain Bikes,"Mountain-200 Silver, 38",2,1266,2320,1783,2532,4315
64587,2011-03-29,29,March,2011,57,Adults (35-64),M,United States,California,Bikes,Road Bikes,"Road-250 Red, 58",1,1555,2443,839,1555,2394
71457,2011-03-29,29,March,2011,62,Adults (35-64),M,United States,California,Bikes,Road Bikes,"Road-150 Red, 56",1,2171,3578,1335,2171,3506
58297,2011-03-29,29,March,2011,58,Adults (35-64),M,United States,California,Bikes,Road Bikes,"Road-150 Red, 48",4,2171,3578,5342,8684,14026
67791,2011-03-29,29,March,2011,61,Adults (35-64),M,United States,California,Bikes,Road Bikes,"Road-750 Black, 52",1,344,540,185,344,529
67615,2011-03-30,30,March,2011,33,Young Adults (25-34),F,United States,California,Bikes,Road Bikes,"Road-750 Black, 44",2,344,540,370,688,1058
64195,2011-03-30,30,March,2011,21,Youth (<25),F,Australia,New South Wales,Bikes,Road Bikes,"Road-250 Black, 58",1,1555,2443,570,1555,2125
61899,2011-03-30,30,March,2011,42,Adults (35-64),F,Australia,New South Wales,Bikes,Road Bikes,"Road-150 Red, 62",1,2171,3578,942,2171,3113
60277,2011-03-30,30,March,2011,32,Young Adults (25-34),F,United States,California,Bikes,Road Bikes,"Road-650 Red, 62",1,487,783,280,487,767
57311,2011-03-31,31,March,2011,30,Young Adults (25-34),M,United States,Oregon,Bikes,Mountain Bikes,"Mountain-100 Silver, 42",4,1912,3400,4048,7648,11696
53833,2011-03-31,31,March,2011,30,Young Adults (25-34),F,Australia,New South Wales,Bikes,Mountain Bikes,"Mountain-200 Silver, 38",1,1266,2320,752,1266,2018
59679,2011-03-31,31,March,2011,50,Adults (35-64),M,Germany,Hessen,Bikes,Road Bikes,"Road-250 Black, 48",1,1555,2443,717,1555,2272
67537,2011-03-31,31,March,2011,40,Adults (35-64),F,Canada,British Columbia,Bikes,Road Bikes,"Road-750 Black, 52",3,344,540,572,1032,1604
69465,2011-04-01,1,April,2011,26,Young Adults (25-34),M,Australia,New South Wales,Bikes,Road Bikes,"Road-550-W Yellow, 44",4,713,1120,1046,2852,3898
67415,2011-04-01,1,April,2011,28,Young Adults (25-34),F,United States,California,Bikes,Road Bikes,"Road-750 Black, 44",1,344,540,185,344,529
67361,2011-04-01,1,April,2011,22,Youth (<25),F,United States,California,Bikes,Road Bikes,"Road-750 Black, 44",2,344,540,370,688,1058
70027,2011-04-01,1,April,2011,19,Youth (<25),M,Australia,Victoria,Bikes,Road Bikes,"Road-750 Black, 44",4,344,540,330,1376,1706
59995,2011-04-01,1,April,2011,33,Young Adults (25-34),F,Germany,Hessen,Bikes,Road Bikes,"Road-150 Red, 56",2,2171,3578,2313,4342,6655
61821,2011-04-02,2,April,2011,31,Young Adults (25-34),F,Australia,Queensland,Bikes,Road Bikes,"Road-150 Red, 62",2,2171,3578,1669,4342,6011
56645,2011-04-02,2,April,2011,40,Adults (35-64),F,United States,Washington,Bikes,Mountain Bikes,"Mountain-500 Black, 40",2,295,540,252,590,842
64545,2011-04-02,2,April,2011,32,Young Adults (25-34),F,Australia,South Australia,Bikes,Road Bikes,"Road-350-W Yellow, 44",1,1083,1701,312,1083,1395
59719,2011-04-03,3,April,2011,40,Adults (35-64),M,United States,Oregon,Bikes,Road Bikes,"Road-550-W Yellow, 48",1,713,1120,250,713,963
64383,2011-04-03,3,April,2011,18,Youth (<25),M,Australia,Victoria,Bikes,Road Bikes,"Road-750 Black, 52",3,344,540,248,1032,1280
69893,2011-04-03,3,April,2011,29,Young Adults (25-34),M,Canada,British Columbia,Bikes,Road Bikes,"Road-750 Black, 48",1,344,540,191,344,535
60137,2011-04-03,3,April,2011,17,Youth (<25),F,Australia,Victoria,Bikes,Road Bikes,"Road-650 Red, 48",4,487,783,526,1948,2474
58217,2011-04-03,3,April,2011,33,Young Adults (25-34),F,United States,Washington,Bikes,Road Bikes,"Road-150 Red, 48",1,2171,3578,620,2171,2791
67935,2011-04-03,3,April,2011,47,Adults (35-64),M,Canada,British Columbia,Bikes,Road Bikes,"Road-750 Black, 58",4,344,540,762,1376,2138
50191,2011-04-03,3,April,2011,32,Young Adults (25-34),M,Australia,Victoria,Bikes,Mountain Bikes,"Mountain-200 Silver, 38",4,1266,2320,2267,5064,7331
69677,2011-04-03,3,April,2011,31,Young Adults (25-34),M,Australia,Victoria,Bikes,Road Bikes,"Road-550-W Yellow, 44",3,713,1120,515,2139,2654
59157,2011-04-03,3,April,2011,23,Youth (<25),M,United Kingdom,England,Bikes,Road Bikes,"Road-250 Red, 58",1,1555,2443,790,1555,2345
69443,2011-04-04,4,April,2011,27,Young Adults (25-34),F,Australia,New South Wales,Bikes,Road Bikes,"Road-550-W Yellow, 48",1,713,1120,261,713,974
66427,2011-04-04,4,April,2011,27,Young Adults (25-34),F,United States,Washington,Bikes,Road Bikes,"Road-750 Black, 52",3,344,540,232,1032,1264
64837,2011-04-04,4,April,2011,27,Young Adults (25-34),M,United States,California,Bikes,Road Bikes,"Road-550-W Yellow, 42",1,713,1120,385,713,1098
60011,2011-04-04,4,April,2011,34,Young Adults (25-34),M,Germany,Hessen,Bikes,Road Bikes,"Road-150 Red, 62",3,2171,3578,3470,6513,9983
50185,2011-04-04,4,April,2011,29,Young Adults (25-34),M,Australia,New South Wales,Bikes,Mountain Bikes,"Mountain-200 Black, 46",1,1252,2295,745,1252,1997
54037,2011-04-04,4,April,2011,41,Adults (35-64),M,United States,Washington,Bikes,Mountain Bikes,"Mountain-200 Silver, 46",2,1266,2320,1087,2532,3619
58399,2011-04-04,4,April,2011,32,Young Adults (25-34),F,United States,Washington,Bikes,Road Bikes,"Road-150 Red, 48",1,2171,3578,620,2171,2791
63423,2011-04-05,5,April,2011,24,Youth (<25),F,United States,California,Bikes,Road Bikes,"Road-550-W Yellow, 44",1,713,1120,385,713,1098
50479,2011-04-05,5,April,2011,41,Adults (35-64),F,Germany,Hamburg,Bikes,Mountain Bikes,"Mountain-200 Silver, 42",4,1266,2320,3566,5064,8630
63791,2011-04-05,5,April,2011,29,Young Adults (25-34),F,France,Nord,Bikes,Road Bikes,"Road-650 Black, 58",1,487,783,194,487,681
62045,2011-04-05,5,April,2011,39,Adults (35-64),M,United States,California,Bikes,Road Bikes,"Road-350-W Yellow, 42",1,1083,1701,584,1083,1667
60447,2011-04-05,5,April,2011,30,Young Adults (25-34),M,United States,Washington,Bikes,Road Bikes,"Road-650 Red, 58",4,487,783,495,1948,2443
54785,2011-04-06,6,April,2011,39,Adults (35-64),M,United States,California,Bikes,Mountain Bikes,"Mountain-200 Black, 42",1,1252,2295,997,1252,2249
66443,2011-04-06,6,April,2011,34,Young Adults (25-34),M,Canada,British Columbia,Bikes,Road Bikes,"Road-750 Black, 52",1,344,540,191,344,535
68573,2011-04-06,6,April,2011,18,Youth (<25),M,Canada,British Columbia,Bikes,Road Bikes,"Road-150 Red, 48",1,2171,3578,1371,2171,3542
62379,2011-04-06,6,April,2011,19,Youth (<25),M,Australia,New South Wales,Bikes,Road Bikes,"Road-550-W Yellow, 42",4,713,1120,1046,2852,3898
59423,2011-04-06,6,April,2011,19,Youth (<25),M,United States,California,Bikes,Road Bikes,"Road-550-W Yellow, 42",1,713,1120,385,713,1098
54993,2011-04-07,7,April,2011,43,Adults (35-64),M,Australia,Victoria,Bikes,Mountain Bikes,"Mountain-200 Black, 46",1,1252,2295,561,1252,1813
50217,2011-04-07,7,April,2011,33,Young Adults (25-34),M,Australia,Queensland,Bikes,Mountain Bikes,"Mountain-200 Silver, 46",1,1266,2320,683,1266,1949
60189,2011-04-07,7,April,2011,53,Adults (35-64),M,France,Seine (Paris),Bikes,Road Bikes,"Road-150 Red, 48",1,2171,3578,763,2171,2934
70061,2011-04-07,7,April,2011,39,Adults (35-64),F,United Kingdom,England,Bikes,Road Bikes,"Road-750 Black, 48",2,344,540,349,688,1037
58813,2011-04-07,7,April,2011,28,Young Adults (25-34),M,United States,California,Bikes,Road Bikes,"Road-150 Red, 62",1,2171,3578,1335,2171,3506
63881,2011-04-07,7,April,2011,31,Young Adults (25-34),F,Australia,Tasmania,Bikes,Road Bikes,"Road-250 Red, 58",4,1555,2443,1695,6220,7915
59185,2011-04-07,7,April,2011,24,Youth (<25),F,United Kingdom,England,Bikes,Road Bikes,"Road-150 Red, 48",2,2171,3578,2528,4342,6870
70319,2011-04-07,7,April,2011,40,Adults (35-64),M,United States,Washington,Bikes,Road Bikes,"Road-650 Black, 48",1,487,783,124,487,611
58361,2011-04-07,7,April,2011,24,Youth (<25),M,United States,California,Bikes,Road Bikes,"Road-150 Red, 44",1,2171,3578,1335,2171,3506
66391,2011-04-08,8,April,2011,25,Young Adults (25-34),M,Canada,British Columbia,Bikes,Road Bikes,"Road-150 Red, 44",1,2171,3578,1371,2171,3542
60179,2011-04-08,8,April,2011,27,Young Adults (25-34),F,France,Seine Saint Denis,Bikes,Road Bikes,"Road-250 Red, 58",1,1555,2443,448,1555,2003
63277,2011-04-08,8,April,2011,47,Adults (35-64),M,France,Seine Saint Denis,Bikes,Road Bikes,"Road-550-W Yellow, 42",3,713,1120,616,2139,2755
59187,2011-04-09,9,April,2011,24,Youth (<25),F,United Kingdom,England,Bikes,Road Bikes,"Road-150 Red, 48",1,2171,3578,1264,2171,3435
71273,2011-04-09,9,April,2011,30,Young Adults (25-34),M,United States,California,Bikes,Road Bikes,"Road-150 Red, 48",2,2171,3578,2671,4342,7013
60021,2011-04-09,9,April,2011,18,Youth (<25),M,Germany,Saarland,Bikes,Road Bikes,"Road-150 Red, 48",1,2171,3578,763,2171,2934
68289,2011-04-09,9,April,2011,20,Youth (<25),F,Australia,New South Wales,Bikes,Road Bikes,"Road-750 Black, 58",1,344,540,126,344,470
63365,2011-04-09,9,April,2011,25,Young Adults (25-34),F,Australia,New South Wales,Bikes,Road Bikes,"Road-250 Black, 52",3,1555,2443,1711,4665,6376
54787,2011-04-10,10,April,2011,39,Adults (35-64),M,United States,California,Bikes,Mountain Bikes,"Mountain-200 Black, 42",3,1252,2295,2991,3756,6747
66465,2011-04-10,10,April,2011,24,Youth (<25),M,United States,Washington,Bikes,Road Bikes,"Road-150 Red, 56",4,2171,3578,2479,8684,11163
60391,2011-04-10,10,April,2011,51,Adults (35-64),F,Australia,New South Wales,Bikes,Road Bikes,"Road-350-W Yellow, 40",1,1083,1701,397,1083,1480
68059,2011-04-10,10,April,2011,34,Young Adults (25-34),F,Germany,Hessen,Bikes,Road Bikes,"Road-750 Black, 48",1,344,540,158,344,502
59997,2011-04-10,10,April,2011,33,Young Adults (25-34),F,Germany,Hessen,Bikes,Road Bikes,"Road-150 Red, 56",1,2171,3578,1157,2171,3328
64541,2011-04-11,11,April,2011,66,Seniors (64+),M,Australia,New South Wales,Bikes,Road Bikes,"Road-350-W Yellow, 48",1,1083,1701,397,1083,1480
65429,2011-04-11,11,April,2011,27,Young Adults (25-34),F,Australia,Queensland,Bikes,Road Bikes,"Road-250 Red, 58",4,1555,2443,1988,6220,8208
54695,2011-04-11,11,April,2011,42,Adults (35-64),F,Germany,Saarland,Bikes,Mountain Bikes,"Mountain-200 Silver, 46",2,1266,2320,1273,2532,3805
56873,2011-04-11,11,April,2011,30,Young Adults (25-34),F,Canada,British Columbia,Bikes,Mountain Bikes,"Mountain-200 Silver, 38",1,1266,2320,1031,1266,2297
55321,2011-04-11,11,April,2011,31,Young Adults (25-34),F,Australia,New South Wales,Bikes,Mountain Bikes,"Mountain-400-W Silver, 42",1,420,769,249,420,669
58443,2011-04-11,11,April,2011,19,Youth (<25),F,United States,Washington,Bikes,Road Bikes,"Road-150 Red, 48",1,2171,3578,620,2171,2791
71483,2011-04-12,12,April,2011,44,Adults (35-64),F,United States,California,Bikes,Road Bikes,"Road-150 Red, 62",1,2171,3578,1335,2171,3506
64289,2011-04-12,12,April,2011,34,Young Adults (25-34),F,United States,California,Bikes,Road Bikes,"Road-250 Black, 52",1,1555,2443,839,1555,2394
58775,2011-04-12,12,April,2011,48,Adults (35-64),M,France,Hauts de Seine,Bikes,Road Bikes,"Road-250 Black, 58",2,1555,2443,1434,3110,4544
58397,2011-04-12,12,April,2011,28,Young Adults (25-34),M,United States,Wyoming,Bikes,Road Bikes,"Road-150 Red, 56",4,2171,3578,2479,8684,11163
69931,2011-04-12,12,April,2011,37,Adults (35-64),F,Canada,British Columbia,Bikes,Road Bikes,"Road-650 Black, 60",1,487,783,288,487,775
71335,2011-04-12,12,April,2011,39,Adults (35-64),F,United States,Washington,Bikes,Road Bikes,"Road-150 Red, 48",1,2171,3578,620,2171,2791
52733,2011-04-12,12,April,2011,33,Young Adults (25-34),F,Australia,Queensland,Bikes,Mountain Bikes,"Mountain-200 Silver, 38",1,1266,2320,683,1266,1949
63783,2011-04-12,12,April,2011,46,Adults (35-64),M,Germany,Saarland,Bikes,Road Bikes,"Road-650 Red, 58",1,487,783,155,487,642
64267,2011-04-12,12,April,2011,28,Young Adults (25-34),M,United States,Washington,Bikes,Road Bikes,"Road-550-W Yellow, 48",4,713,1120,642,2852,3494
50875,2011-04-12,12,April,2011,40,Adults (35-64),M,United States,California,Bikes,Mountain Bikes,"Mountain-200 Black, 42",1,1252,2295,997,1252,2249
58785,2011-04-12,12,April,2011,27,Young Adults (25-34),F,France,Essonne,Bikes,Road Bikes,"Road-150 Red, 48",1,2171,3578,1264,2171,3435
64485,2011-04-12,12,April,2011,30,Young Adults (25-34),F,Australia,Queensland,Bikes,Road Bikes,"Road-350-W Yellow, 48",1,1083,1701,346,1083,1429
49627,2011-04-13,13,April,2011,36,Adults (35-64),M,Germany,Nordrhein-Westfalen,Bikes,Mountain Bikes,"Mountain-200 Silver, 38",3,1266,2320,2257,3798,6055
70107,2011-04-13,13,April,2011,27,Young Adults (25-34),M,Canada,British Columbia,Bikes,Road Bikes,"Road-650 Red, 44",1,487,783,288,487,775
64517,2011-04-13,13,April,2011,31,Young Adults (25-34),F,Australia,South Australia,Bikes,Road Bikes,"Road-250 Black, 48",1,1555,2443,448,1555,2003
53629,2011-04-13,13,April,2011,38,Adults (35-64),M,Germany,Saarland,Bikes,Mountain Bikes,"Mountain-500 Black, 40",1,295,540,148,295,443
58771,2011-04-14,14,April,2011,53,Adults (35-64),F,France,Hauts de Seine,Bikes,Road Bikes,"Road-250 Black, 44",1,1555,2443,717,1555,2272
59327,2011-04-14,14,April,2011,30,Young Adults (25-34),M,Germany,Nordrhein-Westfalen,Bikes,Road Bikes,"Road-150 Red, 48",4,2171,3578,3767,8684,12451
71275,2011-04-14,14,April,2011,30,Young Adults (25-34),M,United States,California,Bikes,Road Bikes,"Road-150 Red, 48",4,2171,3578,5342,8684,14026
58431,2011-04-15,15,April,2011,20,Youth (<25),M,United States,Washington,Bikes,Road Bikes,"Road-150 Red, 56",1,2171,3578,620,2171,2791
67457,2011-04-15,15,April,2011,24,Youth (<25),M,United Kingdom,England,Bikes,Road Bikes,"Road-750 Black, 44",3,344,540,523,1032,1555
60279,2011-04-15,15,April,2011,32,Young Adults (25-34),F,United States,California,Bikes,Road Bikes,"Road-650 Red, 62",4,487,783,1121,1948,3069
68939,2011-04-15,15,April,2011,36,Adults (35-64),M,Australia,New South Wales,Bikes,Road Bikes,"Road-550-W Yellow, 48",3,713,1120,784,2139,2923
64997,2011-04-15,15,April,2011,18,Youth (<25),M,Australia,New South Wales,Bikes,Road Bikes,"Road-750 Black, 44",1,344,540,126,344,470
60031,2011-04-15,15,April,2011,23,Youth (<25),F,United Kingdom,England,Bikes,Road Bikes,"Road-150 Red, 56",3,2171,3578,3792,6513,10305
66393,2011-04-15,15,April,2011,25,Young Adults (25-34),M,Canada,British Columbia,Bikes,Road Bikes,"Road-150 Red, 44",1,2171,3578,1371,2171,3542
64455,2011-04-15,15,April,2011,29,Young Adults (25-34),F,Australia,Queensland,Bikes,Road Bikes,"Road-250 Black, 44",1,1555,2443,497,1555,2052
65880,2011-04-15,15,April,2011,27,Young Adults (25-34),F,United States,California,Bikes,Road Bikes,"Road-750 Black, 58",2,344,540,370,688,1058
69331,2011-04-15,15,April,2011,17,Youth (<25),M,Australia,Victoria,Bikes,Road Bikes,"Road-750 Black, 48",3,344,540,248,1032,1280
65881,2011-04-15,15,April,2011,27,Young Adults (25-34),F,United States,California,Bikes,Road Bikes,"Road-750 Black, 58",3,344,540,556,1032,1588
52513,2011-04-15,15,April,2011,33,Young Adults (25-34),F,Australia,New South Wales,Bikes,Mountain Bikes,"Mountain-200 Black, 38",1,1252,2295,745,1252,1997
53597,2011-04-15,15,April,2011,46,Adults (35-64),F,Australia,New South Wales,Bikes,Mountain Bikes,"Mountain-400-W Silver, 40",1,420,769,249,420,669
68879,2011-04-16,16,April,2011,24,Youth (<25),F,Canada,British Columbia,Bikes,Road Bikes,"Road-250 Black, 48",4,1555,2443,3454,6220,9674
50253,2011-04-16,16,April,2011,41,Adults (35-64),M,Australia,Queensland,Bikes,Mountain Bikes,"Mountain-200 Black, 38",4,1252,2295,2703,5008,7711
55929,2011-04-16,16,April,2011,39,Adults (35-64),F,United States,California,Bikes,Mountain Bikes,"Mountain-200 Black, 46",3,1252,2295,2991,3756,6747
49361,2011-04-16,16,April,2011,50,Adults (35-64),F,Australia,New South Wales,Bikes,Mountain Bikes,"Mountain-200 Silver, 42",1,1266,2320,752,1266,2018
66243,2011-04-16,16,April,2011,25,Young Adults (25-34),F,United States,California,Bikes,Road Bikes,"Road-750 Black, 44",1,344,540,185,344,529
58815,2011-04-16,16,April,2011,28,Young Adults (25-34),M,United States,California,Bikes,Road Bikes,"Road-150 Red, 62",1,2171,3578,1335,2171,3506
50225,2011-04-16,16,April,2011,51,Adults (35-64),F,Australia,New South Wales,Bikes,Mountain Bikes,"Mountain-200 Silver, 42",3,1266,2320,2257,3798,6055
69501,2011-04-17,17,April,2011,46,Adults (35-64),F,Canada,British Columbia,Bikes,Road Bikes,"Road-250 Red, 52",4,1519,2443,3598,6076,9674
71055,2011-04-17,17,April,2011,26,Young Adults (25-34),F,United States,Washington,Bikes,Road Bikes,"Road-150 Red, 62",4,2171,3578,2479,8684,11163
60005,2011-04-17,17,April,2011,33,Young Adults (25-34),F,Germany,Hamburg,Bikes,Road Bikes,"Road-250 Red, 48",2,1519,2443,1506,3038,4544
53587,2011-04-17,17,April,2011,48,Adults (35-64),M,Australia,New South Wales,Bikes,Mountain Bikes,"Mountain-200 Black, 38",3,1252,2295,2234,3756,5990
70543,2011-04-17,17,April,2011,46,Adults (35-64),M,Canada,British Columbia,Bikes,Road Bikes,"Road-150 Red, 44",2,2171,3578,2742,4342,7084
64269,2011-04-17,17,April,2011,28,Young Adults (25-34),M,United States,Washington,Bikes,Road Bikes,"Road-550-W Yellow, 48",1,713,1120,161,713,874
70711,2011-04-17,17,April,2011,38,Adults (35-64),F,United States,California,Bikes,Road Bikes,"Road-150 Red, 48",1,2171,3578,1335,2171,3506
49607,2011-04-17,17,April,2011,35,Adults (35-64),F,Germany,Nordrhein-Westfalen,Bikes,Mountain Bikes,"Mountain-200 Silver, 42",1,1266,2320,752,1266,2018
60465,2011-04-17,17,April,2011,30,Young Adults (25-34),F,United States,California,Bikes,Road Bikes,"Road-650 Black, 58",2,487,783,561,974,1535
67437,2011-04-18,18,April,2011,30,Young Adults (25-34),F,United States,Oregon,Bikes,Road Bikes,"Road-750 Black, 58",3,344,540,361,1032,1393
67417,2011-04-18,18,April,2011,28,Young Adults (25-34),F,United States,California,Bikes,Road Bikes,"Road-750 Black, 44",3,344,540,556,1032,1588
67669,2011-04-18,18,April,2011,35,Adults (35-64),M,Canada,British Columbia,Bikes,Road Bikes,"Road-750 Black, 52",1,344,540,191,344,535
67093,2011-04-18,18,April,2011,29,Young Adults (25-34),M,Australia,Queensland,Bikes,Road Bikes,"Road-250 Black, 52",1,1555,2443,497,1555,2052
69723,2011-04-18,18,April,2011,37,Adults (35-64),F,Australia,New South Wales,Bikes,Road Bikes,"Road-550-W Yellow, 38",1,713,1120,261,713,974
60619,2011-04-18,18,April,2011,31,Young Adults (25-34),F,United States,California,Bikes,Road Bikes,"Road-650 Black, 62",1,487,783,280,487,767
62675,2011-04-18,18,April,2011,52,Adults (35-64),F,France,Hauts de Seine,Bikes,Road Bikes,"Road-250 Black, 44",1,1555,2443,717,1555,2272
64839,2011-04-19,19,April,2011,27,Young Adults (25-34),M,United States,California,Bikes,Road Bikes,"Road-550-W Yellow, 42",1,713,1120,385,713,1098
58423,2011-04-19,19,April,2011,26,Young Adults (25-34),F,United States,Oregon,Bikes,Road Bikes,"Road-150 Red, 62",1,2171,3578,906,2171,3077
65267,2011-04-19,19,April,2011,28,Young Adults (25-34),M,Germany,Brandenburg,Bikes,Road Bikes,"Road-350-W Yellow, 42",1,1083,1701,601,1083,1684
54789,2011-04-19,19,April,2011,39,Adults (35-64),M,United States,California,Bikes,Mountain Bikes,"Mountain-200 Black, 42",4,1252,2295,3988,5008,8996
71221,2011-04-20,20,April,2011,51,Adults (35-64),M,Australia,Victoria,Bikes,Road Bikes,"Road-750 Black, 44",1,344,540,83,344,427
66943,2011-04-20,20,April,2011,34,Young Adults (25-34),M,Germany,Bayern,Bikes,Road Bikes,"Road-750 Black, 58",1,344,540,191,344,535
61823,2011-04-20,20,April,2011,31,Young Adults (25-34),F,Australia,Queensland,Bikes,Road Bikes,"Road-150 Red, 62",3,2171,3578,2504,6513,9017
50125,2011-04-20,20,April,2011,29,Young Adults (25-34),F,Australia,New South Wales,Bikes,Mountain Bikes,"Mountain-200 Silver, 38",2,1266,2320,1505,2532,4037
61663,2011-04-20,20,April,2011,31,Young Adults (25-34),F,Australia,New South Wales,Bikes,Road Bikes,"Road-150 Red, 62",1,2171,3578,942,2171,3113
71161,2011-04-20,20,April,2011,26,Young Adults (25-34),F,United States,California,Bikes,Road Bikes,"Road-150 Red, 62",1,2171,3578,1335,2171,3506
50249,2011-04-20,20,April,2011,48,Adults (35-64),F,Australia,Victoria,Bikes,Mountain Bikes,"Mountain-500 Silver, 40",1,308,565,138,308,446
69841,2011-04-20,20,April,2011,26,Young Adults (25-34),M,Australia,Victoria,Bikes,Road Bikes,"Road-750 Black, 52",3,344,540,248,1032,1280
67509,2011-04-20,20,April,2011,41,Adults (35-64),F,United States,California,Bikes,Road Bikes,"Road-750 Black, 52",4,344,540,741,1376,2117
65407,2011-04-20,20,April,2011,28,Young Adults (25-34),F,Australia,Victoria,Bikes,Road Bikes,"Road-250 Black, 48",1,1555,2443,375,1555,1930
64497,2011-04-20,20,April,2011,28,Young Adults (25-34),F,Australia,Queensland,Bikes,Road Bikes,"Road-250 Black, 48",2,1555,2443,994,3110,4104
50275,2011-04-21,21,April,2011,39,Adults (35-64),M,Australia,South Australia,Bikes,Mountain Bikes,"Mountain-200 Black, 46",4,1252,2295,2520,5008,7528
51501,2011-04-21,21,April,2011,47,Adults (35-64),F,Australia,New South Wales,Bikes,Mountain Bikes,"Mountain-500 Silver, 42",1,308,565,184,308,492
62699,2011-04-21,21,April,2011,27,Young Adults (25-34),M,Australia,New South Wales,Bikes,Road Bikes,"Road-250 Black, 52",4,1555,2443,2282,6220,8502
60621,2011-04-21,21,April,2011,31,Young Adults (25-34),F,United States,California,Bikes,Road Bikes,"Road-650 Black, 62",1,487,783,280,487,767
64243,2011-04-21,21,April,2011,25,Young Adults (25-34),F,Australia,Queensland,Bikes,Road Bikes,"Road-250 Black, 58",3,1555,2443,1491,4665,6156
67995,2011-04-22,22,April,2011,29,Young Adults (25-34),F,Canada,British Columbia,Bikes,Road Bikes,"Road-550-W Yellow, 38",4,713,1120,1583,2852,4435
61377,2011-04-22,22,April,2011,26,Young Adults (25-34),F,Australia,Victoria,Bikes,Road Bikes,"Road-150 Red, 44",1,2171,3578,656,2171,2827
50495,2011-04-22,22,April,2011,32,Young Adults (25-34),M,United States,Washington,Bikes,Mountain Bikes,"Mountain-200 Black, 42",1,1252,2295,538,1252,1790
60449,2011-04-22,22,April,2011,30,Young Adults (25-34),M,United States,Washington,Bikes,Road Bikes,"Road-650 Red, 58",4,487,783,495,1948,2443
64487,2011-04-23,23,April,2011,30,Young Adults (25-34),F,Australia,Queensland,Bikes,Road Bikes,"Road-350-W Yellow, 48",3,1083,1701,1038,3249,4287
60623,2011-04-23,23,April,2011,31,Young Adults (25-34),F,United States,California,Bikes,Road Bikes,"Road-650 Black, 62",1,487,783,280,487,767
61847,2011-04-23,23,April,2011,31,Young Adults (25-34),M,Australia,New South Wales,Bikes,Road Bikes,"Road-150 Red, 48",1,2171,3578,942,2171,3113
68339,2011-04-23,23,April,2011,50,Adults (35-64),M,Australia,New South Wales,Bikes,Road Bikes,"Road-750 Black, 52",1,344,540,126,344,470
64841,2011-04-23,23,April,2011,27,Young Adults (25-34),M,United States,California,Bikes,Road Bikes,"Road-550-W Yellow, 42",4,713,1120,1538,2852,4390
63021,2011-04-23,23,April,2011,29,Young Adults (25-34),F,Australia,New South Wales,Bikes,Road Bikes,"Road-250 Black, 44",2,1555,2443,1141,3110,4251
71277,2011-04-23,23,April,2011,30,Young Adults (25-34),M,United States,California,Bikes,Road Bikes,"Road-150 Red, 48",2,2171,3578,2671,4342,7013
51503,2011-04-23,23,April,2011,47,Adults (35-64),F,Australia,New South Wales,Bikes,Mountain Bikes,"Mountain-500 Silver, 42",1,308,565,184,308,492
66977,2011-04-23,23,April,2011,23,Youth (<25),F,France,Moselle,Bikes,Road Bikes,"Road-750 Black, 58",2,344,540,262,688,950
60467,2011-04-23,23,April,2011,30,Young Adults (25-34),F,United States,California,Bikes,Road Bikes,"Road-650 Black, 58",4,487,783,1121,1948,3069
66983,2011-04-24,24,April,2011,32,Young Adults (25-34),M,United States,California,Bikes,Road Bikes,"Road-750 Black, 48",3,344,540,556,1032,1588
63823,2011-04-24,24,April,2011,30,Young Adults (25-34),M,Germany,Saarland,Bikes,Road Bikes,"Road-650 Red, 52",2,487,783,310,974,1284
68257,2011-04-24,24,April,2011,20,Youth (<25),M,Australia,Victoria,Bikes,Road Bikes,"Road-750 Black, 44",1,344,540,83,344,427
52629,2011-04-24,24,April,2011,42,Adults (35-64),M,Australia,New South Wales,Bikes,Mountain Bikes,"Mountain-200 Black, 42",1,1252,2295,745,1252,1997
64529,2011-04-25,25,April,2011,30,Young Adults (25-34),F,Australia,New South Wales,Bikes,Road Bikes,"Road-250 Black, 48",3,1555,2443,1711,4665,6376
50267,2011-04-25,25,April,2011,40,Adults (35-64),F,Australia,Queensland,Bikes,Mountain Bikes,"Mountain-200 Black, 38",1,1252,2295,676,1252,1928
64935,2011-04-25,25,April,2011,40,Adults (35-64),M,United States,California,Bikes,Road Bikes,"Road-550-W Yellow, 42",1,713,1120,385,713,1098
49611,2011-04-25,25,April,2011,36,Adults (35-64),F,Germany,Bayern,Bikes,Mountain Bikes,"Mountain-200 Silver, 38",1,1266,2320,1031,1266,2297
62561,2011-04-25,25,April,2011,34,Young Adults (25-34),F,Germany,Hamburg,Bikes,Road Bikes,"Road-350-W Yellow, 40",1,1083,1701,499,1083,1582
64475,2011-04-25,25,April,2011,29,Young Adults (25-34),M,Australia,South Australia,Bikes,Road Bikes,"Road-350-W Yellow, 40",1,1083,1701,312,1083,1395
57319,2011-04-25,25,April,2011,39,Adults (35-64),M,United States,Washington,Bikes,Mountain Bikes,"Mountain-100 Black, 42",1,1898,3375,735,1898,2633
58363,2011-04-25,25,April,2011,24,Youth (<25),M,United States,California,Bikes,Road Bikes,"Road-150 Red, 44",2,2171,3578,2671,4342,7013
64251,2011-04-26,26,April,2011,27,Young Adults (25-34),F,Australia,South Australia,Bikes,Road Bikes,"Road-250 Black, 48",4,1555,2443,1793,6220,8013
59285,2011-04-26,26,April,2011,29,Young Adults (25-34),M,France,Hauts de Seine,Bikes,Road Bikes,"Road-150 Red, 62",3,2171,3578,3470,6513,9983
62007,2011-04-26,26,April,2011,26,Young Adults (25-34),F,United Kingdom,England,Bikes,Road Bikes,"Road-350-W Yellow, 44",1,1083,1701,550,1083,1633
60795,2011-04-26,26,April,2011,26,Young Adults (25-34),M,United Kingdom,England,Bikes,Road Bikes,"Road-250 Black, 44",1,1555,2443,790,1555,2345
64291,2011-04-27,27,April,2011,34,Young Adults (25-34),F,United States,California,Bikes,Road Bikes,"Road-250 Black, 52",4,1555,2443,3357,6220,9577
62535,2011-04-27,27,April,2011,34,Young Adults (25-34),F,Germany,Saarland,Bikes,Road Bikes,"Road-350-W Yellow, 48",1,1083,1701,312,1083,1395
62047,2011-04-27,27,April,2011,39,Adults (35-64),M,United States,California,Bikes,Road Bikes,"Road-350-W Yellow, 42",1,1083,1701,584,1083,1667
58401,2011-04-27,27,April,2011,32,Young Adults (25-34),F,United States,Washington,Bikes,Road Bikes,"Road-150 Red, 48",2,2171,3578,1240,4342,5582
59879,2011-04-27,27,April,2011,31,Young Adults (25-34),M,United States,Washington,Bikes,Road Bikes,"Road-650 Black, 48",1,487,783,124,487,611
71197,2011-04-27,27,April,2011,29,Young Adults (25-34),M,United States,California,Bikes,Road Bikes,"Road-150 Red, 48",1,2171,3578,1335,2171,3506
52647,2011-04-27,27,April,2011,38,Adults (35-64),F,Australia,New South Wales,Bikes,Mountain Bikes,"Mountain-400-W Silver, 42",1,420,769,249,420,669
58781,2011-04-27,27,April,2011,24,Youth (<25),F,France,Essonne,Bikes,Road Bikes,"Road-150 Red, 62",1,2171,3578,1264,2171,3435
60191,2011-04-27,27,April,2011,53,Adults (35-64),M,France,Seine (Paris),Bikes,Road Bikes,"Road-150 Red, 48",1,2171,3578,763,2171,2934
63797,2011-04-28,28,April,2011,31,Young Adults (25-34),M,Germany,Saarland,Bikes,Road Bikes,"Road-550-W Yellow, 38",2,713,1120,411,1426,1837
66985,2011-04-28,28,April,2011,32,Young Adults (25-34),M,United States,California,Bikes,Road Bikes,"Road-750 Black, 48",1,344,540,185,344,529
60393,2011-04-28,28,April,2011,51,Adults (35-64),F,Australia,New South Wales,Bikes,Road Bikes,"Road-350-W Yellow, 40",3,1083,1701,1191,3249,4440
63425,2011-04-28,28,April,2011,24,Youth (<25),F,United States,California,Bikes,Road Bikes,"Road-550-W Yellow, 44",1,713,1120,385,713,1098
66415,2011-04-28,28,April,2011,28,Young Adults (25-34),M,Canada,British Columbia,Bikes,Road Bikes,"Road-550-W Yellow, 44",1,713,1120,396,713,1109
64937,2011-04-28,28,April,2011,40,Adults (35-64),M,United States,California,Bikes,Road Bikes,"Road-550-W Yellow, 42",1,713,1120,385,713,1098
64561,2011-04-28,28,April,2011,18,Youth (<25),M,United States,California,Bikes,Road Bikes,"Road-550-W Yellow, 40",3,713,1120,1154,2139,3293
62747,2011-04-29,29,April,2011,34,Young Adults (25-34),M,Australia,Victoria,Bikes,Road Bikes,"Road-250 Black, 44",2,1555,2443,750,3110,3860
58783,2011-04-29,29,April,2011,26,Young Adults (25-34),M,France,Yveline,Bikes,Road Bikes,"Road-750 Black, 48",4,344,540,266,1376,1642
60625,2011-04-29,29,April,2011,31,Young Adults (25-34),F,United States,California,Bikes,Road Bikes,"Road-650 Black, 62",3,487,783,841,1461,2302
64499,2011-04-29,29,April,2011,28,Young Adults (25-34),F,Australia,Queensland,Bikes,Road Bikes,"Road-250 Black, 48",3,1555,2443,1491,4665,6156
71057,2011-04-29,29,April,2011,26,Young Adults (25-34),F,United States,Washington,Bikes,Road Bikes,"Road-150 Red, 62",1,2171,3578,620,2171,2791
65883,2011-04-29,29,April,2011,27,Young Adults (25-34),F,United States,California,Bikes,Road Bikes,"Road-750 Black, 58",1,344,540,185,344,529
69651,2011-04-29,29,April,2011,39,Adults (35-64),F,Canada,British Columbia,Bikes,Road Bikes,"Road-250 Red, 58",1,1555,2443,864,1555,2419
50163,2011-04-29,29,April,2011,32,Young Adults (25-34),F,Australia,Queensland,Bikes,Mountain Bikes,"Mountain-200 Silver, 42",4,1266,2320,2731,5064,7795
58817,2011-04-29,29,April,2011,28,Young Adults (25-34),M,United States,California,Bikes,Road Bikes,"Road-150 Red, 62",4,2171,3578,5342,8684,14026
50201,2011-04-29,29,April,2011,32,Young Adults (25-34),M,Australia,New South Wales,Bikes,Mountain Bikes,"Mountain-200 Silver, 46",1,1266,2320,752,1266,2018
68881,2011-04-29,29,April,2011,24,Youth (<25),F,Canada,British Columbia,Bikes,Road Bikes,"Road-250 Black, 48",1,1555,2443,864,1555,2419
70307,2011-04-30,30,April,2011,44,Adults (35-64),M,Canada,British Columbia,Bikes,Road Bikes,"Road-150 Red, 62",4,2171,3578,5485,8684,14169
63817,2011-04-30,30,April,2011,30,Young Adults (25-34),F,Germany,Saarland,Bikes,Road Bikes,"Road-650 Red, 52",2,487,783,310,974,1284
69467,2011-04-30,30,April,2011,26,Young Adults (25-34),M,Australia,New South Wales,Bikes,Road Bikes,"Road-550-W Yellow, 44",3,713,1120,784,2139,2923
53055,2011-04-30,30,April,2011,39,Adults (35-64),F,Australia,New South Wales,Bikes,Mountain Bikes,"Mountain-400-W Silver, 40",1,420,769,249,420,669
69933,2011-04-30,30,April,2011,37,Adults (35-64),F,Canada,British Columbia,Bikes,Road Bikes,"Road-650 Black, 60",1,487,783,288,487,775
54839,2011-04-30,30,April,2011,26,Young Adults (25-34),M,United Kingdom,England,Bikes,Mountain Bikes,"Mountain-200 Black, 38",1,1252,2295,951,1252,2203
64939,2011-04-30,30,April,2011,40,Adults (35-64),M,United States,California,Bikes,Road Bikes,"Road-550-W Yellow, 42",2,713,1120,769,1426,2195
69679,2011-04-30,30,April,2011,31,Young Adults (25-34),M,Australia,Victoria,Bikes,Road Bikes,"Road-550-W Yellow, 44",2,713,1120,344,1426,1770
70663,2011-04-30,30,April,2011,29,Young Adults (25-34),F,United States,California,Bikes,Road Bikes,"Road-150 Red, 52",2,2171,3578,2671,4342,7013
70761,2011-04-30,30,April,2011,39,Adults (35-64),F,United States,California,Bikes,Road Bikes,"Road-150 Red, 48",1,2171,3578,1335,2171,3506
68401,2011-04-30,30,April,2011,38,Adults (35-64),M,United States,California,Bikes,Road Bikes,"Road-150 Red, 52",1,2171,3578,1335,2171,3506
55601,2011-04-30,30,April,2011,26,Young Adults (25-34),F,United Kingdom,England,Bikes,Mountain Bikes,"Mountain-400-W Silver, 42",4,420,769,1273,1680,2953
58379,2011-04-30,30,April,2011,27,Young Adults (25-34),M,United States,Washington,Bikes,Road Bikes,"Road-150 Red, 44",4,2171,3578,2479,8684,11163
66131,2011-05-01,1,May,2011,24,Youth (<25),F,Australia,New South Wales,Bikes,Road Bikes,"Road-250 Black, 52",1,1555,2443,570,1555,2125
64653,2011-05-01,1,May,2011,48,Adults (35-64),F,United States,California,Bikes,Road Bikes,"Road-550-W Yellow, 40",2,713,1120,769,1426,2195
71279,2011-05-01,1,May,2011,30,Young Adults (25-34),M,United States,California,Bikes,Road Bikes,"Road-150 Red, 48",1,2171,3578,1335,2171,3506
61045,2011-05-01,1,May,2011,40,Adults (35-64),F,United States,California,Bikes,Road Bikes,"Road-250 Black, 58",1,1555,2443,839,1555,2394
67589,2011-05-01,1,May,2011,42,Adults (35-64),M,Australia,Queensland,Bikes,Road Bikes,"Road-350-W Yellow, 48",1,1083,1701,346,1083,1429
60941,2011-05-01,1,May,2011,17,Youth (<25),M,United States,California,Bikes,Road Bikes,"Road-550-W Yellow, 38",1,713,1120,385,713,1098
58435,2011-05-01,1,May,2011,20,Youth (<25),M,United States,Oregon,Bikes,Road Bikes,"Road-150 Red, 48",2,2171,3578,1812,4342,6154
60940,2011-05-01,1,May,2011,17,Youth (<25),M,United States,California,Bikes,Road Bikes,"Road-550-W Yellow, 38",3,713,1120,1154,2139,3293
69529,2011-05-01,1,May,2011,49,Adults (35-64),F,Australia,New South Wales,Bikes,Road Bikes,"Road-750 Black, 58",2,344,540,252,688,940
58885,2011-05-01,1,May,2011,22,Youth (<25),M,United States,California,Bikes,Road Bikes,"Road-250 Red, 44",3,1519,2443,2625,4557,7182
70805,2011-05-01,1,May,2011,35,Adults (35-64),M,United States,Washington,Bikes,Road Bikes,"Road-150 Red, 48",4,2171,3578,2479,8684,11163
60325,2011-05-01,1,May,2011,36,Adults (35-64),F,United States,California,Bikes,Road Bikes,"Road-650 Red, 62",1,487,783,280,487,767
61477,2011-05-02,2,May,2011,41,Adults (35-64),F,Australia,New South Wales,Bikes,Road Bikes,"Road-150 Red, 56",1,2171,3578,942,2171,3113
58455,2011-05-02,2,May,2011,53,Adults (35-64),M,United States,California,Bikes,Road Bikes,"Road-150 Red, 56",2,2171,3578,2671,4342,7013
65955,2011-05-02,2,May,2011,33,Young Adults (25-34),M,United States,California,Bikes,Road Bikes,"Road-750 Black, 48",3,344,540,556,1032,1588
59425,2011-05-02,2,May,2011,19,Youth (<25),M,United States,California,Bikes,Road Bikes,"Road-550-W Yellow, 42",1,713,1120,385,713,1098
69807,2011-05-02,2,May,2011,22,Youth (<25),F,Canada,British Columbia,Bikes,Road Bikes,"Road-350-W Yellow, 48",1,1083,1701,601,1083,1684
71485,2011-05-03,3,May,2011,44,Adults (35-64),F,United States,California,Bikes,Road Bikes,"Road-150 Red, 62",1,2171,3578,1335,2171,3506
60997,2011-05-03,3,May,2011,42,Adults (35-64),M,United States,California,Bikes,Road Bikes,"Road-750 Black, 44",1,344,540,185,344,529
60079,2011-05-03,3,May,2011,32,Young Adults (25-34),F,Germany,Hessen,Bikes,Road Bikes,"Road-250 Red, 48",2,1519,2443,1506,3038,4544
59697,2011-05-03,3,May,2011,23,Youth (<25),F,United States,California,Bikes,Road Bikes,"Road-550-W Yellow, 42",3,713,1120,1154,2139,3293
64609,2011-05-03,3,May,2011,46,Adults (35-64),F,Australia,South Australia,Bikes,Road Bikes,"Road-750 Black, 48",2,344,540,198,688,886
53029,2011-05-04,4,May,2011,35,Adults (35-64),M,Australia,New South Wales,Bikes,Mountain Bikes,"Mountain-200 Black, 42",4,1252,2295,2979,5008,7987
52649,2011-05-04,4,May,2011,38,Adults (35-64),F,Australia,New South Wales,Bikes,Mountain Bikes,"Mountain-400-W Silver, 42",2,420,769,498,840,1338
59009,2011-05-04,4,May,2011,40,Adults (35-64),M,France,Nord,Bikes,Road Bikes,"Road-250 Red, 58",2,1555,2443,1141,3110,4251
64655,2011-05-04,4,May,2011,48,Adults (35-64),F,United States,California,Bikes,Road Bikes,"Road-550-W Yellow, 40",1,713,1120,385,713,1098
60327,2011-05-04,4,May,2011,36,Adults (35-64),F,United States,California,Bikes,Road Bikes,"Road-650 Red, 62",4,487,783,1121,1948,3069
61811,2011-05-04,4,May,2011,22,Youth (<25),M,Australia,New South Wales,Bikes,Road Bikes,"Road-150 Red, 44",4,2171,3578,3767,8684,12451
65841,2011-05-04,4,May,2011,27,Young Adults (25-34),F,Canada,British Columbia,Bikes,Road Bikes,"Road-550-W Yellow, 48",1,713,1120,396,713,1109
64631,2011-05-04,4,May,2011,45,Adults (35-64),M,Australia,Queensland,Bikes,Road Bikes,"Road-750 Black, 58",2,344,540,219,688,907
70221,2011-05-04,4,May,2011,48,Adults (35-64),M,Australia,Queensland,Bikes,Road Bikes,"Road-750 Black, 48",1,344,540,110,344,454
61681,2011-05-04,4,May,2011,34,Young Adults (25-34),F,Australia,Victoria,Bikes,Road Bikes,"Road-150 Red, 48",1,2171,3578,656,2171,2827
58887,2011-05-04,4,May,2011,22,Youth (<25),M,United States,California,Bikes,Road Bikes,"Road-250 Red, 44",3,1519,2443,2625,4557,7182
58869,2011-05-05,5,May,2011,23,Youth (<25),F,Canada,British Columbia,Bikes,Road Bikes,"Road-250 Red, 58",1,1555,2443,864,1555,2419
55975,2011-05-05,5,May,2011,36,Adults (35-64),M,United States,California,Bikes,Mountain Bikes,"Mountain-200 Black, 42",3,1252,2295,2991,3756,6747
52261,2011-05-05,5,May,2011,42,Adults (35-64),F,United States,California,Bikes,Mountain Bikes,"Mountain-200 Black, 46",1,1252,2295,997,1252,2249
63851,2011-05-05,5,May,2011,35,Adults (35-64),F,Germany,Nordrhein-Westfalen,Bikes,Road Bikes,"Road-250 Black, 44",1,1555,2443,570,1555,2125
59219,2011-05-05,5,May,2011,44,Adults (35-64),M,United States,Washington,Bikes,Road Bikes,"Road-250 Red, 52",1,1519,2443,387,1519,1906
66615,2011-05-06,6,May,2011,31,Young Adults (25-34),F,Germany,Nordrhein-Westfalen,Bikes,Road Bikes,"Road-750 Black, 58",1,344,540,126,344,470
57179,2011-05-06,6,May,2011,51,Adults (35-64),F,Germany,Saarland,Bikes,Mountain Bikes,"Mountain-200 Silver, 38",2,1266,2320,1273,2532,3805
56171,2011-05-06,6,May,2011,35,Adults (35-64),M,United States,California,Bikes,Mountain Bikes,"Mountain-200 Silver, 42",1,1266,2320,1008,1266,2274
64745,2011-05-06,6,May,2011,51,Adults (35-64),F,United Kingdom,England,Bikes,Road Bikes,"Road-650 Red, 52",4,487,783,1059,1948,3007
58493,2011-05-06,6,May,2011,45,Adults (35-64),M,United States,Washington,Bikes,Road Bikes,"Road-150 Red, 56",4,2171,3578,2479,8684,11163
51591,2011-05-06,6,May,2011,35,Adults (35-64),F,Australia,Queensland,Bikes,Mountain Bikes,"Mountain-200 Silver, 38",4,1266,2320,2731,5064,7795
60469,2011-05-06,6,May,2011,30,Young Adults (25-34),F,United States,California,Bikes,Road Bikes,"Road-650 Black, 58",1,487,783,280,487,767
64613,2011-05-06,6,May,2011,45,Adults (35-64),F,Australia,Victoria,Bikes,Road Bikes,"Road-750 Black, 48",1,344,540,83,344,427
69533,2011-05-06,6,May,2011,49,Adults (35-64),M,Australia,New South Wales,Bikes,Road Bikes,"Road-750 Black, 52",1,344,540,126,344,470
63163,2011-05-07,7,May,2011,46,Adults (35-64),F,United States,California,Bikes,Road Bikes,"Road-350-W Yellow, 48",1,1083,1701,584,1083,1667
70473,2011-05-07,7,May,2011,53,Adults (35-64),F,United States,California,Bikes,Road Bikes,"Road-150 Red, 44",3,2171,3578,4006,6513,10519
53995,2011-05-07,7,May,2011,32,Young Adults (25-34),F,United States,California,Bikes,Mountain Bikes,"Mountain-200 Silver, 46",3,1266,2320,3023,3798,6821
69535,2011-05-07,7,May,2011,49,Adults (35-64),M,Australia,New South Wales,Bikes,Road Bikes,"Road-750 Black, 52",4,344,540,503,1376,1879
50307,2011-05-07,7,May,2011,37,Adults (35-64),F,Australia,Queensland,Bikes,Mountain Bikes,"Mountain-200 Silver, 38",2,1266,2320,1366,2532,3898
66047,2011-05-08,8,May,2011,49,Adults (35-64),F,United States,California,Bikes,Road Bikes,"Road-550-W Yellow, 44",3,713,1120,1154,2139,3293
58477,2011-05-08,8,May,2011,52,Adults (35-64),M,United States,California,Bikes,Road Bikes,"Road-150 Red, 52",1,2171,3578,1335,2171,3506
69549,2011-05-08,8,May,2011,48,Adults (35-64),F,Australia,South Australia,Bikes,Road Bikes,"Road-750 Black, 58",4,344,540,395,1376,1771
58207,2011-05-08,8,May,2011,32,Young Adults (25-34),F,United States,Oregon,Bikes,Road Bikes,"Road-150 Red, 48",1,2171,3578,906,2171,3077
71405,2011-05-08,8,May,2011,34,Young Adults (25-34),M,United States,California,Bikes,Road Bikes,"Road-150 Red, 56",1,2171,3578,1335,2171,3506
63477,2011-05-08,8,May,2011,37,Adults (35-64),M,United Kingdom,England,Bikes,Road Bikes,"Road-350-W Yellow, 40",1,1083,1701,550,1083,1633
58797,2011-05-08,8,May,2011,31,Young Adults (25-34),M,France,Yveline,Bikes,Road Bikes,"Road-150 Red, 52",1,2171,3578,548,2171,2719
58449,2011-05-08,8,May,2011,22,Youth (<25),M,United States,Washington,Bikes,Road Bikes,"Road-150 Red, 52",1,2171,3578,620,2171,2791
49693,2011-05-08,8,May,2011,43,Adults (35-64),F,Germany,Bayern,Bikes,Mountain Bikes,"Mountain-200 Black, 38",1,1252,2295,1020,1252,2272
50315,2011-05-08,8,May,2011,37,Adults (35-64),F,Australia,New South Wales,Bikes,Mountain Bikes,"Mountain-200 Silver, 46",3,1266,2320,2257,3798,6055
55527,2011-05-09,9,May,2011,34,Young Adults (25-34),F,Australia,Queensland,Bikes,Mountain Bikes,"Mountain-400-W Silver, 46",3,420,769,678,1260,1938
69875,2011-05-09,9,May,2011,24,Youth (<25),F,Australia,Victoria,Bikes,Road Bikes,"Road-550-W Yellow, 40",1,713,1120,172,713,885
58857,2011-05-09,9,May,2011,20,Youth (<25),F,United States,Washington,Bikes,Road Bikes,"Road-250 Red, 52",4,1519,2443,1546,6076,7622
59017,2011-05-09,9,May,2011,63,Adults (35-64),F,United States,California,Bikes,Road Bikes,"Road-250 Black, 44",1,1555,2443,839,1555,2394
67291,2011-05-09,9,May,2011,57,Adults (35-64),F,Australia,New South Wales,Bikes,Road Bikes,"Road-350-W Yellow, 44",2,1083,1701,794,2166,2960
67051,2011-05-09,9,May,2011,36,Adults (35-64),M,Canada,British Columbia,Bikes,Road Bikes,"Road-750 Black, 44",1,344,540,191,344,535
66077,2011-05-10,10,May,2011,48,Adults (35-64),M,United States,California,Bikes,Road Bikes,"Road-550-W Yellow, 44",2,713,1120,769,1426,2195
60127,2011-05-10,10,May,2011,48,Adults (35-64),M,Australia,New South Wales,Bikes,Road Bikes,"Road-650 Black, 44",2,487,783,388,974,1362
54841,2011-05-10,10,May,2011,26,Young Adults (25-34),M,United Kingdom,England,Bikes,Mountain Bikes,"Mountain-200 Black, 38",2,1252,2295,1902,2504,4406
50303,2011-05-11,11,May,2011,37,Adults (35-64),M,Australia,Victoria,Bikes,Mountain Bikes,"Mountain-200 Silver, 42",2,1266,2320,1134,2532,3666
49439,2011-05-11,11,May,2011,34,Young Adults (25-34),M,Australia,Victoria,Bikes,Mountain Bikes,"Mountain-200 Black, 42",1,1252,2295,561,1252,1813
61047,2011-05-11,11,May,2011,40,Adults (35-64),F,United States,California,Bikes,Road Bikes,"Road-250 Black, 58",4,1555,2443,3357,6220,9577
70493,2011-05-11,11,May,2011,50,Adults (35-64),M,United States,Oregon,Bikes,Road Bikes,"Road-150 Red, 62",2,2171,3578,1812,4342,6154
63331,2011-05-12,12,May,2011,23,Youth (<25),F,Australia,Victoria,Bikes,Road Bikes,"Road-250 Black, 44",4,1555,2443,1500,6220,7720
58451,2011-05-12,12,May,2011,22,Youth (<25),M,United States,Washington,Bikes,Road Bikes,"Road-150 Red, 52",3,2171,3578,1860,6513,8373
66973,2011-05-12,12,May,2011,19,Youth (<25),F,Germany,Hessen,Bikes,Road Bikes,"Road-350-W Yellow, 44",1,1083,1701,499,1083,1582
69389,2011-05-12,12,May,2011,36,Adults (35-64),M,United Kingdom,England,Bikes,Road Bikes,"Road-750 Black, 48",2,344,540,349,688,1037
57999,2011-05-12,12,May,2011,36,Adults (35-64),F,France,Nord,Bikes,Mountain Bikes,"Mountain-100 Black, 44",1,1898,3375,1038,1898,2936
62009,2011-05-12,12,May,2011,26,Young Adults (25-34),F,United Kingdom,England,Bikes,Road Bikes,"Road-350-W Yellow, 44",4,1083,1701,2200,4332,6532
70597,2011-05-12,12,May,2011,19,Youth (<25),F,Canada,British Columbia,Bikes,Road Bikes,"Road-150 Red, 62",4,2171,3578,5485,8684,14169
62563,2011-05-12,12,May,2011,34,Young Adults (25-34),F,Germany,Hamburg,Bikes,Road Bikes,"Road-350-W Yellow, 40",2,1083,1701,998,2166,3164
61885,2011-05-12,12,May,2011,43,Adults (35-64),M,Australia,Queensland,Bikes,Road Bikes,"Road-750 Black, 52",4,344,540,438,1376,1814
50093,2011-05-13,13,May,2011,32,Young Adults (25-34),M,United States,California,Bikes,Mountain Bikes,"Mountain-200 Black, 46",1,1252,2295,997,1252,2249
59477,2011-05-13,13,May,2011,48,Adults (35-64),F,Australia,New South Wales,Bikes,Road Bikes,"Road-550-W Yellow, 38",1,713,1120,261,713,974
58803,2011-05-13,13,May,2011,33,Young Adults (25-34),M,France,Seine Saint Denis,Bikes,Road Bikes,"Road-150 Red, 52",1,2171,3578,763,2171,2934
50319,2011-05-13,13,May,2011,37,Adults (35-64),M,Australia,New South Wales,Bikes,Mountain Bikes,"Mountain-200 Black, 38",1,1252,2295,745,1252,1997
63009,2011-05-13,13,May,2011,26,Young Adults (25-34),F,France,Yveline,Bikes,Road Bikes,"Road-250 Black, 58",2,1555,2443,603,3110,3713
65601,2011-05-13,13,May,2011,33,Young Adults (25-34),M,Australia,Victoria,Bikes,Road Bikes,"Road-250 Black, 52",3,1555,2443,1125,4665,5790
55977,2011-05-13,13,May,2011,36,Adults (35-64),M,United States,California,Bikes,Mountain Bikes,"Mountain-200 Black, 42",4,1252,2295,3988,5008,8996
55173,2011-05-13,13,May,2011,35,Adults (35-64),F,Australia,New South Wales,Bikes,Mountain Bikes,"Mountain-500 Silver, 42",1,308,565,184,308,492
68497,2011-05-13,13,May,2011,35,Adults (35-64),M,Australia,Queensland,Bikes,Road Bikes,"Road-350-W Yellow, 40",1,1083,1701,346,1083,1429
59469,2011-05-13,13,May,2011,20,Youth (<25),M,United States,California,Bikes,Road Bikes,"Road-550-W Yellow, 38",1,713,1120,385,713,1098
68607,2011-05-13,13,May,2011,24,Youth (<25),M,Australia,New South Wales,Bikes,Road Bikes,"Road-350-W Yellow, 44",4,1083,1701,1587,4332,5919
60701,2011-05-13,13,May,2011,47,Adults (35-64),F,United States,Washington,Bikes,Road Bikes,"Road-650 Red, 48",1,487,783,124,487,611
58445,2011-05-13,13,May,2011,19,Youth (<25),F,United States,Washington,Bikes,Road Bikes,"Road-150 Red, 48",2,2171,3578,1240,4342,5582
65379,2011-05-14,14,May,2011,22,Youth (<25),F,France,Seine (Paris),Bikes,Road Bikes,"Road-350-W Yellow, 40",1,1083,1701,312,1083,1395
71407,2011-05-14,14,May,2011,34,Young Adults (25-34),M,United States,California,Bikes,Road Bikes,"Road-150 Red, 56",1,2171,3578,1335,2171,3506
63105,2011-05-14,14,May,2011,54,Adults (35-64),F,Australia,New South Wales,Bikes,Road Bikes,"Road-350-W Yellow, 40",1,1083,1701,397,1083,1480
66939,2011-05-14,14,May,2011,34,Young Adults (25-34),M,France,Seine Saint Denis,Bikes,Road Bikes,"Road-550-W Yellow, 42",4,713,1120,822,2852,3674
54067,2011-05-14,14,May,2011,36,Adults (35-64),F,United States,California,Bikes,Mountain Bikes,"Mountain-200 Silver, 46",1,1266,2320,1008,1266,2274
57029,2011-05-14,14,May,2011,32,Young Adults (25-34),M,Canada,British Columbia,Bikes,Mountain Bikes,"Mountain-200 Black, 46",4,1252,2295,4080,5008,9088
68609,2011-05-15,15,May,2011,24,Youth (<25),M,Australia,New South Wales,Bikes,Road Bikes,"Road-350-W Yellow, 44",3,1083,1701,1191,3249,4440
67685,2011-05-15,15,May,2011,36,Adults (35-64),M,United States,California,Bikes,Road Bikes,"Road-350-W Yellow, 42",1,1083,1701,584,1083,1667
71281,2011-05-15,15,May,2011,30,Young Adults (25-34),M,United States,California,Bikes,Road Bikes,"Road-150 Red, 48",1,2171,3578,1335,2171,3506
63951,2011-05-15,15,May,2011,44,Adults (35-64),M,Australia,New South Wales,Bikes,Road Bikes,"Road-250 Red, 58",2,1555,2443,1141,3110,4251
58457,2011-05-15,15,May,2011,53,Adults (35-64),M,United States,California,Bikes,Road Bikes,"Road-150 Red, 56",2,2171,3578,2671,4342,7013
62677,2011-05-15,15,May,2011,44,Adults (35-64),M,France,Moselle,Bikes,Road Bikes,"Road-250 Red, 58",1,1555,2443,595,1555,2150
62839,2011-05-15,15,May,2011,39,Adults (35-64),M,Australia,Victoria,Bikes,Road Bikes,"Road-250 Black, 44",4,1555,2443,1500,6220,7720
65903,2011-05-16,16,May,2011,30,Young Adults (25-34),M,Canada,British Columbia,Bikes,Road Bikes,"Road-750 Black, 52",4,344,540,762,1376,2138
70109,2011-05-16,16,May,2011,27,Young Adults (25-34),M,Canada,British Columbia,Bikes,Road Bikes,"Road-650 Red, 44",1,487,783,288,487,775
67511,2011-05-16,16,May,2011,41,Adults (35-64),F,United States,California,Bikes,Road Bikes,"Road-750 Black, 52",3,344,540,556,1032,1588
55175,2011-05-16,16,May,2011,35,Adults (35-64),F,Australia,New South Wales,Bikes,Mountain Bikes,"Mountain-500 Silver, 42",1,308,565,184,308,492
59233,2011-05-16,16,May,2011,42,Adults (35-64),F,United States,California,Bikes,Road Bikes,"Road-250 Black, 52",4,1555,2443,3357,6220,9577
70989,2011-05-16,16,May,2011,43,Adults (35-64),M,United States,California,Bikes,Road Bikes,"Road-150 Red, 52",3,2171,3578,4006,6513,10519
50289,2011-05-16,16,May,2011,36,Adults (35-64),F,Australia,New South Wales,Bikes,Mountain Bikes,"Mountain-200 Silver, 42",3,1266,2320,2257,3798,6055
69617,2011-05-16,16,May,2011,34,Young Adults (25-34),F,Canada,British Columbia,Bikes,Road Bikes,"Road-550-W Yellow, 40",1,713,1120,396,713,1109
58801,2011-05-16,16,May,2011,31,Young Adults (25-34),M,France,Loiret,Bikes,Road Bikes,"Road-150 Red, 44",3,2171,3578,3040,6513,9553
62075,2011-05-16,16,May,2011,41,Adults (35-64),F,France,Nord,Bikes,Road Bikes,"Road-250 Black, 52",1,1555,2443,570,1555,2125
67201,2011-05-16,16,May,2011,35,Adults (35-64),F,Australia,Queensland,Bikes,Road Bikes,"Road-350-W Yellow, 44",1,1083,1701,346,1083,1429
54319,2011-05-17,17,May,2011,27,Young Adults (25-34),F,United Kingdom,England,Bikes,Mountain Bikes,"Mountain-200 Silver, 38",4,1266,2320,3845,5064,8909
58811,2011-05-17,17,May,2011,32,Young Adults (25-34),F,France,Loir et Cher,Bikes,Road Bikes,"Road-150 Red, 56",2,2171,3578,2027,4342,6369
65843,2011-05-17,17,May,2011,27,Young Adults (25-34),F,Canada,British Columbia,Bikes,Road Bikes,"Road-550-W Yellow, 48",1,713,1120,396,713,1109
65957,2011-05-17,17,May,2011,33,Young Adults (25-34),M,United States,California,Bikes,Road Bikes,"Road-750 Black, 48",1,344,540,185,344,529
61575,2011-05-17,17,May,2011,47,Adults (35-64),F,United States,California,Bikes,Road Bikes,"Road-350-W Yellow, 42",4,1083,1701,2336,4332,6668
55343,2011-05-17,17,May,2011,32,Young Adults (25-34),F,Australia,New South Wales,Bikes,Mountain Bikes,"Mountain-400-W Silver, 40",1,420,769,249,420,669
67363,2011-05-17,17,May,2011,22,Youth (<25),F,United States,California,Bikes,Road Bikes,"Road-750 Black, 44",3,344,540,556,1032,1588
52013,2011-05-17,17,May,2011,27,Young Adults (25-34),F,Germany,Bayern,Bikes,Mountain Bikes,"Mountain-200 Black, 42",1,1252,2295,1020,1252,2272
60239,2011-05-17,17,May,2011,54,Adults (35-64),F,United States,California,Bikes,Road Bikes,"Road-650 Red, 62",4,487,783,1121,1948,3069
60085,2011-05-18,18,May,2011,33,Young Adults (25-34),F,Germany,Saarland,Bikes,Road Bikes,"Road-150 Red, 44",1,2171,3578,763,2171,2934
59387,2011-05-18,18,May,2011,20,Youth (<25),M,Germany,Bayern,Bikes,Road Bikes,"Road-750 Black, 44",2,344,540,381,688,1069
59037,2011-05-18,18,May,2011,41,Adults (35-64),F,France,Yveline,Bikes,Road Bikes,"Road-250 Red, 58",1,1555,2443,302,1555,1857
65845,2011-05-18,18,May,2011,27,Young Adults (25-34),F,Canada,British Columbia,Bikes,Road Bikes,"Road-550-W Yellow, 48",1,713,1120,396,713,1109
65275,2011-05-18,18,May,2011,29,Young Adults (25-34),F,Germany,Saarland,Bikes,Road Bikes,"Road-350-W Yellow, 42",3,1083,1701,935,3249,4184
57051,2011-05-18,18,May,2011,34,Young Adults (25-34),M,Canada,British Columbia,Bikes,Mountain Bikes,"Mountain-500 Black, 44",3,295,540,719,885,1604
68733,2011-05-18,18,May,2011,24,Youth (<25),F,Australia,Queensland,Bikes,Road Bikes,"Road-550-W Yellow, 42",1,713,1120,228,713,941
62901,2011-05-18,18,May,2011,45,Adults (35-64),F,Australia,New South Wales,Bikes,Road Bikes,"Road-550-W Yellow, 40",1,713,1120,261,713,974
50165,2011-05-19,19,May,2011,32,Young Adults (25-34),F,Australia,Queensland,Bikes,Mountain Bikes,"Mountain-200 Silver, 42",1,1266,2320,683,1266,1949
59235,2011-05-19,19,May,2011,42,Adults (35-64),F,United States,California,Bikes,Road Bikes,"Road-250 Black, 52",1,1555,2443,839,1555,2394
71487,2011-05-19,19,May,2011,44,Adults (35-64),F,United States,California,Bikes,Road Bikes,"Road-150 Red, 62",1,2171,3578,1335,2171,3506
50309,2011-05-19,19,May,2011,37,Adults (35-64),F,Australia,Queensland,Bikes,Mountain Bikes,"Mountain-200 Silver, 38",4,1266,2320,2731,5064,7795
64879,2011-05-19,19,May,2011,32,Young Adults (25-34),M,United States,Washington,Bikes,Road Bikes,"Road-550-W Yellow, 48",1,713,1120,161,713,874
59343,2011-05-19,19,May,2011,30,Young Adults (25-34),F,Germany,Hamburg,Bikes,Road Bikes,"Road-250 Black, 44",1,1555,2443,717,1555,2272
64077,2011-05-20,20,May,2011,40,Adults (35-64),F,Australia,New South Wales,Bikes,Road Bikes,"Road-250 Black, 52",3,1555,2443,1711,4665,6376
62435,2011-05-20,20,May,2011,36,Adults (35-64),F,United Kingdom,England,Bikes,Road Bikes,"Road-350-W Yellow, 48",1,1083,1701,550,1083,1633
66049,2011-05-20,20,May,2011,49,Adults (35-64),F,United States,California,Bikes,Road Bikes,"Road-550-W Yellow, 44",2,713,1120,769,1426,2195
67919,2011-05-20,20,May,2011,51,Adults (35-64),F,United States,California,Bikes,Road Bikes,"Road-750 Black, 44",3,344,540,556,1032,1588
68023,2011-05-20,20,May,2011,30,Young Adults (25-34),M,Germany,Bayern,Bikes,Road Bikes,"Road-750 Black, 48",1,344,540,191,344,535
50281,2011-05-20,20,May,2011,36,Adults (35-64),F,Australia,Queensland,Bikes,Mountain Bikes,"Mountain-200 Silver, 46",1,1266,2320,683,1266,1949
60713,2011-05-21,21,May,2011,47,Adults (35-64),M,United States,Washington,Bikes,Road Bikes,"Road-650 Black, 62",2,487,783,247,974,1221
60915,2011-05-21,21,May,2011,33,Young Adults (25-34),F,France,Seine (Paris),Bikes,Road Bikes,"Road-250 Black, 44",2,1555,2443,897,3110,4007
58923,2011-05-21,21,May,2011,34,Young Adults (25-34),F,United States,Oregon,Bikes,Road Bikes,"Road-250 Red, 48",1,1519,2443,582,1519,2101
58439,2011-05-21,21,May,2011,19,Youth (<25),M,United States,Oregon,Bikes,Road Bikes,"Road-150 Red, 52",1,2171,3578,906,2171,3077
61901,2011-05-21,21,May,2011,42,Adults (35-64),F,Australia,New South Wales,Bikes,Road Bikes,"Road-150 Red, 62",3,2171,3578,2826,6513,9339
57281,2011-05-21,21,May,2011,34,Young Adults (25-34),F,United States,Washington,Bikes,Mountain Bikes,"Mountain-100 Silver, 44",2,1912,3400,1480,3824,5304
61181,2011-05-22,22,May,2011,56,Adults (35-64),F,United Kingdom,England,Bikes,Road Bikes,"Road-750 Black, 44",1,344,540,174,344,518
66133,2011-05-22,22,May,2011,24,Youth (<25),F,Australia,New South Wales,Bikes,Road Bikes,"Road-250 Black, 52",1,1555,2443,570,1555,2125
57997,2011-05-22,22,May,2011,36,Adults (35-64),F,France,Seine (Paris),Bikes,Mountain Bikes,"Mountain-100 Black, 38",1,1898,3375,870,1898,2768
70627,2011-05-22,22,May,2011,41,Adults (35-64),M,Australia,New South Wales,Bikes,Road Bikes,"Road-750 Black, 48",2,344,540,252,688,940
62903,2011-05-22,22,May,2011,45,Adults (35-64),F,Australia,New South Wales,Bikes,Road Bikes,"Road-550-W Yellow, 40",4,713,1120,1046,2852,3898
58433,2011-05-22,22,May,2011,20,Youth (<25),M,United States,Washington,Bikes,Road Bikes,"Road-150 Red, 56",1,2171,3578,620,2171,2791
57649,2011-05-23,23,May,2011,41,Adults (35-64),M,United States,California,Bikes,Mountain Bikes,"Mountain-200 Black, 42",1,1252,2295,997,1252,2249
58879,2011-05-23,23,May,2011,23,Youth (<25),M,Canada,British Columbia,Bikes,Road Bikes,"Road-250 Black, 44",3,1555,2443,2591,4665,7256
66337,2011-05-23,23,May,2011,40,Adults (35-64),M,Australia,New South Wales,Bikes,Road Bikes,"Road-250 Red, 58",3,1555,2443,1711,4665,6376
50095,2011-05-23,23,May,2011,32,Young Adults (25-34),M,United States,California,Bikes,Mountain Bikes,"Mountain-200 Black, 46",1,1252,2295,997,1252,2249
68489,2011-05-23,23,May,2011,46,Adults (35-64),F,United States,Oregon,Bikes,Road Bikes,"Road-150 Red, 44",1,2171,3578,906,2171,3077
67687,2011-05-23,23,May,2011,36,Adults (35-64),M,United States,California,Bikes,Road Bikes,"Road-350-W Yellow, 42",1,1083,1701,584,1083,1667
63343,2011-05-23,23,May,2011,24,Youth (<25),M,Australia,Victoria,Bikes,Road Bikes,"Road-250 Black, 44",2,1555,2443,750,3110,3860
63121,2011-05-24,24,May,2011,45,Adults (35-64),M,United States,Oregon,Bikes,Road Bikes,"Road-350-W Yellow, 42",2,1083,1701,760,2166,2926
59273,2011-05-24,24,May,2011,41,Adults (35-64),F,United States,Washington,Bikes,Road Bikes,"Road-250 Black, 52",2,1555,2443,701,3110,3811
53997,2011-05-24,24,May,2011,32,Young Adults (25-34),F,United States,California,Bikes,Mountain Bikes,"Mountain-200 Silver, 46",4,1266,2320,4030,5064,9094
60023,2011-05-24,24,May,2011,18,Youth (<25),M,Germany,Saarland,Bikes,Road Bikes,"Road-150 Red, 48",1,2171,3578,763,2171,2934
52263,2011-05-24,24,May,2011,42,Adults (35-64),F,United States,California,Bikes,Mountain Bikes,"Mountain-200 Black, 46",1,1252,2295,997,1252,2249
50327,2011-05-24,24,May,2011,35,Adults (35-64),M,Australia,Queensland,Bikes,Mountain Bikes,"Mountain-200 Silver, 46",2,1266,2320,1366,2532,3898
63647,2011-05-24,24,May,2011,35,Adults (35-64),M,Germany,Nordrhein-Westfalen,Bikes,Road Bikes,"Road-650 Red, 60",4,487,783,777,1948,2725
58693,2011-05-24,24,May,2011,43,Adults (35-64),F,United States,Washington,Bikes,Road Bikes,"Road-150 Red, 62",1,2171,3578,620,2171,2791
50097,2011-05-24,24,May,2011,32,Young Adults (25-34),M,United States,California,Bikes,Mountain Bikes,"Mountain-200 Black, 46",1,1252,2295,997,1252,2249
60007,2011-05-25,25,May,2011,33,Young Adults (25-34),F,Germany,Hamburg,Bikes,Road Bikes,"Road-250 Red, 48",2,1519,2443,1506,3038,4544
62775,2011-05-25,25,May,2011,34,Young Adults (25-34),F,Australia,Queensland,Bikes,Road Bikes,"Road-250 Red, 58",2,1555,2443,994,3110,4104
58161,2011-05-25,25,May,2011,53,Adults (35-64),M,United States,Washington,Bikes,Road Bikes,"Road-150 Red, 48",4,2171,3578,2479,8684,11163
49441,2011-05-25,25,May,2011,34,Young Adults (25-34),M,Australia,Victoria,Bikes,Mountain Bikes,"Mountain-200 Black, 42",3,1252,2295,1683,3756,5439
59427,2011-05-25,25,May,2011,19,Youth (<25),M,United States,California,Bikes,Road Bikes,"Road-550-W Yellow, 42",1,713,1120,385,713,1098
62679,2011-05-25,25,May,2011,47,Adults (35-64),F,France,Seine (Paris),Bikes,Road Bikes,"Road-250 Red, 44",1,1519,2443,484,1519,2003
56655,2011-05-25,25,May,2011,41,Adults (35-64),F,United States,California,Bikes,Mountain Bikes,"Mountain-500 Silver, 42",1,308,565,246,308,554
68831,2011-05-25,25,May,2011,47,Adults (35-64),M,Australia,New South Wales,Bikes,Road Bikes,"Road-750 Black, 58",2,344,540,252,688,940
59685,2011-05-25,25,May,2011,54,Adults (35-64),M,United States,Washington,Bikes,Road Bikes,"Road-550-W Yellow, 40",1,713,1120,161,713,874
58459,2011-05-26,26,May,2011,53,Adults (35-64),M,United States,California,Bikes,Road Bikes,"Road-150 Red, 56",1,2171,3578,1335,2171,3506
60329,2011-05-26,26,May,2011,36,Adults (35-64),F,United States,California,Bikes,Road Bikes,"Road-650 Red, 62",1,487,783,280,487,767
68557,2011-05-26,26,May,2011,36,Adults (35-64),M,Australia,South Australia,Bikes,Road Bikes,"Road-550-W Yellow, 48",4,713,1120,822,2852,3674
71539,2011-05-26,26,May,2011,18,Youth (<25),F,United States,Washington,Bikes,Road Bikes,"Road-150 Red, 56",2,2171,3578,1240,4342,5582
61413,2011-05-26,26,May,2011,40,Adults (35-64),F,Australia,Victoria,Bikes,Road Bikes,"Road-150 Red, 56",1,2171,3578,656,2171,2827
58601,2011-05-26,26,May,2011,52,Adults (35-64),M,United Kingdom,England,Bikes,Road Bikes,"Road-550-W Yellow, 38",3,713,1120,1087,2139,3226
69507,2011-05-27,27,May,2011,50,Adults (35-64),F,Australia,New South Wales,Bikes,Road Bikes,"Road-750 Black, 44",4,344,540,503,1376,1879
67009,2011-05-27,27,May,2011,51,Adults (35-64),F,United States,Washington,Bikes,Road Bikes,"Road-150 Red, 52",1,2171,3578,620,2171,2791
60087,2011-05-27,27,May,2011,33,Young Adults (25-34),F,Germany,Saarland,Bikes,Road Bikes,"Road-150 Red, 44",4,2171,3578,3052,8684,11736
52515,2011-05-27,27,May,2011,33,Young Adults (25-34),F,Australia,New South Wales,Bikes,Mountain Bikes,"Mountain-200 Black, 38",3,1252,2295,2234,3756,5990
68035,2011-05-27,27,May,2011,31,Young Adults (25-34),M,France,Seine (Paris),Bikes,Road Bikes,"Road-750 Black, 58",1,344,540,99,344,443
54549,2011-05-28,28,May,2011,31,Young Adults (25-34),F,Australia,Queensland,Bikes,Mountain Bikes,"Mountain-200 Black, 46",2,1252,2295,1352,2504,3856
71237,2011-05-28,28,May,2011,44,Adults (35-64),M,Australia,South Australia,Bikes,Road Bikes,"Road-750 Black, 48",1,344,540,99,344,443
70223,2011-05-28,28,May,2011,48,Adults (35-64),M,Australia,Queensland,Bikes,Road Bikes,"Road-750 Black, 48",1,344,540,110,344,454
68611,2011-05-28,28,May,2011,24,Youth (<25),M,Australia,New South Wales,Bikes,Road Bikes,"Road-350-W Yellow, 44",1,1083,1701,397,1083,1480
71409,2011-05-28,28,May,2011,34,Young Adults (25-34),M,United States,California,Bikes,Road Bikes,"Road-150 Red, 56",1,2171,3578,1335,2171,3506
58809,2011-05-29,29,May,2011,32,Young Adults (25-34),F,France,Essonne,Bikes,Road Bikes,"Road-150 Red, 62",1,2171,3578,1264,2171,3435
71489,2011-05-30,30,May,2011,44,Adults (35-64),F,United States,California,Bikes,Road Bikes,"Road-150 Red, 62",2,2171,3578,2671,4342,7013
58209,2011-05-30,30,May,2011,32,Young Adults (25-34),F,United States,Oregon,Bikes,Road Bikes,"Road-150 Red, 48",1,2171,3578,906,2171,3077
67513,2011-05-30,30,May,2011,41,Adults (35-64),F,United States,California,Bikes,Road Bikes,"Road-750 Black, 52",2,344,540,370,688,1058
63151,2011-05-30,30,May,2011,52,Adults (35-64),M,United States,Washington,Bikes,Road Bikes,"Road-350-W Yellow, 48",1,1083,1701,244,1083,1327
64635,2011-05-30,30,May,2011,42,Adults (35-64),F,Australia,Tasmania,Bikes,Road Bikes,"Road-250 Black, 58",2,1555,2443,848,3110,3958
61577,2011-05-30,30,May,2011,47,Adults (35-64),F,United States,California,Bikes,Road Bikes,"Road-350-W Yellow, 42",1,1083,1701,584,1083,1667
56513,2011-05-30,30,May,2011,35,Adults (35-64),F,United States,California,Bikes,Mountain Bikes,"Mountain-500 Black, 42",4,295,540,937,1180,2117
64657,2011-05-31,31,May,2011,48,Adults (35-64),F,United States,California,Bikes,Road Bikes,"Road-550-W Yellow, 40",3,713,1120,1154,2139,3293
56173,2011-05-31,31,May,2011,35,Adults (35-64),M,United States,California,Bikes,Mountain Bikes,"Mountain-200 Silver, 42",1,1266,2320,1008,1266,2274
60757,2011-05-31,31,May,2011,42,Adults (35-64),M,United States,Oregon,Bikes,Road Bikes,"Road-650 Red, 48",1,487,783,186,487,673
65213,2011-06-01,1,June,2011,18,Youth (<25),M,Australia,Queensland,Bikes,Road Bikes,"Road-750 Black, 58",1,344,540,110,344,454
59047,2011-06-01,1,June,2011,38,Adults (35-64),F,France,Somme,Bikes,Road Bikes,"Road-150 Red, 52",1,2171,3578,763,2171,2934
66361,2011-06-01,1,June,2011,41,Adults (35-64),M,United States,California,Bikes,Road Bikes,"Road-750 Black, 48",1,344,540,185,344,529
58615,2011-06-01,1,June,2011,43,Adults (35-64),M,United Kingdom,England,Bikes,Road Bikes,"Road-550-W Yellow, 48",4,713,1120,1449,2852,4301
65019,2011-06-02,2,June,2011,18,Youth (<25),F,Australia,South Australia,Bikes,Road Bikes,"Road-750 Black, 44",1,344,540,99,344,443
58617,2011-06-02,2,June,2011,43,Adults (35-64),M,United Kingdom,England,Bikes,Road Bikes,"Road-550-W Yellow, 48",2,713,1120,724,1426,2150
55769,2011-06-02,2,June,2011,27,Young Adults (25-34),M,United Kingdom,England,Bikes,Mountain Bikes,"Mountain-400-W Silver, 46",4,420,769,1273,1680,2953
60151,2011-06-02,2,June,2011,38,Adults (35-64),M,Germany,Saarland,Bikes,Road Bikes,"Road-150 Red, 52",1,2171,3578,763,2171,2934
65185,2011-06-02,2,June,2011,21,Youth (<25),M,Germany,Nordrhein-Westfalen,Bikes,Road Bikes,"Road-550-W Yellow, 42",2,713,1120,523,1426,1949
66135,2011-06-02,2,June,2011,24,Youth (<25),F,Australia,New South Wales,Bikes,Road Bikes,"Road-250 Black, 52",1,1555,2443,570,1555,2125
61219,2011-06-02,2,June,2011,18,Youth (<25),F,Australia,Queensland,Bikes,Road Bikes,"Road-550-W Yellow, 48",1,713,1120,228,713,941
63453,2011-06-02,2,June,2011,18,Youth (<25),M,Australia,South Australia,Bikes,Road Bikes,"Road-750 Black, 58",2,344,540,198,688,886
62977,2011-06-02,2,June,2011,31,Young Adults (25-34),M,Canada,British Columbia,Bikes,Road Bikes,"Road-350-W Yellow, 48",3,1083,1701,1803,3249,5052
65215,2011-06-02,2,June,2011,18,Youth (<25),M,Australia,Queensland,Bikes,Road Bikes,"Road-750 Black, 58",2,344,540,219,688,907
61049,2011-06-02,2,June,2011,40,Adults (35-64),F,United States,California,Bikes,Road Bikes,"Road-250 Black, 58",2,1555,2443,1678,3110,4788
68101,2011-06-02,2,June,2011,20,Youth (<25),M,Australia,New South Wales,Bikes,Road Bikes,"Road-750 Black, 52",1,344,540,126,344,470
50339,2011-06-03,3,June,2011,62,Adults (35-64),F,Australia,Victoria,Bikes,Mountain Bikes,"Mountain-200 Silver, 42",1,1266,2320,567,1266,1833
63989,2011-06-03,3,June,2011,42,Adults (35-64),M,Canada,British Columbia,Bikes,Road Bikes,"Road-550-W Yellow, 42",3,713,1120,1187,2139,3326
70335,2011-06-03,3,June,2011,41,Adults (35-64),M,United States,Washington,Bikes,Road Bikes,"Road-650 Black, 58",2,487,783,247,974,1221
50919,2011-06-04,4,June,2011,29,Young Adults (25-34),M,United Kingdom,England,Bikes,Mountain Bikes,"Mountain-200 Black, 38",3,1252,2295,2854,3756,6610
66769,2011-06-04,4,June,2011,27,Young Adults (25-34),F,Germany,Saarland,Bikes,Road Bikes,"Road-750 Black, 48",4,344,540,395,1376,1771
54715,2011-06-04,4,June,2011,44,Adults (35-64),M,Canada,British Columbia,Bikes,Mountain Bikes,"Mountain-200 Silver, 38",1,1266,2320,1031,1266,2297
68575,2011-06-04,4,June,2011,18,Youth (<25),M,Canada,British Columbia,Bikes,Road Bikes,"Road-150 Red, 48",2,2171,3578,2742,4342,7084
64999,2011-06-04,4,June,2011,18,Youth (<25),M,Australia,New South Wales,Bikes,Road Bikes,"Road-750 Black, 44",4,344,540,503,1376,1879
68643,2011-06-04,4,June,2011,50,Adults (35-64),F,Canada,British Columbia,Bikes,Road Bikes,"Road-150 Red, 62",3,2171,3578,4114,6513,10627
59503,2011-06-04,4,June,2011,19,Youth (<25),F,United States,California,Bikes,Road Bikes,"Road-350-W Yellow, 42",1,1083,1701,584,1083,1667
71467,2011-06-05,5,June,2011,61,Adults (35-64),F,United States,California,Bikes,Road Bikes,"Road-150 Red, 52",2,2171,3578,2671,4342,7013
59039,2011-06-05,5,June,2011,56,Adults (35-64),M,France,Hauts de Seine,Bikes,Road Bikes,"Road-150 Red, 62",1,2171,3578,1157,2171,3328
64941,2011-06-05,5,June,2011,40,Adults (35-64),M,United States,California,Bikes,Road Bikes,"Road-550-W Yellow, 42",4,713,1120,1538,2852,4390
60973,2011-06-05,5,June,2011,43,Adults (35-64),F,Australia,New South Wales,Bikes,Road Bikes,"Road-150 Red, 52",2,2171,3578,1884,4342,6226
50227,2011-06-05,5,June,2011,51,Adults (35-64),F,Australia,New South Wales,Bikes,Mountain Bikes,"Mountain-200 Silver, 42",3,1266,2320,2257,3798,6055
62409,2011-06-05,5,June,2011,20,Youth (<25),F,Australia,Victoria,Bikes,Road Bikes,"Road-550-W Yellow, 44",1,713,1120,172,713,885
59237,2011-06-06,6,June,2011,42,Adults (35-64),F,United States,California,Bikes,Road Bikes,"Road-250 Black, 52",1,1555,2443,839,1555,2394
69445,2011-06-06,6,June,2011,27,Young Adults (25-34),F,Australia,New South Wales,Bikes,Road Bikes,"Road-550-W Yellow, 48",3,713,1120,784,2139,2923
56033,2011-06-06,6,June,2011,37,Adults (35-64),F,United States,California,Bikes,Mountain Bikes,"Mountain-200 Black, 46",3,1252,2295,2991,3756,6747
70599,2011-06-06,6,June,2011,19,Youth (<25),F,Canada,British Columbia,Bikes,Road Bikes,"Road-150 Red, 62",1,2171,3578,1371,2171,3542
58663,2011-06-06,6,June,2011,56,Adults (35-64),M,United States,California,Bikes,Road Bikes,"Road-250 Red, 58",3,1555,2443,2517,4665,7182
51855,2011-06-06,6,June,2011,35,Adults (35-64),F,Canada,British Columbia,Bikes,Mountain Bikes,"Mountain-200 Silver, 42",1,1266,2320,1031,1266,2297
71163,2011-06-06,6,June,2011,26,Young Adults (25-34),F,United States,California,Bikes,Road Bikes,"Road-150 Red, 62",2,2171,3578,2671,4342,7013
70165,2011-06-07,7,June,2011,21,Youth (<25),M,Australia,Victoria,Bikes,Road Bikes,"Road-750 Black, 44",1,344,540,83,344,427
59091,2011-06-07,7,June,2011,45,Adults (35-64),F,France,Seine (Paris),Bikes,Road Bikes,"Road-150 Red, 62",3,2171,3578,2289,6513,8802
50597,2011-06-07,7,June,2011,20,Youth (<25),M,Australia,Queensland,Bikes,Mountain Bikes,"Mountain-500 Silver, 52",2,308,565,333,616,949
65217,2011-06-07,7,June,2011,18,Youth (<25),M,Australia,Queensland,Bikes,Road Bikes,"Road-750 Black, 58",1,344,540,110,344,454
71073,2011-06-07,7,June,2011,28,Young Adults (25-34),M,United States,Oregon,Bikes,Road Bikes,"Road-150 Red, 48",3,2171,3578,2718,6513,9231
56965,2011-06-07,7,June,2011,44,Adults (35-64),F,Germany,Saarland,Bikes,Mountain Bikes,"Mountain-200 Black, 46",4,1252,2295,2520,5008,7528
60943,2011-06-07,7,June,2011,17,Youth (<25),M,United States,California,Bikes,Road Bikes,"Road-550-W Yellow, 38",3,713,1120,1154,2139,3293
53741,2011-06-07,7,June,2011,22,Youth (<25),M,Australia,New South Wales,Bikes,Mountain Bikes,"Mountain-200 Black, 42",3,1252,2295,2234,3756,5990
62457,2011-06-08,8,June,2011,38,Adults (35-64),M,Germany,Hessen,Bikes,Road Bikes,"Road-250 Red, 48",1,1519,2443,753,1519,2272
67689,2011-06-08,8,June,2011,36,Adults (35-64),M,United States,California,Bikes,Road Bikes,"Road-350-W Yellow, 42",3,1083,1701,1752,3249,5001
62115,2011-06-08,8,June,2011,37,Adults (35-64),F,United Kingdom,England,Bikes,Road Bikes,"Road-350-W Yellow, 48",1,1083,1701,550,1083,1633
61279,2011-06-08,8,June,2011,38,Adults (35-64),M,United Kingdom,England,Bikes,Road Bikes,"Road-250 Black, 52",3,1555,2443,2371,4665,7036
62299,2011-06-08,8,June,2011,22,Youth (<25),M,Germany,Nordrhein-Westfalen,Bikes,Road Bikes,"Road-250 Black, 44",1,1555,2443,570,1555,2125
63367,2011-06-08,8,June,2011,25,Young Adults (25-34),F,Australia,New South Wales,Bikes,Road Bikes,"Road-250 Black, 52",1,1555,2443,570,1555,2125
51059,2011-06-08,8,June,2011,18,Youth (<25),M,Australia,Victoria,Bikes,Mountain Bikes,"Mountain-500 Silver, 44",1,308,565,138,308,446
70029,2011-06-08,8,June,2011,19,Youth (<25),M,Australia,Victoria,Bikes,Road Bikes,"Road-750 Black, 44",4,344,540,330,1376,1706
70337,2011-06-09,9,June,2011,41,Adults (35-64),M,United States,Washington,Bikes,Road Bikes,"Road-650 Black, 58",1,487,783,124,487,611
51985,2011-06-09,9,June,2011,20,Youth (<25),F,Australia,Queensland,Bikes,Mountain Bikes,"Mountain-200 Silver, 38",1,1266,2320,683,1266,1949
50283,2011-06-09,9,June,2011,36,Adults (35-64),F,Australia,Queensland,Bikes,Mountain Bikes,"Mountain-200 Silver, 46",1,1266,2320,683,1266,1949
64909,2011-06-09,9,June,2011,42,Adults (35-64),F,United States,Washington,Bikes,Road Bikes,"Road-750 Black, 48",2,344,540,154,688,842
60139,2011-06-09,9,June,2011,17,Youth (<25),F,Australia,Victoria,Bikes,Road Bikes,"Road-650 Red, 48",1,487,783,132,487,619
61051,2011-06-10,10,June,2011,40,Adults (35-64),F,United States,California,Bikes,Road Bikes,"Road-250 Black, 58",1,1555,2443,839,1555,2394
65061,2011-06-10,10,June,2011,27,Young Adults (25-34),F,United Kingdom,England,Bikes,Road Bikes,"Road-350-W Yellow, 48",3,1083,1701,1650,3249,4899
69469,2011-06-10,10,June,2011,26,Young Adults (25-34),M,Australia,New South Wales,Bikes,Road Bikes,"Road-550-W Yellow, 44",3,713,1120,784,2139,2923
69125,2011-06-10,10,June,2011,17,Youth (<25),M,Australia,New South Wales,Bikes,Road Bikes,"Road-750 Black, 44",2,344,540,252,688,940
50349,2011-06-10,10,June,2011,48,Adults (35-64),M,Australia,Victoria,Bikes,Mountain Bikes,"Mountain-500 Black, 40",1,295,540,132,295,427
69591,2011-06-10,10,June,2011,43,Adults (35-64),M,Australia,Victoria,Bikes,Road Bikes,"Road-550-W Yellow, 42",3,713,1120,515,2139,2654
56555,2011-06-10,10,June,2011,44,Adults (35-64),M,United States,Washington,Bikes,Mountain Bikes,"Mountain-500 Black, 44",1,295,540,126,295,421
58665,2011-06-10,10,June,2011,56,Adults (35-64),M,United States,California,Bikes,Road Bikes,"Road-250 Red, 58",1,1555,2443,839,1555,2394
50343,2011-06-11,11,June,2011,44,Adults (35-64),F,Australia,Victoria,Bikes,Mountain Bikes,"Mountain-500 Black, 48",4,295,540,526,1180,1706
59817,2011-06-11,11,June,2011,37,Adults (35-64),M,United States,California,Bikes,Road Bikes,"Road-650 Red, 48",4,487,783,1121,1948,3069
59240,2011-06-11,11,June,2011,42,Adults (35-64),F,United States,California,Bikes,Road Bikes,"Road-250 Black, 52",1,1555,2443,839,1555,2394
59241,2011-06-11,11,June,2011,42,Adults (35-64),F,United States,California,Bikes,Road Bikes,"Road-250 Black, 52",1,1555,2443,839,1555,2394
59527,2011-06-11,11,June,2011,19,Youth (<25),M,Australia,South Australia,Bikes,Road Bikes,"Road-550-W Yellow, 38",3,713,1120,616,2139,2755
60099,2011-06-12,12,June,2011,19,Youth (<25),M,Germany,Hamburg,Bikes,Road Bikes,"Road-150 Red, 44",2,2171,3578,2313,4342,6655
69575,2011-06-12,12,June,2011,45,Adults (35-64),M,Australia,Victoria,Bikes,Road Bikes,"Road-750 Black, 52",1,344,540,83,344,427
71031,2011-06-12,12,June,2011,26,Young Adults (25-34),M,United States,California,Bikes,Road Bikes,"Road-150 Red, 56",1,2171,3578,1335,2171,3506
60013,2011-06-12,12,June,2011,34,Young Adults (25-34),M,Germany,Hessen,Bikes,Road Bikes,"Road-150 Red, 62",2,2171,3578,2313,4342,6655
65885,2011-06-12,12,June,2011,27,Young Adults (25-34),F,United States,California,Bikes,Road Bikes,"Road-750 Black, 58",1,344,540,185,344,529
49707,2011-06-12,12,June,2011,43,Adults (35-64),F,Germany,Hamburg,Bikes,Mountain Bikes,"Mountain-200 Black, 46",1,1252,2295,882,1252,2134
60057,2011-06-12,12,June,2011,43,Adults (35-64),F,Canada,British Columbia,Bikes,Road Bikes,"Road-550-W Yellow, 42",1,713,1120,396,713,1109
60073,2011-06-12,12,June,2011,40,Adults (35-64),F,United States,Oregon,Bikes,Road Bikes,"Road-650 Red, 52",2,487,783,373,974,1347
60663,2011-06-12,12,June,2011,30,Young Adults (25-34),F,United States,Washington,Bikes,Road Bikes,"Road-650 Red, 58",1,487,783,124,487,611
51969,2011-06-12,12,June,2011,19,Youth (<25),M,Australia,Victoria,Bikes,Mountain Bikes,"Mountain-500 Silver, 52",2,308,565,277,616,893
61625,2011-06-12,12,June,2011,61,Adults (35-64),F,United States,Oregon,Bikes,Road Bikes,"Road-350-W Yellow, 40",1,1083,1701,380,1083,1463
63199,2011-06-12,12,June,2011,41,Adults (35-64),M,France,Seine (Paris),Bikes,Road Bikes,"Road-250 Black, 58",3,1555,2443,1345,4665,6010
69553,2011-06-13,13,June,2011,47,Adults (35-64),M,Australia,Victoria,Bikes,Road Bikes,"Road-750 Black, 48",1,344,540,83,344,427
68071,2011-06-13,13,June,2011,43,Adults (35-64),F,United Kingdom,England,Bikes,Road Bikes,"Road-750 Black, 52",2,344,540,349,688,1037
57343,2011-06-13,13,June,2011,43,Adults (35-64),M,United States,Washington,Bikes,Mountain Bikes,"Mountain-200 Black, 42",3,1252,2295,1614,3756,5370
55139,2011-06-13,13,June,2011,40,Adults (35-64),F,Australia,New South Wales,Bikes,Mountain Bikes,"Mountain-200 Black, 38",1,1252,2295,745,1252,1997
52797,2011-06-14,14,June,2011,19,Youth (<25),M,Australia,New South Wales,Bikes,Mountain Bikes,"Mountain-200 Black, 38",1,1252,2295,745,1252,1997
57249,2011-06-14,14,June,2011,44,Adults (35-64),M,United States,California,Bikes,Mountain Bikes,"Mountain-100 Black, 42",2,1898,3375,2819,3796,6615
70991,2011-06-14,14,June,2011,43,Adults (35-64),M,United States,California,Bikes,Road Bikes,"Road-150 Red, 52",1,2171,3578,1335,2171,3506
63369,2011-06-14,14,June,2011,25,Young Adults (25-34),F,Australia,New South Wales,Bikes,Road Bikes,"Road-250 Black, 52",4,1555,2443,2282,6220,8502
64121,2011-06-15,15,June,2011,40,Adults (35-64),M,Germany,Saarland,Bikes,Road Bikes,"Road-650 Red, 52",1,487,783,155,487,642
67365,2011-06-15,15,June,2011,22,Youth (<25),F,United States,California,Bikes,Road Bikes,"Road-750 Black, 44",3,344,540,556,1032,1588
61053,2011-06-15,15,June,2011,40,Adults (35-64),F,United States,California,Bikes,Road Bikes,"Road-250 Black, 58",1,1555,2443,839,1555,2394
71165,2011-06-15,15,June,2011,26,Young Adults (25-34),F,United States,California,Bikes,Road Bikes,"Road-150 Red, 62",2,2171,3578,2671,4342,7013
62701,2011-06-15,15,June,2011,27,Young Adults (25-34),M,Australia,New South Wales,Bikes,Road Bikes,"Road-250 Black, 52",1,1555,2443,570,1555,2125
60759,2011-06-15,15,June,2011,42,Adults (35-64),M,United States,Oregon,Bikes,Road Bikes,"Road-650 Red, 48",2,487,783,373,974,1347
69495,2011-06-16,16,June,2011,49,Adults (35-64),F,Canada,British Columbia,Bikes,Road Bikes,"Road-250 Red, 48",1,1519,2443,900,1519,2419
63681,2011-06-16,16,June,2011,37,Adults (35-64),F,United States,California,Bikes,Road Bikes,"Road-550-W Yellow, 48",1,713,1120,385,713,1098
69819,2011-06-17,17,June,2011,38,Adults (35-64),F,Canada,British Columbia,Bikes,Road Bikes,"Road-250 Black, 48",1,1555,2443,864,1555,2419
64785,2011-06-17,17,June,2011,27,Young Adults (25-34),F,Australia,Victoria,Bikes,Road Bikes,"Road-250 Black, 44",2,1555,2443,750,3110,3860
65205,2011-06-17,17,June,2011,17,Youth (<25),F,Australia,Queensland,Bikes,Road Bikes,"Road-350-W Yellow, 42",4,1083,1701,1383,4332,5715
64197,2011-06-17,17,June,2011,21,Youth (<25),F,Australia,New South Wales,Bikes,Road Bikes,"Road-250 Black, 58",2,1555,2443,1141,3110,4251
67341,2011-06-17,17,June,2011,44,Adults (35-64),M,United States,Oregon,Bikes,Road Bikes,"Road-750 Black, 52",2,344,540,241,688,929
64553,2011-06-17,17,June,2011,18,Youth (<25),M,United States,Washington,Bikes,Road Bikes,"Road-350-W Yellow, 40",1,1083,1701,244,1083,1327
69571,2011-06-18,18,June,2011,46,Adults (35-64),F,Australia,Queensland,Bikes,Road Bikes,"Road-750 Black, 58",1,344,540,110,344,454
59087,2011-06-18,18,June,2011,28,Young Adults (25-34),F,France,Nord,Bikes,Road Bikes,"Road-750 Black, 44",1,344,540,126,344,470
62877,2011-06-18,18,June,2011,62,Adults (35-64),F,United States,Oregon,Bikes,Road Bikes,"Road-350-W Yellow, 40",1,1083,1701,380,1083,1463
63237,2011-06-18,18,June,2011,43,Adults (35-64),F,France,Seine Saint Denis,Bikes,Road Bikes,"Road-250 Red, 48",1,1519,2443,484,1519,2003
54277,2011-06-18,18,June,2011,18,Youth (<25),F,Australia,New South Wales,Bikes,Mountain Bikes,"Mountain-200 Silver, 38",2,1266,2320,1505,2532,4037
58573,2011-06-18,18,June,2011,57,Adults (35-64),F,United States,Washington,Bikes,Road Bikes,"Road-150 Red, 56",4,2171,3578,2479,8684,11163
50589,2011-06-18,18,June,2011,18,Youth (<25),M,Australia,South Australia,Bikes,Mountain Bikes,"Mountain-500 Black, 40",3,295,540,443,885,1328
59429,2011-06-18,18,June,2011,19,Youth (<25),M,United States,California,Bikes,Road Bikes,"Road-550-W Yellow, 42",2,713,1120,769,1426,2195
63427,2011-06-18,18,June,2011,24,Youth (<25),F,United States,California,Bikes,Road Bikes,"Road-550-W Yellow, 44",2,713,1120,769,1426,2195
62301,2011-06-18,18,June,2011,22,Youth (<25),M,Germany,Nordrhein-Westfalen,Bikes,Road Bikes,"Road-250 Black, 44",3,1555,2443,1711,4665,6376
59903,2011-06-18,18,June,2011,44,Adults (35-64),F,United States,Washington,Bikes,Road Bikes,"Road-350-W Yellow, 44",2,1083,1701,488,2166,2654
63197,2011-06-19,19,June,2011,40,Adults (35-64),M,France,Essonne,Bikes,Road Bikes,"Road-650 Black, 60",3,487,783,794,1461,2255
64639,2011-06-19,19,June,2011,41,Adults (35-64),F,Canada,British Columbia,Bikes,Road Bikes,"Road-250 Black, 58",1,1555,2443,864,1555,2419
67285,2011-06-19,19,June,2011,17,Youth (<25),F,Canada,British Columbia,Bikes,Road Bikes,"Road-350-W Yellow, 42",1,1083,1701,601,1083,1684
71167,2011-06-19,19,June,2011,26,Young Adults (25-34),F,United States,California,Bikes,Road Bikes,"Road-150 Red, 62",2,2171,3578,2671,4342,7013
59549,2011-06-19,19,June,2011,38,Adults (35-64),F,United Kingdom,England,Bikes,Road Bikes,"Road-250 Red, 44",4,1519,2443,3305,6076,9381
63207,2011-06-19,19,June,2011,41,Adults (35-64),F,Germany,Bayern,Bikes,Road Bikes,"Road-650 Black, 58",1,487,783,288,487,775
56071,2011-06-19,19,June,2011,44,Adults (35-64),F,United States,Washington,Bikes,Mountain Bikes,"Mountain-200 Black, 46",1,1252,2295,538,1252,1790
63991,2011-06-19,19,June,2011,42,Adults (35-64),M,Canada,British Columbia,Bikes,Road Bikes,"Road-550-W Yellow, 42",3,713,1120,1187,2139,3326
70181,2011-06-19,19,June,2011,26,Young Adults (25-34),F,Australia,Queensland,Bikes,Road Bikes,"Road-750 Black, 52",1,344,540,110,344,454
58575,2011-06-19,19,June,2011,57,Adults (35-64),F,United States,California,Bikes,Road Bikes,"Road-150 Red, 56",4,2171,3578,5342,8684,14026
67539,2011-06-19,19,June,2011,40,Adults (35-64),F,Canada,British Columbia,Bikes,Road Bikes,"Road-750 Black, 52",1,344,540,191,344,535
58001,2011-06-19,19,June,2011,39,Adults (35-64),M,France,Seine (Paris),Bikes,Mountain Bikes,"Mountain-100 Black, 48",1,1898,3375,870,1898,2768
64967,2011-06-19,19,June,2011,18,Youth (<25),F,Australia,New South Wales,Bikes,Road Bikes,"Road-750 Black, 58",2,344,540,252,688,940
69127,2011-06-20,20,June,2011,17,Youth (<25),M,Australia,New South Wales,Bikes,Road Bikes,"Road-750 Black, 44",1,344,540,126,344,470
65701,2011-06-20,20,June,2011,46,Adults (35-64),M,Australia,New South Wales,Bikes,Road Bikes,"Road-750 Black, 48",1,344,540,126,344,470
58365,2011-06-20,20,June,2011,24,Youth (<25),M,United States,California,Bikes,Road Bikes,"Road-150 Red, 44",1,2171,3578,1335,2171,3506
60999,2011-06-20,20,June,2011,42,Adults (35-64),M,United States,California,Bikes,Road Bikes,"Road-750 Black, 44",1,344,540,185,344,529
51097,2011-06-20,20,June,2011,20,Youth (<25),F,Australia,New South Wales,Bikes,Mountain Bikes,"Mountain-500 Silver, 48",1,308,565,184,308,492
57677,2011-06-20,20,June,2011,43,Adults (35-64),F,United States,California,Bikes,Mountain Bikes,"Mountain-200 Silver, 42",1,1266,2320,1008,1266,2274
58889,2011-06-20,20,June,2011,22,Youth (<25),M,United States,California,Bikes,Road Bikes,"Road-250 Red, 44",4,1519,2443,3501,6076,9577
58789,2011-06-21,21,June,2011,41,Adults (35-64),M,United States,Oregon,Bikes,Road Bikes,"Road-150 Red, 62",1,2171,3578,906,2171,3077
67027,2011-06-21,21,June,2011,48,Adults (35-64),M,Canada,British Columbia,Bikes,Road Bikes,"Road-750 Black, 48",4,344,540,762,1376,2138
63233,2011-06-21,21,June,2011,52,Adults (35-64),F,France,Seine (Paris),Bikes,Road Bikes,"Road-550-W Yellow, 44",1,713,1120,205,713,918
60167,2011-06-21,21,June,2011,37,Adults (35-64),F,Germany,Nordrhein-Westfalen,Bikes,Road Bikes,"Road-150 Red, 62",2,2171,3578,1884,4342,6226
70957,2011-06-21,21,June,2011,28,Young Adults (25-34),F,France,Seine et Marne,Bikes,Road Bikes,"Road-750 Black, 52",4,344,540,395,1376,1771
64759,2011-06-21,21,June,2011,26,Young Adults (25-34),F,Australia,New South Wales,Bikes,Road Bikes,"Road-250 Red, 58",1,1555,2443,570,1555,2125
58695,2011-06-21,21,June,2011,43,Adults (35-64),F,United States,Washington,Bikes,Road Bikes,"Road-150 Red, 62",1,2171,3578,620,2171,2791
64969,2011-06-21,21,June,2011,18,Youth (<25),F,Australia,New South Wales,Bikes,Road Bikes,"Road-750 Black, 58",1,344,540,126,344,470
53335,2011-06-21,21,June,2011,37,Adults (35-64),M,United States,California,Bikes,Mountain Bikes,"Mountain-400-W Silver, 46",1,420,769,334,420,754
56967,2011-06-22,22,June,2011,44,Adults (35-64),F,Germany,Saarland,Bikes,Mountain Bikes,"Mountain-200 Black, 46",4,1252,2295,2520,5008,7528
66663,2011-06-22,22,June,2011,20,Youth (<25),M,Australia,Queensland,Bikes,Road Bikes,"Road-750 Black, 44",2,344,540,219,688,907
67891,2011-06-22,22,June,2011,25,Young Adults (25-34),F,Australia,Victoria,Bikes,Road Bikes,"Road-350-W Yellow, 48",1,1083,1701,261,1083,1344
58555,2011-06-22,22,June,2011,60,Adults (35-64),M,United States,California,Bikes,Road Bikes,"Road-150 Red, 48",2,2171,3578,2671,4342,7013
59243,2011-06-22,22,June,2011,42,Adults (35-64),F,United States,California,Bikes,Road Bikes,"Road-250 Black, 52",2,1555,2443,1678,3110,4788
61055,2011-06-23,23,June,2011,40,Adults (35-64),F,United States,California,Bikes,Road Bikes,"Road-250 Black, 58",3,1555,2443,2517,4665,7182
63717,2011-06-23,23,June,2011,39,Adults (35-64),M,United States,Washington,Bikes,Road Bikes,"Road-550-W Yellow, 38",1,713,1120,161,713,874
70339,2011-06-23,23,June,2011,41,Adults (35-64),M,United States,Washington,Bikes,Road Bikes,"Road-650 Black, 58",3,487,783,371,1461,1832
68639,2011-06-23,23,June,2011,53,Adults (35-64),M,Canada,British Columbia,Bikes,Road Bikes,"Road-550-W Yellow, 48",1,713,1120,396,713,1109
60967,2011-06-23,23,June,2011,43,Adults (35-64),F,Australia,Queensland,Bikes,Road Bikes,"Road-150 Red, 62",1,2171,3578,835,2171,3006
58851,2011-06-23,23,June,2011,27,Young Adults (25-34),F,United States,Oregon,Bikes,Road Bikes,"Road-150 Red, 44",4,2171,3578,3624,8684,12308
64199,2011-06-23,23,June,2011,21,Youth (<25),F,Australia,New South Wales,Bikes,Road Bikes,"Road-250 Black, 58",1,1555,2443,570,1555,2125
67343,2011-06-23,23,June,2011,44,Adults (35-64),M,United States,Oregon,Bikes,Road Bikes,"Road-750 Black, 52",1,344,540,120,344,464
64577,2011-06-23,23,June,2011,43,Adults (35-64),F,United States,Oregon,Bikes,Road Bikes,"Road-550-W Yellow, 44",1,713,1120,250,713,963
69103,2011-06-23,23,June,2011,17,Youth (<25),F,Australia,New South Wales,Bikes,Road Bikes,"Road-550-W Yellow, 38",2,713,1120,523,1426,1949
49717,2011-06-23,23,June,2011,45,Adults (35-64),M,Germany,Bayern,Bikes,Mountain Bikes,"Mountain-500 Silver, 44",2,308,565,503,616,1119
56327,2011-06-23,23,June,2011,29,Young Adults (25-34),F,United Kingdom,England,Bikes,Mountain Bikes,"Mountain-200 Silver, 42",1,1266,2320,961,1266,2227
71521,2011-06-23,23,June,2011,17,Youth (<25),F,United States,California,Bikes,Road Bikes,"Road-750 Black, 52",3,344,540,556,1032,1588
57327,2011-06-23,23,June,2011,62,Adults (35-64),M,United States,California,Bikes,Mountain Bikes,"Mountain-100 Silver, 38",1,1912,3400,1420,1912,3332
50331,2011-06-23,23,June,2011,40,Adults (35-64),M,Australia,Queensland,Bikes,Mountain Bikes,"Mountain-200 Black, 46",1,1252,2295,676,1252,1928
58279,2011-06-24,24,June,2011,37,Adults (35-64),M,United States,Oregon,Bikes,Road Bikes,"Road-150 Red, 62",1,2171,3578,906,2171,3077
56007,2011-06-24,24,June,2011,42,Adults (35-64),M,United States,California,Bikes,Mountain Bikes,"Mountain-200 Silver, 42",3,1266,2320,3023,3798,6821
69471,2011-06-24,24,June,2011,26,Young Adults (25-34),M,Australia,New South Wales,Bikes,Road Bikes,"Road-550-W Yellow, 44",3,713,1120,784,2139,2923
58819,2011-06-24,24,June,2011,28,Young Adults (25-34),M,United States,California,Bikes,Road Bikes,"Road-150 Red, 62",4,2171,3578,5342,8684,14026
60841,2011-06-24,24,June,2011,44,Adults (35-64),M,United States,California,Bikes,Road Bikes,"Road-750 Black, 48",4,344,540,741,1376,2117
60097,2011-06-24,24,June,2011,19,Youth (<25),M,Germany,Hessen,Bikes,Road Bikes,"Road-250 Black, 48",1,1555,2443,717,1555,2272
69585,2011-06-24,24,June,2011,45,Adults (35-64),M,Australia,New South Wales,Bikes,Road Bikes,"Road-750 Black, 52",2,344,540,252,688,940
55771,2011-06-25,25,June,2011,27,Young Adults (25-34),M,United Kingdom,England,Bikes,Mountain Bikes,"Mountain-400-W Silver, 46",2,420,769,636,840,1476
67485,2011-06-25,25,June,2011,42,Adults (35-64),M,United States,Washington,Bikes,Road Bikes,"Road-750 Black, 44",3,344,540,232,1032,1264
70587,2011-06-25,25,June,2011,31,Young Adults (25-34),F,United States,Oregon,Bikes,Road Bikes,"Road-150 Red, 62",1,2171,3578,906,2171,3077
59145,2011-06-25,25,June,2011,56,Adults (35-64),M,United States,Washington,Bikes,Road Bikes,"Road-250 Red, 52",1,1519,2443,387,1519,1906
61057,2011-06-25,25,June,2011,40,Adults (35-64),F,United States,California,Bikes,Road Bikes,"Road-250 Black, 58",2,1555,2443,1678,3110,4788
59081,2011-06-26,26,June,2011,28,Young Adults (25-34),F,France,Loiret,Bikes,Road Bikes,"Road-150 Red, 56",3,2171,3578,3040,6513,9553
49739,2011-06-26,26,June,2011,21,Youth (<25),F,Australia,Victoria,Bikes,Mountain Bikes,"Mountain-200 Black, 46",2,1252,2295,1122,2504,3626
66717,2011-06-26,26,June,2011,27,Young Adults (25-34),M,United Kingdom,England,Bikes,Road Bikes,"Road-750 Black, 48",2,344,540,349,688,1037
59077,2011-06-26,26,June,2011,28,Young Adults (25-34),M,France,Yveline,Bikes,Road Bikes,"Road-150 Red, 52",3,2171,3578,1645,6513,8158
53607,2011-06-26,26,June,2011,17,Youth (<25),F,Australia,Victoria,Bikes,Mountain Bikes,"Mountain-400-W Silver, 40",1,420,769,188,420,608
62049,2011-06-26,26,June,2011,39,Adults (35-64),M,United States,California,Bikes,Road Bikes,"Road-350-W Yellow, 42",3,1083,1701,1752,3249,5001
59045,2011-06-26,26,June,2011,38,Adults (35-64),F,France,Yveline,Bikes,Road Bikes,"Road-250 Black, 44",1,1555,2443,302,1555,1857
70827,2011-06-27,27,June,2011,43,Adults (35-64),M,United States,Oregon,Bikes,Road Bikes,"Road-150 Red, 62",3,2171,3578,2718,6513,9231
50599,2011-06-27,27,June,2011,20,Youth (<25),M,Australia,Queensland,Bikes,Mountain Bikes,"Mountain-500 Silver, 52",3,308,565,500,924,1424
65857,2011-06-27,27,June,2011,29,Young Adults (25-34),M,United States,Washington,Bikes,Road Bikes,"Road-750 Black, 48",2,344,540,154,688,842
58569,2011-06-27,27,June,2011,57,Adults (35-64),M,United States,Washington,Bikes,Road Bikes,"Road-150 Red, 62",1,2171,3578,620,2171,2791
68623,2011-06-27,27,June,2011,25,Young Adults (25-34),M,Australia,Queensland,Bikes,Road Bikes,"Road-550-W Yellow, 40",1,713,1120,228,713,941
63683,2011-06-27,27,June,2011,37,Adults (35-64),F,United States,California,Bikes,Road Bikes,"Road-550-W Yellow, 48",3,713,1120,1154,2139,3293
59821,2011-06-27,27,June,2011,37,Adults (35-64),M,United States,California,Bikes,Road Bikes,"Road-650 Red, 48",1,487,783,280,487,767
59820,2011-06-27,27,June,2011,37,Adults (35-64),M,United States,California,Bikes,Road Bikes,"Road-650 Red, 48",1,487,783,280,487,767
68669,2011-06-27,27,June,2011,39,Adults (35-64),F,Canada,Alberta,Bikes,Road Bikes,"Road-350-W Yellow, 44",1,1083,1701,618,1083,1701
57053,2011-06-28,28,June,2011,34,Young Adults (25-34),M,Canada,British Columbia,Bikes,Mountain Bikes,"Mountain-500 Black, 44",2,295,540,479,590,1069
65653,2011-06-28,28,June,2011,56,Adults (35-64),F,United States,Washington,Bikes,Road Bikes,"Road-750 Black, 52",4,344,540,309,1376,1685
70261,2011-06-28,28,June,2011,44,Adults (35-64),F,Australia,New South Wales,Bikes,Road Bikes,"Road-750 Black, 44",1,344,540,126,344,470
68133,2011-06-28,28,June,2011,37,Adults (35-64),M,Germany,Nordrhein-Westfalen,Bikes,Road Bikes,"Road-550-W Yellow, 42",3,713,1120,784,2139,2923
64443,2011-06-28,28,June,2011,39,Adults (35-64),F,United States,Oregon,Bikes,Road Bikes,"Road-550-W Yellow, 48",2,713,1120,500,1426,1926
70501,2011-06-29,29,June,2011,49,Adults (35-64),M,Canada,British Columbia,Bikes,Road Bikes,"Road-150 Red, 44",2,2171,3578,2742,4342,7084
64911,2011-06-29,29,June,2011,42,Adults (35-64),F,United States,Washington,Bikes,Road Bikes,"Road-750 Black, 48",3,344,540,232,1032,1264
64993,2011-06-29,29,June,2011,20,Youth (<25),F,Australia,Queensland,Bikes,Road Bikes,"Road-750 Black, 44",4,344,540,438,1376,1814
58619,2011-06-29,29,June,2011,43,Adults (35-64),M,United Kingdom,England,Bikes,Road Bikes,"Road-550-W Yellow, 48",4,713,1120,1449,2852,4301
50361,2011-06-29,29,June,2011,54,Adults (35-64),F,Australia,Queensland,Bikes,Mountain Bikes,"Mountain-200 Black, 42",4,1252,2295,2703,5008,7711
64829,2011-06-29,29,June,2011,29,Young Adults (25-34),F,United States,Oregon,Bikes,Road Bikes,"Road-550-W Yellow, 38",4,713,1120,1001,2852,3853
52855,2011-06-29,29,June,2011,54,Adults (35-64),M,Australia,Victoria,Bikes,Mountain Bikes,"Mountain-200 Black, 38",2,1252,2295,1122,2504,3626
68579,2011-06-29,29,June,2011,18,Youth (<25),F,Canada,British Columbia,Bikes,Road Bikes,"Road-150 Red, 52",1,2171,3578,1371,2171,3542
63765,2011-06-30,30,June,2011,28,Young Adults (25-34),F,Germany,Hessen,Bikes,Road Bikes,"Road-250 Black, 44",1,1555,2443,717,1555,2272
63195,2011-06-30,30,June,2011,40,Adults (35-64),F,France,Yveline,Bikes,Road Bikes,"Road-350-W Yellow, 40",1,1083,1701,210,1083,1293
66665,2011-06-30,30,June,2011,20,Youth (<25),M,Australia,Queensland,Bikes,Road Bikes,"Road-750 Black, 44",2,344,540,219,688,907
57329,2011-06-30,30,June,2011,62,Adults (35-64),M,United States,California,Bikes,Mountain Bikes,"Mountain-100 Silver, 38",1,1912,3400,1420,1912,3332
58565,2011-06-30,30,June,2011,58,Adults (35-64),F,United States,California,Bikes,Road Bikes,"Road-150 Red, 56",1,2171,3578,1335,2171,3506
49645,2011-06-30,30,June,2011,17,Youth (<25),M,Australia,New South Wales,Bikes,Mountain Bikes,"Mountain-200 Black, 46",1,1252,2295,745,1252,1997
61707,2011-07-01,1,July,2011,23,Youth (<25),F,Germany,Hamburg,Bikes,Road Bikes,"Road-350-W Yellow, 40",3,1083,1701,1497,3249,4746
62353,2011-07-01,1,July,2011,55,Adults (35-64),F,Germany,Saarland,Bikes,Road Bikes,"Road-350-W Yellow, 40",4,1083,1701,1247,4332,5579
52967,2011-07-01,1,July,2011,24,Youth (<25),F,Australia,New South Wales,Bikes,Mountain Bikes,"Mountain-200 Black, 46",1,1252,2295,745,1252,1997
51055,2011-07-01,1,July,2011,17,Youth (<25),F,Australia,New South Wales,Bikes,Mountain Bikes,"Mountain-500 Black, 52",4,295,540,699,1180,1879
65445,2011-07-01,1,July,2011,35,Adults (35-64),M,Australia,New South Wales,Bikes,Road Bikes,"Road-350-W Yellow, 42",1,1083,1701,397,1083,1480
60587,2011-07-01,1,July,2011,23,Youth (<25),M,United States,Washington,Bikes,Road Bikes,"Road-750 Black, 52",3,344,540,232,1032,1264
64167,2011-07-01,1,July,2011,44,Adults (35-64),M,Germany,Hamburg,Bikes,Road Bikes,"Road-650 Red, 62",1,487,783,241,487,728
52949,2011-07-01,1,July,2011,23,Youth (<25),F,Australia,New South Wales,Bikes,Mountain Bikes,"Mountain-200 Silver, 42",4,1266,2320,3010,5064,8074
68073,2011-07-02,2,July,2011,43,Adults (35-64),F,United Kingdom,England,Bikes,Road Bikes,"Road-750 Black, 52",1,344,540,174,344,518
65959,2011-07-02,2,July,2011,33,Young Adults (25-34),M,United States,California,Bikes,Road Bikes,"Road-750 Black, 48",3,344,540,556,1032,1588
62659,2011-07-02,2,July,2011,39,Adults (35-64),F,Germany,Saarland,Bikes,Road Bikes,"Road-350-W Yellow, 48",1,1083,1701,312,1083,1395
70483,2011-07-03,3,July,2011,52,Adults (35-64),F,United States,California,Bikes,Road Bikes,"Road-150 Red, 56",3,2171,3578,4006,6513,10519
65563,2011-07-03,3,July,2011,37,Adults (35-64),M,Australia,South Australia,Bikes,Road Bikes,"Road-250 Black, 48",1,1555,2443,448,1555,2003
71523,2011-07-03,3,July,2011,17,Youth (<25),F,United States,California,Bikes,Road Bikes,"Road-750 Black, 52",1,344,540,185,344,529
58479,2011-07-03,3,July,2011,52,Adults (35-64),M,United States,California,Bikes,Road Bikes,"Road-150 Red, 52",3,2171,3578,4006,6513,10519
70369,2011-07-03,3,July,2011,30,Young Adults (25-34),M,Australia,New South Wales,Bikes,Road Bikes,"Road-750 Black, 44",1,344,540,126,344,470
59471,2011-07-03,3,July,2011,20,Youth (<25),M,United States,California,Bikes,Road Bikes,"Road-550-W Yellow, 38",1,713,1120,385,713,1098
58891,2011-07-03,3,July,2011,22,Youth (<25),M,United States,California,Bikes,Road Bikes,"Road-250 Red, 44",2,1519,2443,1750,3038,4788
65409,2011-07-03,3,July,2011,28,Young Adults (25-34),F,Australia,Victoria,Bikes,Road Bikes,"Road-250 Black, 48",1,1555,2443,375,1555,1930
50903,2011-07-03,3,July,2011,39,Adults (35-64),M,Canada,British Columbia,Bikes,Mountain Bikes,"Mountain-200 Black, 38",4,1252,2295,4080,5008,9088
67921,2011-07-03,3,July,2011,51,Adults (35-64),F,United States,California,Bikes,Road Bikes,"Road-750 Black, 44",1,344,540,185,344,529
60417,2011-07-03,3,July,2011,56,Adults (35-64),F,Germany,Saarland,Bikes,Road Bikes,"Road-250 Black, 48",4,1555,2443,1793,6220,8013
58853,2011-07-03,3,July,2011,28,Young Adults (25-34),F,United States,Oregon,Bikes,Road Bikes,"Road-250 Red, 52",1,1519,2443,582,1519,2101
69603,2011-07-03,3,July,2011,40,Adults (35-64),M,Australia,Victoria,Bikes,Road Bikes,"Road-550-W Yellow, 40",1,713,1120,172,713,885
64747,2011-07-04,4,July,2011,46,Adults (35-64),F,Germany,Saarland,Bikes,Road Bikes,"Road-650 Red, 62",1,487,783,155,487,642
58621,2011-07-04,4,July,2011,43,Adults (35-64),M,United Kingdom,England,Bikes,Road Bikes,"Road-550-W Yellow, 48",1,713,1120,362,713,1075
60221,2011-07-04,4,July,2011,47,Adults (35-64),F,Germany,Hessen,Bikes,Road Bikes,"Road-250 Black, 48",1,1555,2443,717,1555,2272
58893,2011-07-04,4,July,2011,22,Youth (<25),M,United States,California,Bikes,Road Bikes,"Road-250 Red, 44",1,1519,2443,875,1519,2394
65515,2011-07-04,4,July,2011,36,Adults (35-64),F,Australia,Queensland,Bikes,Road Bikes,"Road-350-W Yellow, 44",1,1083,1701,346,1083,1429
53285,2011-07-04,4,July,2011,36,Adults (35-64),M,Canada,British Columbia,Bikes,Mountain Bikes,"Mountain-400-W Silver, 40",3,420,769,1024,1260,2284
60589,2011-07-04,4,July,2011,23,Youth (<25),M,United States,Washington,Bikes,Road Bikes,"Road-750 Black, 52",1,344,540,77,344,421
64943,2011-07-04,4,July,2011,40,Adults (35-64),M,United States,California,Bikes,Road Bikes,"Road-550-W Yellow, 42",1,713,1120,385,713,1098
63239,2011-07-04,4,July,2011,43,Adults (35-64),F,France,Seine Saint Denis,Bikes,Road Bikes,"Road-250 Red, 48",1,1519,2443,484,1519,2003
61541,2011-07-05,5,July,2011,24,Youth (<25),M,Canada,British Columbia,Bikes,Road Bikes,"Road-350-W Yellow, 48",3,1083,1701,1803,3249,5052
68037,2011-07-05,5,July,2011,31,Young Adults (25-34),M,France,Seine (Paris),Bikes,Road Bikes,"Road-750 Black, 58",2,344,540,198,688,886
68883,2011-07-05,5,July,2011,24,Youth (<25),F,Canada,British Columbia,Bikes,Road Bikes,"Road-250 Black, 48",1,1555,2443,864,1555,2419
68807,2011-07-05,5,July,2011,48,Adults (35-64),F,Canada,British Columbia,Bikes,Road Bikes,"Road-750 Black, 58",1,344,540,191,344,535
49831,2011-07-05,5,July,2011,25,Young Adults (25-34),M,Germany,Saarland,Bikes,Mountain Bikes,"Mountain-200 Silver, 46",3,1266,2320,1909,3798,5707
61337,2011-07-05,5,July,2011,45,Adults (35-64),F,France,Yveline,Bikes,Road Bikes,"Road-350-W Yellow, 40",1,1083,1701,210,1083,1293
51051,2011-07-05,5,July,2011,17,Youth (<25),M,Australia,Queensland,Bikes,Mountain Bikes,"Mountain-200 Black, 46",3,1252,2295,2027,3756,5783
61091,2011-07-05,5,July,2011,40,Adults (35-64),F,United States,Washington,Bikes,Road Bikes,"Road-250 Black, 44",2,1555,2443,701,3110,3811
59159,2011-07-05,5,July,2011,23,Youth (<25),M,United Kingdom,England,Bikes,Road Bikes,"Road-250 Red, 58",4,1555,2443,3161,6220,9381
68671,2011-07-05,5,July,2011,26,Young Adults (25-34),M,Canada,British Columbia,Bikes,Road Bikes,"Road-150 Red, 56",4,2171,3578,5485,8684,14169
50775,2011-07-06,6,July,2011,24,Youth (<25),M,Australia,Victoria,Bikes,Mountain Bikes,"Mountain-200 Black, 42",1,1252,2295,561,1252,1813
65447,2011-07-06,6,July,2011,35,Adults (35-64),M,Australia,New South Wales,Bikes,Road Bikes,"Road-350-W Yellow, 42",1,1083,1701,397,1083,1480
69367,2011-07-06,6,July,2011,19,Youth (<25),F,Australia,Queensland,Bikes,Road Bikes,"Road-750 Black, 52",1,344,540,110,344,454
66417,2011-07-06,6,July,2011,28,Young Adults (25-34),M,Canada,British Columbia,Bikes,Road Bikes,"Road-550-W Yellow, 44",3,713,1120,1187,2139,3326
62609,2011-07-06,6,July,2011,24,Youth (<25),M,France,Essonne,Bikes,Road Bikes,"Road-350-W Yellow, 42",2,1083,1701,1100,2166,3266
68291,2011-07-06,6,July,2011,20,Youth (<25),F,Australia,New South Wales,Bikes,Road Bikes,"Road-750 Black, 58",1,344,540,126,344,470
65887,2011-07-06,6,July,2011,27,Young Adults (25-34),F,United States,California,Bikes,Road Bikes,"Road-750 Black, 58",1,344,540,185,344,529
54949,2011-07-06,6,July,2011,20,Youth (<25),M,United Kingdom,England,Bikes,Mountain Bikes,"Mountain-400-W Silver, 40",1,420,769,318,420,738
70063,2011-07-06,6,July,2011,39,Adults (35-64),F,United Kingdom,England,Bikes,Road Bikes,"Road-750 Black, 48",4,344,540,698,1376,2074
61723,2011-07-06,6,July,2011,25,Young Adults (25-34),M,France,Yveline,Bikes,Road Bikes,"Road-250 Black, 48",1,1555,2443,302,1555,1857
68433,2011-07-06,6,July,2011,28,Young Adults (25-34),M,Australia,Victoria,Bikes,Road Bikes,"Road-350-W Yellow, 42",4,1083,1701,1043,4332,5375
51061,2011-07-07,7,July,2011,18,Youth (<25),M,Australia,Victoria,Bikes,Mountain Bikes,"Mountain-500 Silver, 44",3,308,565,415,924,1339
60217,2011-07-07,7,July,2011,51,Adults (35-64),M,Germany,Nordrhein-Westfalen,Bikes,Road Bikes,"Road-250 Black, 58",1,1555,2443,570,1555,2125
59131,2011-07-07,7,July,2011,51,Adults (35-64),F,Germany,Saarland,Bikes,Road Bikes,"Road-750 Black, 44",2,344,540,198,688,886
58895,2011-07-07,7,July,2011,22,Youth (<25),M,United States,California,Bikes,Road Bikes,"Road-250 Red, 44",2,1519,2443,1750,3038,4788
59431,2011-07-07,7,July,2011,19,Youth (<25),M,United States,California,Bikes,Road Bikes,"Road-550-W Yellow, 42",1,713,1120,385,713,1098
61561,2011-07-07,7,July,2011,50,Adults (35-64),F,United States,Washington,Bikes,Road Bikes,"Road-350-W Yellow, 42",1,1083,1701,244,1083,1327
68689,2011-07-07,7,July,2011,25,Young Adults (25-34),F,Canada,Alberta,Bikes,Road Bikes,"Road-750 Black, 58",1,344,540,196,344,540
53743,2011-07-07,7,July,2011,22,Youth (<25),M,Australia,New South Wales,Bikes,Mountain Bikes,"Mountain-200 Black, 42",4,1252,2295,2979,5008,7987
55891,2011-07-07,7,July,2011,21,Youth (<25),F,Australia,New South Wales,Bikes,Mountain Bikes,"Mountain-200 Black, 42",1,1252,2295,745,1252,1997
67229,2011-07-08,8,July,2011,36,Adults (35-64),F,Australia,New South Wales,Bikes,Road Bikes,"Road-350-W Yellow, 40",1,1083,1701,397,1083,1480
63253,2011-07-08,8,July,2011,44,Adults (35-64),M,United Kingdom,England,Bikes,Road Bikes,"Road-550-W Yellow, 48",4,713,1120,1449,2852,4301
64433,2011-07-08,8,July,2011,38,Adults (35-64),M,United States,Washington,Bikes,Road Bikes,"Road-250 Black, 44",2,1555,2443,701,3110,3811
67095,2011-07-08,8,July,2011,29,Young Adults (25-34),M,Australia,Queensland,Bikes,Road Bikes,"Road-250 Black, 52",1,1555,2443,497,1555,2052
51409,2011-07-08,8,July,2011,39,Adults (35-64),F,Canada,British Columbia,Bikes,Mountain Bikes,"Mountain-200 Silver, 42",3,1266,2320,3092,3798,6890
71129,2011-07-08,8,July,2011,22,Youth (<25),M,Canada,Alberta,Bikes,Road Bikes,"Road-150 Red, 48",4,2171,3578,5628,8684,14312
50777,2011-07-09,9,July,2011,24,Youth (<25),M,Australia,Victoria,Bikes,Mountain Bikes,"Mountain-200 Black, 42",3,1252,2295,1683,3756,5439
67367,2011-07-09,9,July,2011,22,Youth (<25),F,United States,California,Bikes,Road Bikes,"Road-750 Black, 44",1,344,540,185,344,529
57679,2011-07-09,9,July,2011,43,Adults (35-64),F,United States,California,Bikes,Mountain Bikes,"Mountain-200 Silver, 42",1,1266,2320,1008,1266,2274
57337,2011-07-09,9,July,2011,48,Adults (35-64),M,United States,Washington,Bikes,Mountain Bikes,"Mountain-200 Silver, 46",3,1266,2320,1631,3798,5429
58863,2011-07-09,9,July,2011,22,Youth (<25),F,United States,Oregon,Bikes,Road Bikes,"Road-250 Black, 44",4,1555,2443,2184,6220,8404
64171,2011-07-10,10,July,2011,44,Adults (35-64),M,Germany,Hessen,Bikes,Road Bikes,"Road-650 Red, 52",3,487,783,724,1461,2185
59433,2011-07-10,10,July,2011,19,Youth (<25),M,United States,California,Bikes,Road Bikes,"Road-550-W Yellow, 42",3,713,1120,1154,2139,3293
70629,2011-07-10,10,July,2011,41,Adults (35-64),M,Australia,New South Wales,Bikes,Road Bikes,"Road-750 Black, 48",3,344,540,377,1032,1409
58821,2011-07-10,10,July,2011,28,Young Adults (25-34),M,United States,California,Bikes,Road Bikes,"Road-150 Red, 62",3,2171,3578,4006,6513,10519
64457,2011-07-10,10,July,2011,29,Young Adults (25-34),F,Australia,Queensland,Bikes,Road Bikes,"Road-250 Black, 44",3,1555,2443,1491,4665,6156
65587,2011-07-10,10,July,2011,33,Young Adults (25-34),F,Australia,New South Wales,Bikes,Road Bikes,"Road-250 Black, 52",1,1555,2443,570,1555,2125
61599,2011-07-10,10,July,2011,41,Adults (35-64),M,United Kingdom,England,Bikes,Road Bikes,"Road-250 Red, 48",1,1519,2443,826,1519,2345
60763,2011-07-11,11,July,2011,18,Youth (<25),F,United States,California,Bikes,Road Bikes,"Road-650 Black, 62",3,487,783,841,1461,2302
59729,2011-07-11,11,July,2011,23,Youth (<25),M,United States,California,Bikes,Road Bikes,"Road-550-W Yellow, 42",1,713,1120,385,713,1098
53019,2011-07-11,11,July,2011,23,Youth (<25),F,United States,California,Bikes,Mountain Bikes,"Mountain-400-W Silver, 38",3,420,769,1001,1260,2261
62011,2011-07-11,11,July,2011,26,Young Adults (25-34),F,United Kingdom,England,Bikes,Road Bikes,"Road-350-W Yellow, 44",4,1083,1701,2200,4332,6532
49647,2011-07-11,11,July,2011,17,Youth (<25),M,Australia,New South Wales,Bikes,Mountain Bikes,"Mountain-200 Black, 46",1,1252,2295,745,1252,1997
65603,2011-07-11,11,July,2011,33,Young Adults (25-34),M,Australia,Victoria,Bikes,Road Bikes,"Road-250 Black, 52",1,1555,2443,375,1555,1930
62663,2011-07-11,11,July,2011,40,Adults (35-64),F,Germany,Saarland,Bikes,Road Bikes,"Road-250 Red, 58",1,1555,2443,448,1555,2003
68435,2011-07-11,11,July,2011,28,Young Adults (25-34),M,Australia,Victoria,Bikes,Road Bikes,"Road-350-W Yellow, 42",4,1083,1701,1043,4332,5375
70475,2011-07-11,11,July,2011,53,Adults (35-64),F,United States,California,Bikes,Road Bikes,"Road-150 Red, 44",1,2171,3578,1335,2171,3506
64165,2011-07-11,11,July,2011,43,Adults (35-64),M,Germany,Bayern,Bikes,Road Bikes,"Road-650 Black, 48",1,487,783,288,487,775
57341,2011-07-11,11,July,2011,17,Youth (<25),M,United States,Oregon,Bikes,Mountain Bikes,"Mountain-200 Black, 42",2,1252,2295,1443,2504,3947
61933,2011-07-11,11,July,2011,23,Youth (<25),F,United States,Washington,Bikes,Road Bikes,"Road-150 Red, 48",3,2171,3578,1860,6513,8373
59699,2011-07-12,12,July,2011,23,Youth (<25),F,United States,California,Bikes,Road Bikes,"Road-550-W Yellow, 42",1,713,1120,385,713,1098
58917,2011-07-12,12,July,2011,21,Youth (<25),M,United States,Oregon,Bikes,Road Bikes,"Road-250 Black, 58",3,1555,2443,1638,4665,6303
64137,2011-07-12,12,July,2011,42,Adults (35-64),M,Germany,Nordrhein-Westfalen,Bikes,Road Bikes,"Road-650 Black, 48",1,487,783,194,487,681
57345,2011-07-12,12,July,2011,43,Adults (35-64),M,United States,Washington,Bikes,Mountain Bikes,"Mountain-200 Black, 42",1,1252,2295,538,1252,1790
61767,2011-07-12,12,July,2011,50,Adults (35-64),M,United States,California,Bikes,Road Bikes,"Road-350-W Yellow, 42",1,1083,1701,584,1083,1667
69185,2011-07-12,12,July,2011,45,Adults (35-64),F,United Kingdom,England,Bikes,Road Bikes,"Road-750 Black, 48",2,344,540,349,688,1037
51225,2011-07-12,12,July,2011,26,Young Adults (25-34),F,Australia,New South Wales,Bikes,Mountain Bikes,"Mountain-200 Black, 46",3,1252,2295,2234,3756,5990
60425,2011-07-12,12,July,2011,29,Young Adults (25-34),M,United States,Oregon,Bikes,Road Bikes,"Road-650 Black, 44",1,487,783,186,487,673
60281,2011-07-13,13,July,2011,32,Young Adults (25-34),F,United States,California,Bikes,Road Bikes,"Road-650 Red, 62",1,487,783,280,487,767
58925,2011-07-13,13,July,2011,34,Young Adults (25-34),F,United States,Oregon,Bikes,Road Bikes,"Road-250 Red, 48",4,1519,2443,2328,6076,8404
63279,2011-07-13,13,July,2011,47,Adults (35-64),M,France,Seine Saint Denis,Bikes,Road Bikes,"Road-550-W Yellow, 42",1,713,1120,205,713,918
58939,2011-07-13,13,July,2011,55,Adults (35-64),M,United States,California,Bikes,Road Bikes,"Road-250 Red, 48",4,1519,2443,3501,6076,9577
70547,2011-07-13,13,July,2011,31,Young Adults (25-34),M,United States,California,Bikes,Road Bikes,"Road-150 Red, 62",2,2171,3578,2671,4342,7013
57535,2011-07-13,13,July,2011,29,Young Adults (25-34),M,United States,California,Bikes,Mountain Bikes,"Mountain-200 Black, 38",1,1252,2295,997,1252,2249
54911,2011-07-13,13,July,2011,31,Young Adults (25-34),F,United Kingdom,England,Bikes,Mountain Bikes,"Mountain-200 Silver, 46",2,1266,2320,1922,2532,4454
71283,2011-07-13,13,July,2011,30,Young Adults (25-34),M,United States,California,Bikes,Road Bikes,"Road-150 Red, 48",1,2171,3578,1335,2171,3506
51159,2011-07-13,13,July,2011,22,Youth (<25),F,Australia,New South Wales,Bikes,Mountain Bikes,"Mountain-200 Black, 46",1,1252,2295,745,1252,1997
65929,2011-07-13,13,July,2011,33,Young Adults (25-34),F,United States,Oregon,Bikes,Road Bikes,"Road-550-W Yellow, 38",2,713,1120,500,1426,1926
55729,2011-07-13,13,July,2011,22,Youth (<25),M,United Kingdom,England,Bikes,Mountain Bikes,"Mountain-500 Silver, 40",3,308,565,703,924,1627
65781,2011-07-13,13,July,2011,41,Adults (35-64),F,United Kingdom,England,Bikes,Road Bikes,"Road-550-W Yellow, 40",3,713,1120,1087,2139,3226
51113,2011-07-14,14,July,2011,37,Adults (35-64),F,France,Essonne,Bikes,Mountain Bikes,"Mountain-200 Black, 42",4,1252,2295,3805,5008,8813
51535,2011-07-14,14,July,2011,22,Youth (<25),M,United States,California,Bikes,Mountain Bikes,"Mountain-400-W Silver, 38",3,420,769,1001,1260,2261
65859,2011-07-14,14,July,2011,29,Young Adults (25-34),M,United States,Washington,Bikes,Road Bikes,"Road-750 Black, 48",2,344,540,154,688,842
65551,2011-07-14,14,July,2011,68,Seniors (64+),F,Australia,New South Wales,Bikes,Road Bikes,"Road-350-W Yellow, 42",2,1083,1701,794,2166,2960
65517,2011-07-14,14,July,2011,36,Adults (35-64),F,Australia,Queensland,Bikes,Road Bikes,"Road-350-W Yellow, 44",2,1083,1701,692,2166,2858
67911,2011-07-14,14,July,2011,51,Adults (35-64),M,United States,Washington,Bikes,Road Bikes,"Road-750 Black, 44",3,344,540,232,1032,1264
64255,2011-07-14,14,July,2011,28,Young Adults (25-34),F,United States,Washington,Bikes,Road Bikes,"Road-550-W Yellow, 44",1,713,1120,161,713,874
68809,2011-07-14,14,July,2011,48,Adults (35-64),F,Canada,British Columbia,Bikes,Road Bikes,"Road-750 Black, 58",1,344,540,191,344,535
54449,2011-07-14,14,July,2011,31,Young Adults (25-34),F,United States,California,Bikes,Mountain Bikes,"Mountain-200 Black, 38",3,1252,2295,2991,3756,6747
60261,2011-07-14,14,July,2011,24,Youth (<25),F,United States,Washington,Bikes,Road Bikes,"Road-650 Black, 48",3,487,783,371,1461,1832
60591,2011-07-15,15,July,2011,23,Youth (<25),M,United States,Washington,Bikes,Road Bikes,"Road-750 Black, 52",3,344,540,232,1032,1264
60765,2011-07-15,15,July,2011,18,Youth (<25),F,United States,California,Bikes,Road Bikes,"Road-650 Black, 62",3,487,783,841,1461,2302
59153,2011-07-15,15,July,2011,23,Youth (<25),M,France,Nord,Bikes,Road Bikes,"Road-150 Red, 56",4,2171,3578,3767,8684,12451
65905,2011-07-15,15,July,2011,30,Young Adults (25-34),M,Canada,British Columbia,Bikes,Road Bikes,"Road-750 Black, 52",1,344,540,191,344,535
50757,2011-07-16,16,July,2011,21,Youth (<25),M,Australia,South Australia,Bikes,Mountain Bikes,"Mountain-200 Black, 46",1,1252,2295,630,1252,1882
67823,2011-07-16,16,July,2011,35,Adults (35-64),M,Australia,Victoria,Bikes,Road Bikes,"Road-550-W Yellow, 44",4,713,1120,687,2852,3539
50771,2011-07-16,16,July,2011,22,Youth (<25),F,Australia,Victoria,Bikes,Mountain Bikes,"Mountain-200 Silver, 38",1,1266,2320,567,1266,1833
58861,2011-07-16,16,July,2011,22,Youth (<25),M,United States,Oregon,Bikes,Road Bikes,"Road-250 Red, 44",4,1519,2443,2328,6076,8404
58333,2011-07-16,16,July,2011,46,Adults (35-64),M,France,Seine Saint Denis,Bikes,Road Bikes,"Road-750 Black, 44",1,344,540,99,344,443
63245,2011-07-16,16,July,2011,43,Adults (35-64),F,France,Nord,Bikes,Road Bikes,"Road-650 Red, 48",1,487,783,194,487,681
70699,2011-07-17,17,July,2011,30,Young Adults (25-34),F,Canada,British Columbia,Bikes,Road Bikes,"Road-150 Red, 56",4,2171,3578,5485,8684,14169
62501,2011-07-17,17,July,2011,29,Young Adults (25-34),M,France,Seine (Paris),Bikes,Road Bikes,"Road-250 Red, 58",3,1555,2443,1345,4665,6010
58403,2011-07-17,17,July,2011,32,Young Adults (25-34),F,United States,Washington,Bikes,Road Bikes,"Road-150 Red, 48",1,2171,3578,620,2171,2791
69361,2011-07-17,17,July,2011,19,Youth (<25),M,Australia,Queensland,Bikes,Road Bikes,"Road-750 Black, 48",2,344,540,219,688,907
60505,2011-07-17,17,July,2011,25,Young Adults (25-34),M,Germany,Hamburg,Bikes,Road Bikes,"Road-150 Red, 62",1,2171,3578,1157,2171,3328
59505,2011-07-17,17,July,2011,19,Youth (<25),F,United States,California,Bikes,Road Bikes,"Road-350-W Yellow, 42",3,1083,1701,1752,3249,5001
65575,2011-07-17,17,July,2011,33,Young Adults (25-34),M,Australia,New South Wales,Bikes,Road Bikes,"Road-350-W Yellow, 48",1,1083,1701,397,1083,1480
61563,2011-07-17,17,July,2011,50,Adults (35-64),F,United States,Washington,Bikes,Road Bikes,"Road-350-W Yellow, 42",2,1083,1701,488,2166,2654
58919,2011-07-17,17,July,2011,21,Youth (<25),M,United States,California,Bikes,Road Bikes,"Road-250 Black, 48",2,1555,2443,1678,3110,4788
53119,2011-07-17,17,July,2011,46,Adults (35-64),F,United States,California,Bikes,Mountain Bikes,"Mountain-400-W Silver, 40",1,420,769,334,420,754
60593,2011-07-17,17,July,2011,23,Youth (<25),M,United States,Washington,Bikes,Road Bikes,"Road-750 Black, 52",1,344,540,77,344,421
70549,2011-07-18,18,July,2011,31,Young Adults (25-34),M,United States,California,Bikes,Road Bikes,"Road-150 Red, 62",3,2171,3578,4006,6513,10519
70839,2011-07-18,18,July,2011,32,Young Adults (25-34),F,Canada,British Columbia,Bikes,Road Bikes,"Road-150 Red, 52",1,2171,3578,1371,2171,3542
63997,2011-07-18,18,July,2011,56,Adults (35-64),F,United States,California,Bikes,Road Bikes,"Road-550-W Yellow, 44",1,713,1120,385,713,1098
58003,2011-07-18,18,July,2011,38,Adults (35-64),M,France,Yveline,Bikes,Mountain Bikes,"Mountain-200 Black, 38",1,1252,2295,492,1252,1744
54279,2011-07-18,18,July,2011,18,Youth (<25),F,Australia,New South Wales,Bikes,Mountain Bikes,"Mountain-200 Silver, 38",1,1266,2320,752,1266,2018
49649,2011-07-18,18,July,2011,17,Youth (<25),M,Australia,New South Wales,Bikes,Mountain Bikes,"Mountain-200 Black, 46",4,1252,2295,2979,5008,7987
64245,2011-07-18,18,July,2011,25,Young Adults (25-34),F,Australia,Queensland,Bikes,Road Bikes,"Road-250 Black, 58",1,1555,2443,497,1555,2052
70551,2011-07-19,19,July,2011,31,Young Adults (25-34),M,United States,California,Bikes,Road Bikes,"Road-150 Red, 62",1,2171,3578,1335,2171,3506
59415,2011-07-19,19,July,2011,19,Youth (<25),F,United States,Oregon,Bikes,Road Bikes,"Road-550-W Yellow, 44",3,713,1120,751,2139,2890
55463,2011-07-19,19,July,2011,26,Young Adults (25-34),M,Australia,New South Wales,Bikes,Mountain Bikes,"Mountain-400-W Silver, 46",4,420,769,996,1680,2676
54763,2011-07-19,19,July,2011,36,Adults (35-64),F,Canada,British Columbia,Bikes,Mountain Bikes,"Mountain-500 Black, 44",1,295,540,240,295,535
65847,2011-07-19,19,July,2011,27,Young Adults (25-34),F,Canada,British Columbia,Bikes,Road Bikes,"Road-550-W Yellow, 48",1,713,1120,396,713,1109
64139,2011-07-19,19,July,2011,42,Adults (35-64),M,Germany,Nordrhein-Westfalen,Bikes,Road Bikes,"Road-650 Black, 48",2,487,783,388,974,1362
59689,2011-07-19,19,July,2011,23,Youth (<25),M,United States,Oregon,Bikes,Road Bikes,"Road-350-W Yellow, 42",2,1083,1701,760,2166,2926
58799,2011-07-19,19,July,2011,31,Young Adults (25-34),M,France,Yveline,Bikes,Road Bikes,"Road-150 Red, 52",1,2171,3578,548,2171,2719
52951,2011-07-20,20,July,2011,23,Youth (<25),F,Australia,New South Wales,Bikes,Mountain Bikes,"Mountain-200 Silver, 42",1,1266,2320,752,1266,2018
62703,2011-07-20,20,July,2011,27,Young Adults (25-34),M,Australia,New South Wales,Bikes,Road Bikes,"Road-250 Black, 52",2,1555,2443,1141,3110,4251
69975,2011-07-20,20,July,2011,29,Young Adults (25-34),M,France,Seine et Marne,Bikes,Road Bikes,"Road-550-W Yellow, 42",3,713,1120,616,2139,2755
58897,2011-07-20,20,July,2011,22,Youth (<25),M,United States,California,Bikes,Road Bikes,"Road-250 Red, 44",1,1519,2443,875,1519,2394
64831,2011-07-20,20,July,2011,29,Young Adults (25-34),F,United States,Oregon,Bikes,Road Bikes,"Road-550-W Yellow, 38",4,713,1120,1001,2852,3853
68691,2011-07-20,20,July,2011,28,Young Adults (25-34),F,Canada,British Columbia,Bikes,Road Bikes,"Road-250 Red, 48",4,1519,2443,3598,6076,9674
58437,2011-07-20,20,July,2011,20,Youth (<25),M,United States,Oregon,Bikes,Road Bikes,"Road-150 Red, 48",4,2171,3578,3624,8684,12308
59287,2011-07-20,20,July,2011,29,Young Adults (25-34),M,France,Hauts de Seine,Bikes,Road Bikes,"Road-150 Red, 62",1,2171,3578,1157,2171,3328
60241,2011-07-20,20,July,2011,54,Adults (35-64),F,United States,California,Bikes,Road Bikes,"Road-650 Red, 62",4,487,783,1121,1948,3069
60627,2011-07-20,20,July,2011,31,Young Adults (25-34),F,United States,California,Bikes,Road Bikes,"Road-650 Black, 62",1,487,783,280,487,767
70553,2011-07-21,21,July,2011,31,Young Adults (25-34),M,United States,California,Bikes,Road Bikes,"Road-150 Red, 62",4,2171,3578,5342,8684,14026
54951,2011-07-21,21,July,2011,20,Youth (<25),M,United Kingdom,England,Bikes,Mountain Bikes,"Mountain-400-W Silver, 40",4,420,769,1273,1680,2953
69485,2011-07-21,21,July,2011,51,Adults (35-64),F,Canada,British Columbia,Bikes,Road Bikes,"Road-550-W Yellow, 42",2,713,1120,792,1426,2218
51411,2011-07-21,21,July,2011,39,Adults (35-64),F,Canada,British Columbia,Bikes,Mountain Bikes,"Mountain-200 Silver, 42",1,1266,2320,1031,1266,2297
67923,2011-07-21,21,July,2011,51,Adults (35-64),F,United States,California,Bikes,Road Bikes,"Road-750 Black, 44",1,344,540,185,344,529
65371,2011-07-21,21,July,2011,32,Young Adults (25-34),M,France,Nord,Bikes,Road Bikes,"Road-750 Black, 48",4,344,540,503,1376,1879
65481,2011-07-21,21,July,2011,35,Adults (35-64),F,Australia,New South Wales,Bikes,Road Bikes,"Road-350-W Yellow, 48",3,1083,1701,1191,3249,4440
59117,2011-07-21,21,July,2011,53,Adults (35-64),F,France,Essonne,Bikes,Road Bikes,"Road-150 Red, 52",2,2171,3578,2528,4342,6870
60797,2011-07-21,21,July,2011,26,Young Adults (25-34),M,United Kingdom,England,Bikes,Road Bikes,"Road-250 Black, 44",1,1555,2443,790,1555,2345
64971,2011-07-21,21,July,2011,18,Youth (<25),F,Australia,New South Wales,Bikes,Road Bikes,"Road-750 Black, 58",1,344,540,126,344,470
60595,2011-07-22,22,July,2011,23,Youth (<25),M,United States,Washington,Bikes,Road Bikes,"Road-750 Black, 52",4,344,540,309,1376,1685
65577,2011-07-22,22,July,2011,33,Young Adults (25-34),M,Australia,New South Wales,Bikes,Road Bikes,"Road-350-W Yellow, 48",1,1083,1701,397,1083,1480
68537,2011-07-22,22,July,2011,32,Young Adults (25-34),F,Australia,Victoria,Bikes,Road Bikes,"Road-550-W Yellow, 40",1,713,1120,172,713,885
60225,2011-07-22,22,July,2011,48,Adults (35-64),F,Germany,Hessen,Bikes,Road Bikes,"Road-250 Red, 48",4,1519,2443,3012,6076,9088
58823,2011-07-22,22,July,2011,28,Young Adults (25-34),M,United States,California,Bikes,Road Bikes,"Road-150 Red, 62",1,2171,3578,1335,2171,3506
58461,2011-07-22,22,July,2011,53,Adults (35-64),M,United States,California,Bikes,Road Bikes,"Road-150 Red, 56",1,2171,3578,1335,2171,3506
61935,2011-07-22,22,July,2011,23,Youth (<25),F,United States,Washington,Bikes,Road Bikes,"Road-150 Red, 48",4,2171,3578,2479,8684,11163
58859,2011-07-23,23,July,2011,20,Youth (<25),F,United States,Washington,Bikes,Road Bikes,"Road-250 Red, 52",4,1519,2443,1546,6076,7622
70065,2011-07-23,23,July,2011,39,Adults (35-64),F,United Kingdom,England,Bikes,Road Bikes,"Road-750 Black, 48",2,344,540,349,688,1037
64595,2011-07-23,23,July,2011,55,Adults (35-64),F,United States,California,Bikes,Road Bikes,"Road-550-W Yellow, 48",2,713,1120,769,1426,2195
56329,2011-07-23,23,July,2011,29,Young Adults (25-34),F,United Kingdom,England,Bikes,Mountain Bikes,"Mountain-200 Silver, 42",4,1266,2320,3845,5064,8909
60415,2011-07-23,23,July,2011,57,Adults (35-64),M,Germany,Saarland,Bikes,Road Bikes,"Road-250 Red, 44",2,1519,2443,969,3038,4007
68403,2011-07-23,23,July,2011,38,Adults (35-64),M,United States,California,Bikes,Road Bikes,"Road-150 Red, 52",3,2171,3578,4006,6513,10519
53539,2011-07-23,23,July,2011,32,Young Adults (25-34),M,United Kingdom,England,Bikes,Mountain Bikes,"Mountain-500 Black, 44",1,295,540,223,295,518
67133,2011-07-24,24,July,2011,28,Young Adults (25-34),F,Australia,New South Wales,Bikes,Road Bikes,"Road-250 Black, 52",1,1555,2443,570,1555,2125
59357,2011-07-24,24,July,2011,34,Young Adults (25-34),M,France,Nord,Bikes,Road Bikes,"Road-250 Black, 44",1,1555,2443,570,1555,2125
60799,2011-07-24,24,July,2011,26,Young Adults (25-34),M,United Kingdom,England,Bikes,Road Bikes,"Road-250 Black, 44",1,1555,2443,790,1555,2345
67893,2011-07-24,24,July,2011,25,Young Adults (25-34),F,Australia,Victoria,Bikes,Road Bikes,"Road-350-W Yellow, 48",3,1083,1701,782,3249,4031
59137,2011-07-24,24,July,2011,48,Adults (35-64),M,France,Moselle,Bikes,Road Bikes,"Road-150 Red, 44",1,2171,3578,978,2171,3149
59121,2011-07-24,24,July,2011,52,Adults (35-64),M,France,Seine (Paris),Bikes,Road Bikes,"Road-150 Red, 56",1,2171,3578,763,2171,2934
60629,2011-07-25,25,July,2011,31,Young Adults (25-34),F,United States,California,Bikes,Road Bikes,"Road-650 Black, 62",1,487,783,280,487,767
49823,2011-07-25,25,July,2011,24,Youth (<25),M,Germany,Saarland,Bikes,Mountain Bikes,"Mountain-200 Silver, 38",1,1266,2320,636,1266,1902
69597,2011-07-25,25,July,2011,40,Adults (35-64),M,Australia,Tasmania,Bikes,Road Bikes,"Road-550-W Yellow, 44",2,713,1120,388,1426,1814
58871,2011-07-25,25,July,2011,23,Youth (<25),F,Canada,British Columbia,Bikes,Road Bikes,"Road-250 Red, 58",3,1555,2443,2591,4665,7256
51057,2011-07-25,25,July,2011,17,Youth (<25),F,Australia,South Australia,Bikes,Mountain Bikes,"Mountain-500 Black, 48",1,295,540,148,295,443
67011,2011-07-25,25,July,2011,51,Adults (35-64),F,United States,Washington,Bikes,Road Bikes,"Road-150 Red, 52",1,2171,3578,620,2171,2791
49483,2011-07-25,25,July,2011,23,Youth (<25),M,United States,California,Bikes,Mountain Bikes,"Mountain-200 Silver, 38",2,1266,2320,2015,2532,4547
63767,2011-07-25,25,July,2011,28,Young Adults (25-34),F,Germany,Hessen,Bikes,Road Bikes,"Road-250 Black, 44",2,1555,2443,1434,3110,4544
60249,2011-07-25,25,July,2011,54,Adults (35-64),F,United States,Washington,Bikes,Road Bikes,"Road-650 Red, 58",3,487,783,371,1461,1832
50761,2011-07-26,26,July,2011,21,Youth (<25),F,Australia,Queensland,Bikes,Mountain Bikes,"Mountain-200 Silver, 46",1,1266,2320,683,1266,1949
67135,2011-07-26,26,July,2011,28,Young Adults (25-34),F,Australia,New South Wales,Bikes,Road Bikes,"Road-250 Black, 52",1,1555,2443,570,1555,2125
59097,2011-07-26,26,July,2011,46,Adults (35-64),F,France,Hauts de Seine,Bikes,Road Bikes,"Road-150 Red, 56",3,2171,3578,3470,6513,9983
64719,2011-07-26,26,July,2011,42,Adults (35-64),M,United Kingdom,England,Bikes,Road Bikes,"Road-650 Red, 58",2,487,783,529,974,1503
70111,2011-07-26,26,July,2011,27,Young Adults (25-34),M,Canada,British Columbia,Bikes,Road Bikes,"Road-650 Red, 44",1,487,783,288,487,775
60229,2011-07-27,27,July,2011,48,Adults (35-64),M,United Kingdom,England,Bikes,Road Bikes,"Road-250 Black, 58",1,1555,2443,790,1555,2345
70555,2011-07-27,27,July,2011,31,Young Adults (25-34),M,United States,California,Bikes,Road Bikes,"Road-150 Red, 62",1,2171,3578,1335,2171,3506
68693,2011-07-27,27,July,2011,28,Young Adults (25-34),F,Canada,British Columbia,Bikes,Road Bikes,"Road-250 Red, 48",4,1519,2443,3598,6076,9674
60597,2011-07-27,27,July,2011,23,Youth (<25),M,United States,Washington,Bikes,Road Bikes,"Road-750 Black, 52",1,344,540,77,344,421
52615,2011-07-27,27,July,2011,20,Youth (<25),M,United States,California,Bikes,Mountain Bikes,"Mountain-500 Black, 44",1,295,540,234,295,529
61665,2011-07-27,27,July,2011,31,Young Adults (25-34),F,Australia,New South Wales,Bikes,Road Bikes,"Road-150 Red, 62",4,2171,3578,3767,8684,12451
60033,2011-07-27,27,July,2011,23,Youth (<25),F,United Kingdom,England,Bikes,Road Bikes,"Road-150 Red, 56",3,2171,3578,3792,6513,10305
61937,2011-07-27,27,July,2011,23,Youth (<25),F,United States,Washington,Bikes,Road Bikes,"Road-150 Red, 48",1,2171,3578,620,2171,2791
53143,2011-07-27,27,July,2011,46,Adults (35-64),M,United States,California,Bikes,Mountain Bikes,"Mountain-400-W Silver, 40",1,420,769,334,420,754
61825,2011-07-27,27,July,2011,31,Young Adults (25-34),F,Australia,Queensland,Bikes,Road Bikes,"Road-150 Red, 62",1,2171,3578,835,2171,3006
59435,2011-07-28,28,July,2011,19,Youth (<25),M,United States,California,Bikes,Road Bikes,"Road-550-W Yellow, 42",1,713,1120,385,713,1098
65483,2011-07-28,28,July,2011,35,Adults (35-64),F,Australia,New South Wales,Bikes,Road Bikes,"Road-350-W Yellow, 48",1,1083,1701,397,1083,1480
62381,2011-07-28,28,July,2011,19,Youth (<25),M,Australia,New South Wales,Bikes,Road Bikes,"Road-550-W Yellow, 42",2,713,1120,523,1426,1949
61827,2011-07-28,28,July,2011,31,Young Adults (25-34),F,Australia,Queensland,Bikes,Road Bikes,"Road-150 Red, 62",1,2171,3578,835,2171,3006
53755,2011-07-28,28,July,2011,24,Youth (<25),M,Australia,Queensland,Bikes,Mountain Bikes,"Mountain-200 Silver, 46",1,1266,2320,683,1266,1949
66667,2011-07-29,29,July,2011,20,Youth (<25),M,Australia,Queensland,Bikes,Road Bikes,"Road-750 Black, 44",2,344,540,219,688,907
61701,2011-07-29,29,July,2011,24,Youth (<25),F,France,Yveline,Bikes,Road Bikes,"Road-150 Red, 44",1,2171,3578,548,2171,2719
65931,2011-07-29,29,July,2011,33,Young Adults (25-34),F,United States,Oregon,Bikes,Road Bikes,"Road-550-W Yellow, 38",3,713,1120,751,2139,2890
59691,2011-07-29,29,July,2011,23,Youth (<25),M,United States,Oregon,Bikes,Road Bikes,"Road-350-W Yellow, 42",2,1083,1701,760,2166,2926
62777,2011-07-29,29,July,2011,34,Young Adults (25-34),F,Australia,Queensland,Bikes,Road Bikes,"Road-250 Red, 58",1,1555,2443,497,1555,2052
61601,2011-07-29,29,July,2011,41,Adults (35-64),M,United Kingdom,England,Bikes,Road Bikes,"Road-250 Red, 48",1,1519,2443,826,1519,2345
65555,2011-07-30,30,July,2011,31,Young Adults (25-34),F,Australia,Victoria,Bikes,Road Bikes,"Road-250 Black, 58",1,1555,2443,375,1555,1930
70841,2011-07-30,30,July,2011,32,Young Adults (25-34),F,Canada,British Columbia,Bikes,Road Bikes,"Road-150 Red, 52",1,2171,3578,1371,2171,3542
58481,2011-07-30,30,July,2011,52,Adults (35-64),M,United States,California,Bikes,Road Bikes,"Road-150 Red, 52",2,2171,3578,2671,4342,7013
51255,2011-07-30,30,July,2011,24,Youth (<25),F,Germany,Nordrhein-Westfalen,Bikes,Mountain Bikes,"Mountain-200 Silver, 42",3,1266,2320,2257,3798,6055
70557,2011-07-30,30,July,2011,31,Young Adults (25-34),M,United States,California,Bikes,Road Bikes,"Road-150 Red, 62",2,2171,3578,2671,4342,7013
58927,2011-07-30,30,July,2011,34,Young Adults (25-34),F,United States,Oregon,Bikes,Road Bikes,"Road-250 Red, 48",4,1519,2443,2328,6076,8404
54501,2011-07-30,30,July,2011,31,Young Adults (25-34),M,United States,California,Bikes,Mountain Bikes,"Mountain-200 Silver, 38",1,1266,2320,1008,1266,2274
59161,2011-07-30,30,July,2011,23,Youth (<25),M,United Kingdom,England,Bikes,Road Bikes,"Road-250 Red, 58",1,1555,2443,790,1555,2345
57711,2011-07-30,30,July,2011,39,Adults (35-64),F,United States,Oregon,Bikes,Mountain Bikes,"Mountain-200 Black, 42",3,1252,2295,2165,3756,5921
64501,2011-07-30,30,July,2011,28,Young Adults (25-34),F,Australia,Queensland,Bikes,Road Bikes,"Road-250 Black, 48",3,1555,2443,1491,4665,6156
67137,2011-07-31,31,July,2011,28,Young Adults (25-34),F,Australia,New South Wales,Bikes,Road Bikes,"Road-250 Black, 52",1,1555,2443,570,1555,2125
64141,2011-07-31,31,July,2011,42,Adults (35-64),M,Germany,Nordrhein-Westfalen,Bikes,Road Bikes,"Road-650 Black, 48",1,487,783,194,487,681
50785,2011-07-31,31,July,2011,27,Young Adults (25-34),F,Australia,New South Wales,Bikes,Mountain Bikes,"Mountain-200 Silver, 46",4,1266,2320,3010,5064,8074
71285,2011-07-31,31,July,2011,30,Young Adults (25-34),M,United States,California,Bikes,Road Bikes,"Road-150 Red, 48",2,2171,3578,2671,4342,7013
49765,2011-07-31,31,July,2011,23,Youth (<25),M,Australia,New South Wales,Bikes,Mountain Bikes,"Mountain-200 Silver, 38",1,1266,2320,752,1266,2018
55721,2011-07-31,31,July,2011,21,Youth (<25),M,United Kingdom,England,Bikes,Mountain Bikes,"Mountain-200 Silver, 42",1,1266,2320,961,1266,2227
65431,2011-07-31,31,July,2011,27,Young Adults (25-34),F,Australia,Queensland,Bikes,Road Bikes,"Road-250 Red, 58",1,1555,2443,497,1555,2052
61939,2011-07-31,31,July,2011,23,Youth (<25),F,United States,Washington,Bikes,Road Bikes,"Road-150 Red, 48",1,2171,3578,620,2171,2791
59755,2011-07-31,31,July,2011,53,Adults (35-64),F,United States,Washington,Bikes,Road Bikes,"Road-550-W Yellow, 44",1,713,1120,161,713,874
64369,2011-08-01,1,August,2011,26,Young Adults (25-34),M,Germany,Saarland,Bikes,Road Bikes,"Road-550-W Yellow, 42",4,713,1120,822,2852,3674
51099,2011-08-01,1,August,2011,20,Youth (<25),F,Australia,New South Wales,Bikes,Mountain Bikes,"Mountain-500 Silver, 48",1,308,565,184,308,492
60599,2011-08-01,1,August,2011,23,Youth (<25),M,United States,Washington,Bikes,Road Bikes,"Road-750 Black, 52",2,344,540,154,688,842
67939,2011-08-01,1,August,2011,45,Adults (35-64),F,United States,California,Bikes,Road Bikes,"Road-750 Black, 52",2,344,540,370,688,1058
69023,2011-08-01,1,August,2011,25,Young Adults (25-34),F,Canada,British Columbia,Bikes,Road Bikes,"Road-250 Red, 52",1,1519,2443,900,1519,2419
51195,2011-08-01,1,August,2011,25,Young Adults (25-34),F,Australia,Victoria,Bikes,Mountain Bikes,"Mountain-200 Silver, 38",1,1266,2320,567,1266,1833
71525,2011-08-01,1,August,2011,17,Youth (<25),F,United States,California,Bikes,Road Bikes,"Road-750 Black, 52",1,344,540,185,344,529
57769,2011-08-01,1,August,2011,26,Young Adults (25-34),M,United States,Washington,Bikes,Mountain Bikes,"Mountain-200 Black, 46",2,1252,2295,1076,2504,3580
60537,2011-08-01,1,August,2011,27,Young Adults (25-34),M,Germany,Hamburg,Bikes,Road Bikes,"Road-250 Red, 48",1,1519,2443,753,1519,2272
59189,2011-08-02,2,August,2011,24,Youth (<25),F,United Kingdom,England,Bikes,Road Bikes,"Road-150 Red, 48",1,2171,3578,1264,2171,3435
64945,2011-08-02,2,August,2011,40,Adults (35-64),M,United States,California,Bikes,Road Bikes,"Road-550-W Yellow, 42",1,713,1120,385,713,1098
60259,2011-08-02,2,August,2011,17,Youth (<25),F,United States,Georgia,Bikes,Road Bikes,"Road-650 Black, 58",3,487,783,747,1461,2208
64681,2011-08-02,2,August,2011,45,Adults (35-64),F,United States,Washington,Bikes,Road Bikes,"Road-250 Black, 52",1,1555,2443,351,1555,1906
58367,2011-08-02,2,August,2011,24,Youth (<25),M,United States,California,Bikes,Road Bikes,"Road-150 Red, 44",1,2171,3578,1335,2171,3506
57411,2011-08-02,2,August,2011,27,Young Adults (25-34),M,United States,California,Bikes,Mountain Bikes,"Mountain-200 Silver, 38",3,1266,2320,3023,3798,6821
68755,2011-08-02,2,August,2011,25,Young Adults (25-34),M,Australia,New South Wales,Bikes,Road Bikes,"Road-550-W Yellow, 44",1,713,1120,261,713,974
58483,2011-08-02,2,August,2011,52,Adults (35-64),M,United States,California,Bikes,Road Bikes,"Road-150 Red, 52",1,2171,3578,1335,2171,3506
62235,2011-08-03,3,August,2011,35,Adults (35-64),M,United Kingdom,England,Bikes,Road Bikes,"Road-250 Red, 48",1,1519,2443,826,1519,2345
64881,2011-08-03,3,August,2011,32,Young Adults (25-34),M,United States,Washington,Bikes,Road Bikes,"Road-550-W Yellow, 48",1,713,1120,161,713,874
67305,2011-08-03,3,August,2011,25,Young Adults (25-34),M,United States,California,Bikes,Road Bikes,"Road-750 Black, 52",4,344,540,741,1376,2117
66051,2011-08-03,3,August,2011,49,Adults (35-64),F,United States,California,Bikes,Road Bikes,"Road-550-W Yellow, 44",1,713,1120,385,713,1098
62929,2011-08-03,3,August,2011,43,Adults (35-64),F,Australia,Victoria,Bikes,Road Bikes,"Road-350-W Yellow, 44",1,1083,1701,261,1083,1344
59005,2011-08-03,3,August,2011,47,Adults (35-64),F,United States,Oregon,Bikes,Road Bikes,"Road-250 Black, 58",1,1555,2443,546,1555,2101
65907,2011-08-04,4,August,2011,30,Young Adults (25-34),M,Canada,British Columbia,Bikes,Road Bikes,"Road-750 Black, 52",4,344,540,762,1376,2138
64659,2011-08-04,4,August,2011,48,Adults (35-64),F,United States,California,Bikes,Road Bikes,"Road-550-W Yellow, 40",2,713,1120,769,1426,2195
51153,2011-08-04,4,August,2011,21,Youth (<25),F,Australia,Tasmania,Bikes,Mountain Bikes,"Mountain-200 Silver, 46",1,1266,2320,613,1266,1879
57745,2011-08-04,4,August,2011,25,Young Adults (25-34),M,United States,California,Bikes,Mountain Bikes,"Mountain-200 Silver, 46",1,1266,2320,1008,1266,2274
60533,2011-08-04,4,August,2011,38,Adults (35-64),F,Germany,Saarland,Bikes,Road Bikes,"Road-250 Black, 44",1,1555,2443,448,1555,2003
69025,2011-08-04,4,August,2011,25,Young Adults (25-34),F,Canada,British Columbia,Bikes,Road Bikes,"Road-250 Red, 52",1,1519,2443,900,1519,2419
65625,2011-08-04,4,August,2011,56,Adults (35-64),F,Australia,Queensland,Bikes,Road Bikes,"Road-350-W Yellow, 48",2,1083,1701,692,2166,2858
64489,2011-08-04,4,August,2011,30,Young Adults (25-34),F,Australia,Queensland,Bikes,Road Bikes,"Road-350-W Yellow, 48",3,1083,1701,1038,3249,4287
58017,2011-08-04,4,August,2011,29,Young Adults (25-34),M,France,Seine (Paris),Bikes,Mountain Bikes,"Mountain-200 Black, 46",1,1252,2295,630,1252,1882
69653,2011-08-05,5,August,2011,39,Adults (35-64),F,Canada,British Columbia,Bikes,Road Bikes,"Road-250 Red, 58",1,1555,2443,864,1555,2419
69983,2011-08-05,5,August,2011,31,Young Adults (25-34),F,United Kingdom,England,Bikes,Road Bikes,"Road-750 Black, 52",4,344,540,698,1376,2074
61565,2011-08-05,5,August,2011,50,Adults (35-64),F,United States,Washington,Bikes,Road Bikes,"Road-350-W Yellow, 42",1,1083,1701,244,1083,1327
65933,2011-08-05,5,August,2011,33,Young Adults (25-34),F,United States,Oregon,Bikes,Road Bikes,"Road-550-W Yellow, 38",1,713,1120,250,713,963
52173,2011-08-05,5,August,2011,23,Youth (<25),M,United Kingdom,England,Bikes,Mountain Bikes,"Mountain-400-W Silver, 46",3,420,769,955,1260,2215
61631,2011-08-05,5,August,2011,43,Adults (35-64),M,United States,Washington,Bikes,Road Bikes,"Road-350-W Yellow, 40",1,1083,1701,244,1083,1327
60283,2011-08-05,5,August,2011,32,Young Adults (25-34),F,United States,California,Bikes,Road Bikes,"Road-650 Red, 62",2,487,783,561,974,1535
70455,2011-08-06,6,August,2011,26,Young Adults (25-34),M,Australia,South Australia,Bikes,Road Bikes,"Road-750 Black, 58",4,344,540,395,1376,1771
51095,2011-08-06,6,August,2011,18,Youth (<25),F,Australia,Queensland,Bikes,Mountain Bikes,"Mountain-500 Silver, 48",1,308,565,167,308,475
51011,2011-08-06,6,August,2011,22,Youth (<25),F,United Kingdom,England,Bikes,Mountain Bikes,"Mountain-200 Silver, 46",4,1266,2320,3845,5064,8909
70113,2011-08-06,6,August,2011,27,Young Adults (25-34),M,Canada,British Columbia,Bikes,Road Bikes,"Road-650 Red, 44",2,487,783,576,974,1550
59437,2011-08-06,6,August,2011,19,Youth (<25),M,United States,California,Bikes,Road Bikes,"Road-550-W Yellow, 42",1,713,1120,385,713,1098
68361,2011-08-06,6,August,2011,46,Adults (35-64),M,Australia,Queensland,Bikes,Road Bikes,"Road-750 Black, 52",1,344,540,110,344,454
62931,2011-08-06,6,August,2011,43,Adults (35-64),F,Australia,Victoria,Bikes,Road Bikes,"Road-350-W Yellow, 44",4,1083,1701,1043,4332,5375
69027,2011-08-06,6,August,2011,25,Young Adults (25-34),F,Canada,British Columbia,Bikes,Road Bikes,"Road-250 Red, 52",1,1519,2443,900,1519,2419
58029,2011-08-06,6,August,2011,23,Youth (<25),F,France,Yveline,Bikes,Mountain Bikes,"Mountain-200 Black, 46",4,1252,2295,1969,5008,6977
69821,2011-08-06,6,August,2011,38,Adults (35-64),F,Canada,British Columbia,Bikes,Road Bikes,"Road-250 Black, 48",1,1555,2443,864,1555,2419
56771,2011-08-06,6,August,2011,26,Young Adults (25-34),F,Canada,British Columbia,Bikes,Mountain Bikes,"Mountain-500 Black, 44",3,295,540,719,885,1604
58579,2011-08-06,6,August,2011,23,Youth (<25),M,France,Seine et Marne,Bikes,Road Bikes,"Road-150 Red, 44",3,2171,3578,2289,6513,8802
69243,2011-08-07,7,August,2011,34,Young Adults (25-34),F,United Kingdom,England,Bikes,Road Bikes,"Road-350-W Yellow, 42",1,1083,1701,550,1083,1633
68983,2011-08-07,7,August,2011,54,Adults (35-64),M,Australia,New South Wales,Bikes,Road Bikes,"Road-550-W Yellow, 44",1,713,1120,261,713,974
60715,2011-08-07,7,August,2011,47,Adults (35-64),M,United States,Washington,Bikes,Road Bikes,"Road-650 Black, 62",3,487,783,371,1461,1832
58557,2011-08-07,7,August,2011,60,Adults (35-64),M,United States,California,Bikes,Road Bikes,"Road-150 Red, 48",3,2171,3578,4006,6513,10519
71217,2011-08-07,7,August,2011,20,Youth (<25),F,United States,California,Bikes,Road Bikes,"Road-150 Red, 48",1,2171,3578,1335,2171,3506
67997,2011-08-07,7,August,2011,29,Young Adults (25-34),F,Canada,British Columbia,Bikes,Road Bikes,"Road-550-W Yellow, 38",1,713,1120,396,713,1109
67863,2011-08-07,7,August,2011,23,Youth (<25),F,Australia,New South Wales,Bikes,Road Bikes,"Road-350-W Yellow, 42",1,1083,1701,397,1083,1480
67925,2011-08-07,7,August,2011,51,Adults (35-64),F,United States,California,Bikes,Road Bikes,"Road-750 Black, 44",1,344,540,185,344,529
66291,2011-08-07,7,August,2011,59,Adults (35-64),M,United States,California,Bikes,Road Bikes,"Road-750 Black, 48",3,344,540,556,1032,1588
70115,2011-08-07,7,August,2011,27,Young Adults (25-34),M,Canada,British Columbia,Bikes,Road Bikes,"Road-650 Red, 44",4,487,783,1153,1948,3101
49767,2011-08-07,7,August,2011,23,Youth (<25),M,Australia,New South Wales,Bikes,Mountain Bikes,"Mountain-200 Silver, 38",1,1266,2320,752,1266,2018
70845,2011-08-08,8,August,2011,30,Young Adults (25-34),M,United Kingdom,England,Bikes,Road Bikes,"Road-750 Black, 48",1,344,540,174,344,518
64615,2011-08-08,8,August,2011,45,Adults (35-64),F,Australia,Victoria,Bikes,Road Bikes,"Road-750 Black, 48",4,344,540,330,1376,1706
58485,2011-08-08,8,August,2011,52,Adults (35-64),M,United States,California,Bikes,Road Bikes,"Road-150 Red, 52",4,2171,3578,5342,8684,14026
68491,2011-08-08,8,August,2011,46,Adults (35-64),F,United States,Oregon,Bikes,Road Bikes,"Road-150 Red, 44",1,2171,3578,906,2171,3077
64647,2011-08-08,8,August,2011,54,Adults (35-64),M,United States,California,Bikes,Road Bikes,"Road-550-W Yellow, 44",2,713,1120,769,1426,2195
58791,2011-08-08,8,August,2011,41,Adults (35-64),M,United States,Oregon,Bikes,Road Bikes,"Road-150 Red, 62",4,2171,3578,3624,8684,12308
61027,2011-08-08,8,August,2011,42,Adults (35-64),F,Canada,British Columbia,Bikes,Road Bikes,"Road-250 Black, 58",1,1555,2443,864,1555,2419
57353,2011-08-08,8,August,2011,25,Young Adults (25-34),F,United States,Washington,Bikes,Mountain Bikes,"Mountain-200 Black, 46",2,1252,2295,1076,2504,3580
63889,2011-08-09,9,August,2011,32,Young Adults (25-34),M,Australia,Queensland,Bikes,Road Bikes,"Road-350-W Yellow, 42",3,1083,1701,1038,3249,4287
70603,2011-08-09,9,August,2011,44,Adults (35-64),F,Australia,Queensland,Bikes,Road Bikes,"Road-750 Black, 48",1,344,540,110,344,454
69245,2011-08-09,9,August,2011,34,Young Adults (25-34),F,United Kingdom,England,Bikes,Road Bikes,"Road-350-W Yellow, 42",1,1083,1701,550,1083,1633
70505,2011-08-09,9,August,2011,49,Adults (35-64),M,United States,California,Bikes,Road Bikes,"Road-150 Red, 48",1,2171,3578,1335,2171,3506
62749,2011-08-09,9,August,2011,34,Young Adults (25-34),M,Australia,Victoria,Bikes,Road Bikes,"Road-250 Black, 44",1,1555,2443,375,1555,1930
54399,2011-08-09,9,August,2011,24,Youth (<25),M,Australia,New South Wales,Bikes,Mountain Bikes,"Mountain-200 Black, 38",2,1252,2295,1489,2504,3993
68963,2011-08-09,9,August,2011,39,Adults (35-64),F,Australia,New South Wales,Bikes,Road Bikes,"Road-550-W Yellow, 48",1,713,1120,261,713,974
49945,2011-08-09,9,August,2011,24,Youth (<25),M,United States,California,Bikes,Mountain Bikes,"Mountain-200 Silver, 42",1,1266,2320,1008,1266,2274
59803,2011-08-10,10,August,2011,60,Adults (35-64),F,United States,California,Bikes,Road Bikes,"Road-550-W Yellow, 44",3,713,1120,1154,2139,3293
51079,2011-08-10,10,August,2011,21,Youth (<25),M,Australia,New South Wales,Bikes,Mountain Bikes,"Mountain-500 Silver, 40",3,308,565,551,924,1475
58539,2011-08-10,10,August,2011,41,Adults (35-64),F,Germany,Hessen,Bikes,Road Bikes,"Road-350-W Yellow, 48",3,1083,1701,1497,3249,4746
68985,2011-08-10,10,August,2011,54,Adults (35-64),M,Australia,New South Wales,Bikes,Road Bikes,"Road-550-W Yellow, 44",1,713,1120,261,713,974
58031,2011-08-11,11,August,2011,17,Youth (<25),F,France,Seine (Paris),Bikes,Mountain Bikes,"Mountain-200 Black, 46",1,1252,2295,630,1252,1882
69447,2011-08-11,11,August,2011,27,Young Adults (25-34),F,Australia,New South Wales,Bikes,Road Bikes,"Road-550-W Yellow, 48",1,713,1120,261,713,974
60507,2011-08-11,11,August,2011,25,Young Adults (25-34),M,Germany,Hamburg,Bikes,Road Bikes,"Road-150 Red, 62",1,2171,3578,1157,2171,3328
62751,2011-08-11,11,August,2011,34,Young Adults (25-34),M,Australia,Victoria,Bikes,Road Bikes,"Road-250 Black, 44",3,1555,2443,1125,4665,5790
69655,2011-08-11,11,August,2011,39,Adults (35-64),F,Canada,British Columbia,Bikes,Road Bikes,"Road-250 Red, 58",1,1555,2443,864,1555,2419
66205,2011-08-12,12,August,2011,38,Adults (35-64),F,Australia,Victoria,Bikes,Road Bikes,"Road-250 Red, 58",3,1555,2443,1125,4665,5790
58349,2011-08-12,12,August,2011,34,Young Adults (25-34),F,France,Yveline,Bikes,Road Bikes,"Road-150 Red, 44",1,2171,3578,548,2171,2719
65721,2011-08-12,12,August,2011,40,Adults (35-64),M,Australia,Queensland,Bikes,Road Bikes,"Road-250 Black, 48",1,1555,2443,497,1555,2052
69487,2011-08-12,12,August,2011,51,Adults (35-64),F,Canada,British Columbia,Bikes,Road Bikes,"Road-550-W Yellow, 42",3,713,1120,1187,2139,3326
71153,2011-08-12,12,August,2011,26,Young Adults (25-34),F,Canada,British Columbia,Bikes,Road Bikes,"Road-250 Red, 44",1,1519,2443,900,1519,2419
65737,2011-08-12,12,August,2011,38,Adults (35-64),F,Australia,Queensland,Bikes,Road Bikes,"Road-550-W Yellow, 38",3,713,1120,683,2139,2822
54617,2011-08-12,12,August,2011,25,Young Adults (25-34),F,United States,California,Bikes,Mountain Bikes,"Mountain-500 Black, 44",1,295,540,234,295,529
54393,2011-08-12,12,August,2011,23,Youth (<25),M,Australia,Queensland,Bikes,Mountain Bikes,"Mountain-200 Silver, 42",1,1266,2320,683,1266,1949
57797,2011-08-12,12,August,2011,38,Adults (35-64),M,United States,California,Bikes,Mountain Bikes,"Mountain-200 Silver, 42",4,1266,2320,4030,5064,9094
50763,2011-08-13,13,August,2011,21,Youth (<25),F,Australia,Queensland,Bikes,Mountain Bikes,"Mountain-200 Silver, 46",3,1266,2320,2048,3798,5846
55893,2011-08-13,13,August,2011,21,Youth (<25),F,Australia,New South Wales,Bikes,Mountain Bikes,"Mountain-200 Black, 42",3,1252,2295,2234,3756,5990
58405,2011-08-13,13,August,2011,32,Young Adults (25-34),F,United States,Washington,Bikes,Road Bikes,"Road-150 Red, 48",2,2171,3578,1240,4342,5582
58929,2011-08-13,13,August,2011,34,Young Adults (25-34),F,United States,Oregon,Bikes,Road Bikes,"Road-250 Red, 48",1,1519,2443,582,1519,2101
51169,2011-08-13,13,August,2011,24,Youth (<25),F,Australia,Victoria,Bikes,Mountain Bikes,"Mountain-200 Silver, 42",3,1266,2320,1700,3798,5498
59373,2011-08-13,13,August,2011,34,Young Adults (25-34),F,France,Loiret,Bikes,Road Bikes,"Road-250 Black, 58",1,1555,2443,619,1555,2174
66491,2011-08-13,13,August,2011,54,Adults (35-64),F,Germany,Nordrhein-Westfalen,Bikes,Road Bikes,"Road-750 Black, 58",1,344,540,126,344,470
61365,2011-08-13,13,August,2011,22,Youth (<25),M,Australia,Queensland,Bikes,Road Bikes,"Road-150 Red, 44",1,2171,3578,835,2171,3006
71231,2011-08-13,13,August,2011,44,Adults (35-64),F,Australia,Victoria,Bikes,Road Bikes,"Road-150 Red, 44",4,2171,3578,2622,8684,11306
57799,2011-08-13,13,August,2011,38,Adults (35-64),M,United States,California,Bikes,Mountain Bikes,"Mountain-200 Silver, 42",1,1266,2320,1008,1266,2274
50439,2011-08-13,13,August,2011,39,Adults (35-64),M,United Kingdom,England,Bikes,Mountain Bikes,"Mountain-200 Black, 42",1,1252,2295,951,1252,2203
68311,2011-08-13,13,August,2011,37,Adults (35-64),M,Germany,Saarland,Bikes,Road Bikes,"Road-550-W Yellow, 38",4,713,1120,822,2852,3674
62881,2011-08-14,14,August,2011,47,Adults (35-64),F,Australia,New South Wales,Bikes,Road Bikes,"Road-550-W Yellow, 44",4,713,1120,1046,2852,3898
56719,2011-08-14,14,August,2011,42,Adults (35-64),F,United Kingdom,England,Bikes,Mountain Bikes,"Mountain-200 Silver, 38",1,1266,2320,961,1266,2227
61059,2011-08-14,14,August,2011,40,Adults (35-64),F,United States,California,Bikes,Road Bikes,"Road-250 Black, 58",1,1555,2443,839,1555,2394
57355,2011-08-14,14,August,2011,25,Young Adults (25-34),F,United States,Washington,Bikes,Mountain Bikes,"Mountain-200 Black, 46",3,1252,2295,1614,3756,5370
59493,2011-08-14,14,August,2011,22,Youth (<25),F,United States,Washington,Bikes,Road Bikes,"Road-550-W Yellow, 40",1,713,1120,161,713,874
61941,2011-08-14,14,August,2011,23,Youth (<25),F,United States,Washington,Bikes,Road Bikes,"Road-150 Red, 48",3,2171,3578,1860,6513,8373
49835,2011-08-14,14,August,2011,26,Young Adults (25-34),M,Germany,Brandenburg,Bikes,Mountain Bikes,"Mountain-200 Silver, 42",1,1266,2320,1031,1266,2297
71411,2011-08-14,14,August,2011,34,Young Adults (25-34),M,United States,California,Bikes,Road Bikes,"Road-150 Red, 56",2,2171,3578,2671,4342,7013
65909,2011-08-14,14,August,2011,30,Young Adults (25-34),M,Canada,British Columbia,Bikes,Road Bikes,"Road-750 Black, 52",4,344,540,762,1376,2138
58299,2011-08-14,14,August,2011,58,Adults (35-64),M,United States,California,Bikes,Road Bikes,"Road-150 Red, 48",2,2171,3578,2671,4342,7013
58993,2011-08-15,15,August,2011,65,Seniors (64+),F,United States,Washington,Bikes,Road Bikes,"Road-750 Black, 58",1,344,540,77,344,421
66395,2011-08-15,15,August,2011,25,Young Adults (25-34),M,Canada,British Columbia,Bikes,Road Bikes,"Road-150 Red, 44",1,2171,3578,1371,2171,3542
66079,2011-08-15,15,August,2011,48,Adults (35-64),M,United States,California,Bikes,Road Bikes,"Road-550-W Yellow, 44",2,713,1120,769,1426,2195
59365,2011-08-15,15,August,2011,33,Young Adults (25-34),M,France,Val de Marne,Bikes,Road Bikes,"Road-250 Red, 52",2,1519,2443,822,3038,3860
58163,2011-08-15,15,August,2011,53,Adults (35-64),M,United States,Washington,Bikes,Road Bikes,"Road-150 Red, 48",1,2171,3578,620,2171,2791
67459,2011-08-15,15,August,2011,24,Youth (<25),M,United Kingdom,England,Bikes,Road Bikes,"Road-750 Black, 44",1,344,540,174,344,518
57747,2011-08-15,15,August,2011,25,Young Adults (25-34),M,United States,California,Bikes,Mountain Bikes,"Mountain-200 Silver, 46",1,1266,2320,1008,1266,2274
65783,2011-08-15,15,August,2011,41,Adults (35-64),F,United Kingdom,England,Bikes,Road Bikes,"Road-550-W Yellow, 40",1,713,1120,362,713,1075
63905,2011-08-15,15,August,2011,34,Young Adults (25-34),M,Australia,Queensland,Bikes,Road Bikes,"Road-250 Black, 58",1,1555,2443,497,1555,2052
63209,2011-08-15,15,August,2011,41,Adults (35-64),F,Germany,Bayern,Bikes,Road Bikes,"Road-650 Black, 58",1,487,783,288,487,775
66493,2011-08-15,15,August,2011,54,Adults (35-64),F,Germany,Nordrhein-Westfalen,Bikes,Road Bikes,"Road-750 Black, 58",1,344,540,126,344,470
69503,2011-08-15,15,August,2011,46,Adults (35-64),F,Canada,British Columbia,Bikes,Road Bikes,"Road-250 Red, 52",2,1519,2443,1799,3038,4837
59659,2011-08-16,16,August,2011,29,Young Adults (25-34),F,France,Yveline,Bikes,Road Bikes,"Road-150 Red, 48",4,2171,3578,2193,8684,10877
57357,2011-08-16,16,August,2011,25,Young Adults (25-34),F,United States,Washington,Bikes,Mountain Bikes,"Mountain-200 Black, 46",2,1252,2295,1076,2504,3580
58955,2011-08-16,16,August,2011,45,Adults (35-64),M,United States,California,Bikes,Road Bikes,"Road-250 Red, 52",3,1519,2443,2625,4557,7182
57639,2011-08-16,16,August,2011,39,Adults (35-64),F,United States,Washington,Bikes,Mountain Bikes,"Mountain-200 Silver, 38",1,1266,2320,544,1266,1810
64351,2011-08-16,16,August,2011,25,Young Adults (25-34),F,Germany,Saarland,Bikes,Road Bikes,"Road-250 Black, 48",3,1555,2443,1345,4665,6010
59439,2011-08-17,17,August,2011,19,Youth (<25),M,United States,California,Bikes,Road Bikes,"Road-550-W Yellow, 42",1,713,1120,385,713,1098
62883,2011-08-17,17,August,2011,47,Adults (35-64),F,Australia,New South Wales,Bikes,Road Bikes,"Road-550-W Yellow, 44",4,713,1120,1046,2852,3898
57749,2011-08-17,17,August,2011,25,Young Adults (25-34),M,United States,California,Bikes,Mountain Bikes,"Mountain-200 Silver, 46",1,1266,2320,1008,1266,2274
67895,2011-08-17,17,August,2011,25,Young Adults (25-34),F,Australia,Victoria,Bikes,Road Bikes,"Road-350-W Yellow, 48",1,1083,1701,261,1083,1344
70751,2011-08-17,17,August,2011,39,Adults (35-64),M,Canada,British Columbia,Bikes,Road Bikes,"Road-150 Red, 52",3,2171,3578,4114,6513,10627
51971,2011-08-17,17,August,2011,19,Youth (<25),M,Australia,Victoria,Bikes,Mountain Bikes,"Mountain-500 Silver, 52",1,308,565,138,308,446
53613,2011-08-17,17,August,2011,17,Youth (<25),M,Australia,Victoria,Bikes,Mountain Bikes,"Mountain-200 Silver, 42",1,1266,2320,567,1266,1833
69029,2011-08-17,17,August,2011,25,Young Adults (25-34),F,Canada,British Columbia,Bikes,Road Bikes,"Road-250 Red, 52",3,1519,2443,2699,4557,7256
65669,2011-08-17,17,August,2011,51,Adults (35-64),M,Australia,New South Wales,Bikes,Road Bikes,"Road-550-W Yellow, 48",1,713,1120,261,713,974
67029,2011-08-17,17,August,2011,48,Adults (35-64),M,Canada,British Columbia,Bikes,Road Bikes,"Road-750 Black, 48",1,344,540,191,344,535
69985,2011-08-18,18,August,2011,31,Young Adults (25-34),F,United Kingdom,England,Bikes,Road Bikes,"Road-750 Black, 52",4,344,540,698,1376,2074
66719,2011-08-18,18,August,2011,27,Young Adults (25-34),M,United Kingdom,England,Bikes,Road Bikes,"Road-750 Black, 48",3,344,540,523,1032,1555
65685,2011-08-18,18,August,2011,50,Adults (35-64),M,Australia,Victoria,Bikes,Road Bikes,"Road-750 Black, 58",1,344,540,83,344,427
70379,2011-08-18,18,August,2011,36,Adults (35-64),M,Australia,Queensland,Bikes,Road Bikes,"Road-550-W Yellow, 44",1,713,1120,228,713,941
71155,2011-08-18,18,August,2011,26,Young Adults (25-34),F,Canada,British Columbia,Bikes,Road Bikes,"Road-250 Red, 44",2,1519,2443,1799,3038,4837
51067,2011-08-18,18,August,2011,19,Youth (<25),F,Australia,New South Wales,Bikes,Mountain Bikes,"Mountain-500 Silver, 42",3,308,565,551,924,1475
57365,2011-08-18,18,August,2011,25,Young Adults (25-34),M,United States,Washington,Bikes,Mountain Bikes,"Mountain-200 Silver, 42",2,1266,2320,1087,2532,3619
54289,2011-08-18,18,August,2011,18,Youth (<25),M,Australia,New South Wales,Bikes,Mountain Bikes,"Mountain-200 Silver, 46",3,1266,2320,2257,3798,6055
59049,2011-08-19,19,August,2011,38,Adults (35-64),F,Germany,Hessen,Bikes,Road Bikes,"Road-150 Red, 52",3,2171,3578,3470,6513,9983
67445,2011-08-19,19,August,2011,32,Young Adults (25-34),M,United States,Oregon,Bikes,Road Bikes,"Road-750 Black, 52",1,344,540,120,344,464
51301,2011-08-19,19,August,2011,31,Young Adults (25-34),M,Germany,Hamburg,Bikes,Mountain Bikes,"Mountain-200 Silver, 42",1,1266,2320,892,1266,2158
70507,2011-08-19,19,August,2011,49,Adults (35-64),M,United States,California,Bikes,Road Bikes,"Road-150 Red, 48",4,2171,3578,5342,8684,14026
59377,2011-08-19,19,August,2011,35,Adults (35-64),F,France,Essonne,Bikes,Road Bikes,"Road-750 Black, 58",1,344,540,174,344,518
67999,2011-08-19,19,August,2011,29,Young Adults (25-34),F,Canada,British Columbia,Bikes,Road Bikes,"Road-550-W Yellow, 38",1,713,1120,396,713,1109
59823,2011-08-19,19,August,2011,37,Adults (35-64),M,United States,California,Bikes,Road Bikes,"Road-650 Red, 48",2,487,783,561,974,1535
65617,2011-08-19,19,August,2011,56,Adults (35-64),F,Australia,New South Wales,Bikes,Road Bikes,"Road-550-W Yellow, 44",1,713,1120,261,713,974
69497,2011-08-19,19,August,2011,49,Adults (35-64),F,Canada,British Columbia,Bikes,Road Bikes,"Road-250 Red, 48",2,1519,2443,1799,3038,4837
57359,2011-08-19,19,August,2011,25,Young Adults (25-34),F,United States,Washington,Bikes,Mountain Bikes,"Mountain-200 Black, 46",1,1252,2295,538,1252,1790
68695,2011-08-19,19,August,2011,28,Young Adults (25-34),F,Canada,British Columbia,Bikes,Road Bikes,"Road-250 Red, 48",1,1519,2443,900,1519,2419
65291,2011-08-20,20,August,2011,29,Young Adults (25-34),M,United Kingdom,England,Bikes,Road Bikes,"Road-350-W Yellow, 48",4,1083,1701,2200,4332,6532
70921,2011-08-20,20,August,2011,20,Youth (<25),M,United Kingdom,England,Bikes,Road Bikes,"Road-550-W Yellow, 38",4,713,1120,1449,2852,4301
65703,2011-08-20,20,August,2011,46,Adults (35-64),M,Australia,New South Wales,Bikes,Road Bikes,"Road-750 Black, 48",1,344,540,126,344,470
67369,2011-08-20,20,August,2011,22,Youth (<25),F,United States,California,Bikes,Road Bikes,"Road-750 Black, 44",1,344,540,185,344,529
67881,2011-08-20,20,August,2011,24,Youth (<25),M,Australia,Queensland,Bikes,Road Bikes,"Road-350-W Yellow, 42",1,1083,1701,346,1083,1429
58027,2011-08-20,20,August,2011,23,Youth (<25),F,France,Hauts de Seine,Bikes,Mountain Bikes,"Mountain-200 Silver, 42",4,1266,2320,3566,5064,8630
70461,2011-08-20,20,August,2011,27,Young Adults (25-34),M,Australia,Victoria,Bikes,Road Bikes,"Road-750 Black, 58",1,344,540,83,344,427
63447,2011-08-20,20,August,2011,58,Adults (35-64),F,United Kingdom,England,Bikes,Road Bikes,"Road-550-W Yellow, 38",1,713,1120,362,713,1075
68697,2011-08-20,20,August,2011,28,Young Adults (25-34),F,Canada,British Columbia,Bikes,Road Bikes,"Road-250 Red, 48",1,1519,2443,900,1519,2419
60509,2011-08-20,20,August,2011,25,Young Adults (25-34),M,Germany,Hamburg,Bikes,Road Bikes,"Road-150 Red, 62",1,2171,3578,1157,2171,3328
59163,2011-08-20,20,August,2011,23,Youth (<25),M,United Kingdom,England,Bikes,Road Bikes,"Road-250 Red, 58",3,1555,2443,2371,4665,7036
59931,2011-08-20,20,August,2011,30,Young Adults (25-34),F,United Kingdom,England,Bikes,Road Bikes,"Road-150 Red, 48",4,2171,3578,5056,8684,13740
51185,2011-08-21,21,August,2011,24,Youth (<25),F,Australia,Queensland,Bikes,Mountain Bikes,"Mountain-200 Silver, 38",1,1266,2320,683,1266,1949
70631,2011-08-21,21,August,2011,41,Adults (35-64),M,Australia,New South Wales,Bikes,Road Bikes,"Road-750 Black, 48",1,344,540,126,344,470
64597,2011-08-21,21,August,2011,55,Adults (35-64),F,United States,California,Bikes,Road Bikes,"Road-550-W Yellow, 48",3,713,1120,1154,2139,3293
71245,2011-08-21,21,August,2011,35,Adults (35-64),F,United States,Washington,Bikes,Road Bikes,"Road-150 Red, 56",2,2171,3578,1240,4342,5582
66883,2011-08-21,21,August,2011,34,Young Adults (25-34),M,United Kingdom,England,Bikes,Road Bikes,"Road-550-W Yellow, 44",2,713,1120,724,1426,2150
66721,2011-08-21,21,August,2011,27,Young Adults (25-34),M,United Kingdom,England,Bikes,Road Bikes,"Road-750 Black, 48",2,344,540,349,688,1037
58995,2011-08-21,21,August,2011,54,Adults (35-64),M,United States,Oregon,Bikes,Road Bikes,"Road-250 Black, 48",2,1555,2443,1092,3110,4202
64329,2011-08-21,21,August,2011,25,Young Adults (25-34),F,United Kingdom,England,Bikes,Road Bikes,"Road-650 Black, 60",1,487,783,265,487,752
65609,2011-08-21,21,August,2011,38,Adults (35-64),F,Australia,South Australia,Bikes,Road Bikes,"Road-250 Black, 58",1,1555,2443,448,1555,2003
51175,2011-08-21,21,August,2011,23,Youth (<25),F,Australia,Victoria,Bikes,Mountain Bikes,"Mountain-200 Silver, 42",4,1266,2320,2267,5064,7331
51103,2011-08-22,22,August,2011,20,Youth (<25),M,Australia,Victoria,Bikes,Mountain Bikes,"Mountain-500 Silver, 52",1,308,565,138,308,446
58943,2011-08-22,22,August,2011,49,Adults (35-64),M,United States,Washington,Bikes,Road Bikes,"Road-250 Red, 52",1,1519,2443,387,1519,1906
59757,2011-08-22,22,August,2011,53,Adults (35-64),F,United States,Washington,Bikes,Road Bikes,"Road-550-W Yellow, 44",1,713,1120,161,713,874
59701,2011-08-22,22,August,2011,23,Youth (<25),F,United States,California,Bikes,Road Bikes,"Road-550-W Yellow, 42",2,713,1120,769,1426,2195
60331,2011-08-22,22,August,2011,36,Adults (35-64),F,United States,California,Bikes,Road Bikes,"Road-650 Red, 62",1,487,783,280,487,767
66863,2011-08-22,22,August,2011,33,Young Adults (25-34),M,United Kingdom,England,Bikes,Road Bikes,"Road-750 Black, 44",1,344,540,174,344,518
51393,2011-08-22,22,August,2011,28,Young Adults (25-34),F,United States,Oregon,Bikes,Mountain Bikes,"Mountain-200 Silver, 38",1,1266,2320,729,1266,1995
58583,2011-08-22,22,August,2011,37,Adults (35-64),F,France,Nord,Bikes,Road Bikes,"Road-150 Red, 44",4,2171,3578,3767,8684,12451
63345,2011-08-22,22,August,2011,24,Youth (<25),M,Australia,Victoria,Bikes,Road Bikes,"Road-250 Black, 44",2,1555,2443,750,3110,3860
56427,2011-08-22,22,August,2011,31,Young Adults (25-34),F,Germany,Nordrhein-Westfalen,Bikes,Mountain Bikes,"Mountain-500 Black, 40",3,295,540,524,885,1409
70633,2011-08-23,23,August,2011,41,Adults (35-64),M,Australia,New South Wales,Bikes,Road Bikes,"Road-750 Black, 48",2,344,540,252,688,940
54387,2011-08-23,23,August,2011,22,Youth (<25),M,Australia,Queensland,Bikes,Mountain Bikes,"Mountain-200 Silver, 42",2,1266,2320,1366,2532,3898
68189,2011-08-23,23,August,2011,33,Young Adults (25-34),F,United Kingdom,England,Bikes,Road Bikes,"Road-350-W Yellow, 48",1,1083,1701,550,1083,1633
65835,2011-08-23,23,August,2011,23,Youth (<25),M,Australia,Victoria,Bikes,Road Bikes,"Road-250 Black, 44",1,1555,2443,375,1555,1930
67941,2011-08-23,23,August,2011,45,Adults (35-64),F,United States,California,Bikes,Road Bikes,"Road-750 Black, 52",2,344,540,370,688,1058
61683,2011-08-24,24,August,2011,34,Young Adults (25-34),F,Australia,Victoria,Bikes,Road Bikes,"Road-150 Red, 48",1,2171,3578,656,2171,2827
49801,2011-08-24,24,August,2011,25,Young Adults (25-34),M,Australia,New South Wales,Bikes,Mountain Bikes,"Mountain-200 Black, 38",4,1252,2295,2979,5008,7987
62673,2011-08-24,24,August,2011,42,Adults (35-64),M,Germany,Saarland,Bikes,Road Bikes,"Road-550-W Yellow, 40",3,713,1120,616,2139,2755
66245,2011-08-24,24,August,2011,25,Young Adults (25-34),F,United States,California,Bikes,Road Bikes,"Road-750 Black, 44",2,344,540,370,688,1058
70197,2011-08-24,24,August,2011,47,Adults (35-64),F,Canada,British Columbia,Bikes,Road Bikes,"Road-750 Black, 44",2,344,540,381,688,1069
50661,2011-08-24,24,August,2011,27,Young Adults (25-34),M,France,Seine (Paris),Bikes,Mountain Bikes,"Mountain-200 Silver, 46",3,1266,2320,1909,3798,5707
69987,2011-08-24,24,August,2011,31,Young Adults (25-34),F,United Kingdom,England,Bikes,Road Bikes,"Road-750 Black, 52",3,344,540,523,1032,1555
60285,2011-08-24,24,August,2011,32,Young Adults (25-34),F,United States,California,Bikes,Road Bikes,"Road-650 Red, 62",1,487,783,280,487,767
63287,2011-08-24,24,August,2011,49,Adults (35-64),F,France,Nord,Bikes,Road Bikes,"Road-250 Red, 52",1,1519,2443,606,1519,2125
58005,2011-08-24,24,August,2011,28,Young Adults (25-34),M,France,Hauts de Seine,Bikes,Mountain Bikes,"Mountain-200 Black, 46",1,1252,2295,882,1252,2134
65723,2011-08-24,24,August,2011,40,Adults (35-64),M,Australia,Queensland,Bikes,Road Bikes,"Road-250 Black, 48",1,1555,2443,497,1555,2052
66137,2011-08-25,25,August,2011,24,Youth (<25),F,Australia,New South Wales,Bikes,Road Bikes,"Road-250 Black, 52",1,1555,2443,570,1555,2125
59759,2011-08-25,25,August,2011,53,Adults (35-64),F,United States,Washington,Bikes,Road Bikes,"Road-550-W Yellow, 44",1,713,1120,161,713,874
61257,2011-08-25,25,August,2011,37,Adults (35-64),F,Germany,Hamburg,Bikes,Road Bikes,"Road-250 Black, 48",2,1555,2443,1434,3110,4544
58219,2011-08-25,25,August,2011,33,Young Adults (25-34),F,United States,Washington,Bikes,Road Bikes,"Road-150 Red, 48",2,2171,3578,1240,4342,5582
67455,2011-08-25,25,August,2011,33,Young Adults (25-34),M,Canada,British Columbia,Bikes,Road Bikes,"Road-750 Black, 44",2,344,540,381,688,1069
55731,2011-08-25,25,August,2011,22,Youth (<25),M,United Kingdom,England,Bikes,Mountain Bikes,"Mountain-500 Silver, 40",2,308,565,469,616,1085
57865,2011-08-25,25,August,2011,25,Young Adults (25-34),M,United States,Oregon,Bikes,Mountain Bikes,"Mountain-200 Black, 42",4,1252,2295,2887,5008,7895
58957,2011-08-25,25,August,2011,45,Adults (35-64),M,United States,California,Bikes,Road Bikes,"Road-250 Red, 52",1,1519,2443,875,1519,2394
64189,2011-08-25,25,August,2011,49,Adults (35-64),M,Germany,Nordrhein-Westfalen,Bikes,Road Bikes,"Road-650 Black, 48",2,487,783,388,974,1362
58623,2011-08-25,25,August,2011,43,Adults (35-64),M,United Kingdom,England,Bikes,Road Bikes,"Road-550-W Yellow, 48",3,713,1120,1087,2139,3226
60517,2011-08-25,25,August,2011,25,Young Adults (25-34),M,France,Hauts de Seine,Bikes,Road Bikes,"Road-250 Red, 48",2,1519,2443,1506,3038,4544
59191,2011-08-26,26,August,2011,24,Youth (<25),F,United Kingdom,England,Bikes,Road Bikes,"Road-150 Red, 52",4,2171,3578,5056,8684,13740
59473,2011-08-26,26,August,2011,20,Youth (<25),M,United States,California,Bikes,Road Bikes,"Road-550-W Yellow, 38",1,713,1120,385,713,1098
62671,2011-08-26,26,August,2011,42,Adults (35-64),F,Germany,Hamburg,Bikes,Road Bikes,"Road-650 Black, 52",4,487,783,965,1948,2913
67371,2011-08-26,26,August,2011,22,Youth (<25),F,United States,California,Bikes,Road Bikes,"Road-750 Black, 44",3,344,540,556,1032,1588
58285,2011-08-26,26,August,2011,45,Adults (35-64),F,United States,Oregon,Bikes,Road Bikes,"Road-150 Red, 56",2,2171,3578,1812,4342,6154
60703,2011-08-26,26,August,2011,47,Adults (35-64),F,United States,Washington,Bikes,Road Bikes,"Road-650 Red, 48",3,487,783,371,1461,1832
59371,2011-08-26,26,August,2011,34,Young Adults (25-34),F,France,Seine Saint Denis,Bikes,Road Bikes,"Road-150 Red, 48",1,2171,3578,763,2171,2934
62985,2011-08-26,26,August,2011,33,Young Adults (25-34),M,United States,Washington,Bikes,Road Bikes,"Road-350-W Yellow, 44",1,1083,1701,244,1083,1327
69681,2011-08-26,26,August,2011,31,Young Adults (25-34),M,Australia,Victoria,Bikes,Road Bikes,"Road-550-W Yellow, 44",3,713,1120,515,2139,2654
70929,2011-08-26,26,August,2011,20,Youth (<25),F,United Kingdom,England,Bikes,Road Bikes,"Road-750 Black, 52",1,344,540,174,344,518
51161,2011-08-26,26,August,2011,22,Youth (<25),F,Australia,New South Wales,Bikes,Mountain Bikes,"Mountain-200 Black, 46",1,1252,2295,745,1252,1997
57845,2011-08-26,26,August,2011,26,Young Adults (25-34),F,United States,Washington,Bikes,Mountain Bikes,"Mountain-200 Black, 38",4,1252,2295,2152,5008,7160
65063,2011-08-26,26,August,2011,27,Young Adults (25-34),F,United Kingdom,England,Bikes,Road Bikes,"Road-350-W Yellow, 48",1,1083,1701,550,1083,1633
57413,2011-08-27,27,August,2011,27,Young Adults (25-34),M,United States,California,Bikes,Mountain Bikes,"Mountain-200 Silver, 38",1,1266,2320,1008,1266,2274
49751,2011-08-27,27,August,2011,22,Youth (<25),M,Australia,Victoria,Bikes,Mountain Bikes,"Mountain-200 Black, 46",2,1252,2295,1122,2504,3626
60035,2011-08-27,27,August,2011,23,Youth (<25),F,United Kingdom,England,Bikes,Road Bikes,"Road-150 Red, 56",1,2171,3578,1264,2171,3435
60255,2011-08-27,27,August,2011,17,Youth (<25),F,United States,Oregon,Bikes,Road Bikes,"Road-650 Black, 48",1,487,783,186,487,673
61733,2011-08-27,27,August,2011,25,Young Adults (25-34),M,United Kingdom,England,Bikes,Road Bikes,"Road-250 Red, 58",4,1555,2443,3161,6220,9381
68673,2011-08-27,27,August,2011,26,Young Adults (25-34),M,Canada,British Columbia,Bikes,Road Bikes,"Road-150 Red, 56",3,2171,3578,4114,6513,10627
70993,2011-08-27,27,August,2011,43,Adults (35-64),M,United States,California,Bikes,Road Bikes,"Road-150 Red, 52",2,2171,3578,2671,4342,7013
69067,2011-08-27,27,August,2011,32,Young Adults (25-34),M,United Kingdom,England,Bikes,Road Bikes,"Road-550-W Yellow, 38",1,713,1120,362,713,1075
70605,2011-08-27,27,August,2011,44,Adults (35-64),F,Australia,Queensland,Bikes,Road Bikes,"Road-750 Black, 48",4,344,540,438,1376,1814
71135,2011-08-27,27,August,2011,38,Adults (35-64),M,Canada,British Columbia,Bikes,Road Bikes,"Road-150 Red, 62",1,2171,3578,1371,2171,3542
70665,2011-08-27,27,August,2011,29,Young Adults (25-34),F,United States,California,Bikes,Road Bikes,"Road-150 Red, 52",3,2171,3578,4006,6513,10519
58165,2011-08-28,28,August,2011,53,Adults (35-64),M,United States,Washington,Bikes,Road Bikes,"Road-150 Red, 48",1,2171,3578,620,2171,2791
58997,2011-08-28,28,August,2011,51,Adults (35-64),M,United States,Oregon,Bikes,Road Bikes,"Road-250 Black, 48",1,1555,2443,546,1555,2101
59589,2011-08-28,28,August,2011,27,Young Adults (25-34),M,France,Essonne,Bikes,Road Bikes,"Road-150 Red, 56",1,2171,3578,1264,2171,3435
70995,2011-08-28,28,August,2011,43,Adults (35-64),M,United States,California,Bikes,Road Bikes,"Road-150 Red, 52",1,2171,3578,1335,2171,3506
60333,2011-08-28,28,August,2011,36,Adults (35-64),F,United States,California,Bikes,Road Bikes,"Road-650 Red, 62",4,487,783,1121,1948,3069
60263,2011-08-28,28,August,2011,24,Youth (<25),F,United States,Washington,Bikes,Road Bikes,"Road-650 Black, 48",1,487,783,124,487,611
59389,2011-08-28,28,August,2011,23,Youth (<25),M,France,Pas de Calais,Bikes,Road Bikes,"Road-250 Red, 48",1,1519,2443,558,1519,2077
59795,2011-08-28,28,August,2011,64,Adults (35-64),F,United States,California,Bikes,Road Bikes,"Road-550-W Yellow, 44",1,713,1120,385,713,1098
71413,2011-08-29,29,August,2011,34,Young Adults (25-34),M,United States,California,Bikes,Road Bikes,"Road-150 Red, 56",4,2171,3578,5342,8684,14026
66987,2011-08-29,29,August,2011,32,Young Adults (25-34),M,United States,California,Bikes,Road Bikes,"Road-750 Black, 48",4,344,540,741,1376,2117
63165,2011-08-29,29,August,2011,46,Adults (35-64),F,United States,California,Bikes,Road Bikes,"Road-350-W Yellow, 48",3,1083,1701,1752,3249,5001
58015,2011-08-29,29,August,2011,29,Young Adults (25-34),F,France,Loiret,Bikes,Mountain Bikes,"Mountain-200 Silver, 42",3,1266,2320,2396,3798,6194
51205,2011-08-29,29,August,2011,25,Young Adults (25-34),F,Australia,Queensland,Bikes,Mountain Bikes,"Mountain-200 Silver, 38",2,1266,2320,1366,2532,3898
64913,2011-08-29,29,August,2011,42,Adults (35-64),F,United States,Washington,Bikes,Road Bikes,"Road-750 Black, 48",4,344,540,309,1376,1685
51075,2011-08-30,30,August,2011,19,Youth (<25),F,Australia,Victoria,Bikes,Mountain Bikes,"Mountain-500 Black, 44",4,295,540,526,1180,1706
61567,2011-08-30,30,August,2011,50,Adults (35-64),F,United States,Washington,Bikes,Road Bikes,"Road-350-W Yellow, 42",4,1083,1701,975,4332,5307
70607,2011-08-30,30,August,2011,44,Adults (35-64),F,Australia,Queensland,Bikes,Road Bikes,"Road-750 Black, 48",1,344,540,110,344,454
67865,2011-08-30,30,August,2011,23,Youth (<25),F,Australia,New South Wales,Bikes,Road Bikes,"Road-350-W Yellow, 42",4,1083,1701,1587,4332,5919
62315,2011-08-30,30,August,2011,22,Youth (<25),M,United Kingdom,England,Bikes,Road Bikes,"Road-350-W Yellow, 40",1,1083,1701,550,1083,1633
54117,2011-08-30,30,August,2011,42,Adults (35-64),F,Canada,British Columbia,Bikes,Mountain Bikes,"Mountain-200 Black, 38",1,1252,2295,1020,1252,2272
69669,2011-08-30,30,August,2011,28,Young Adults (25-34),F,Australia,South Australia,Bikes,Road Bikes,"Road-550-W Yellow, 38",1,713,1120,205,713,918
64721,2011-08-30,30,August,2011,42,Adults (35-64),M,United Kingdom,England,Bikes,Road Bikes,"Road-650 Red, 58",3,487,783,794,1461,2255
68191,2011-08-31,31,August,2011,33,Young Adults (25-34),F,United Kingdom,England,Bikes,Road Bikes,"Road-350-W Yellow, 48",1,1083,1701,550,1083,1633
69823,2011-08-31,31,August,2011,38,Adults (35-64),F,Canada,British Columbia,Bikes,Road Bikes,"Road-250 Black, 48",1,1555,2443,864,1555,2419
67943,2011-08-31,31,August,2011,45,Adults (35-64),F,United States,California,Bikes,Road Bikes,"Road-750 Black, 52",3,344,540,556,1032,1588
60525,2011-08-31,31,August,2011,25,Young Adults (25-34),M,Germany,Nordrhein-Westfalen,Bikes,Road Bikes,"Road-250 Red, 52",1,1519,2443,606,1519,2125
51197,2011-08-31,31,August,2011,25,Young Adults (25-34),F,Australia,Victoria,Bikes,Mountain Bikes,"Mountain-200 Silver, 38",1,1266,2320,567,1266,1833
61367,2011-08-31,31,August,2011,22,Youth (<25),M,Australia,Queensland,Bikes,Road Bikes,"Road-150 Red, 44",2,2171,3578,1669,4342,6011
65433,2011-08-31,31,August,2011,27,Young Adults (25-34),F,Australia,Queensland,Bikes,Road Bikes,"Road-250 Red, 58",1,1555,2443,497,1555,2052
67139,2011-08-31,31,August,2011,28,Young Adults (25-34),F,Australia,New South Wales,Bikes,Road Bikes,"Road-250 Black, 52",1,1555,2443,570,1555,2125
53269,2011-08-31,31,August,2011,27,Young Adults (25-34),F,United States,Washington,Bikes,Mountain Bikes,"Mountain-400-W Silver, 38",1,420,769,180,420,600
51081,2011-08-31,31,August,2011,21,Youth (<25),M,Australia,New South Wales,Bikes,Mountain Bikes,"Mountain-500 Silver, 40",1,308,565,184,308,492
58007,2011-08-31,31,August,2011,28,Young Adults (25-34),F,France,Seine et Marne,Bikes,Mountain Bikes,"Mountain-200 Black, 42",1,1252,2295,630,1252,1882
51091,2011-08-31,31,August,2011,18,Youth (<25),M,Australia,Tasmania,Bikes,Mountain Bikes,"Mountain-500 Black, 48",2,295,540,285,590,875
63437,2011-09-01,1,September,2011,42,Adults (35-64),M,France,Somme,Bikes,Road Bikes,"Road-350-W Yellow, 48",3,1083,1701,935,3249,4184
57955,2011-09-01,1,September,2011,29,Young Adults (25-34),F,United States,California,Bikes,Mountain Bikes,"Mountain-200 Silver, 42",2,1266,2320,2015,2532,4547
65747,2011-09-02,2,September,2011,35,Adults (35-64),F,United States,California,Bikes,Road Bikes,"Road-550-W Yellow, 48",3,713,1120,1154,2139,3293
62807,2011-09-02,2,September,2011,34,Young Adults (25-34),F,Australia,New South Wales,Bikes,Road Bikes,"Road-250 Black, 44",4,1555,2443,2282,6220,8502
68727,2011-09-02,2,September,2011,22,Youth (<25),M,Australia,South Australia,Bikes,Road Bikes,"Road-250 Black, 44",1,1555,2443,448,1555,2003
70477,2011-09-02,2,September,2011,53,Adults (35-64),F,United States,California,Bikes,Road Bikes,"Road-150 Red, 44",4,2171,3578,5342,8684,14026
62575,2011-09-02,2,September,2011,21,Youth (<25),F,United Kingdom,England,Bikes,Road Bikes,"Road-250 Black, 52",3,1555,2443,2371,4665,7036
58543,2011-09-02,2,September,2011,41,Adults (35-64),F,Germany,Nordrhein-Westfalen,Bikes,Road Bikes,"Road-350-W Yellow, 48",1,1083,1701,397,1083,1480
59675,2011-09-02,2,September,2011,50,Adults (35-64),M,France,Seine Saint Denis,Bikes,Road Bikes,"Road-250 Black, 44",1,1555,2443,448,1555,2003
58043,2011-09-03,3,September,2011,27,Young Adults (25-34),M,France,Seine Saint Denis,Bikes,Mountain Bikes,"Mountain-200 Black, 42",1,1252,2295,630,1252,1882
51227,2011-09-03,3,September,2011,26,Young Adults (25-34),F,Australia,New South Wales,Bikes,Mountain Bikes,"Mountain-200 Black, 46",1,1252,2295,745,1252,1997
69187,2011-09-03,3,September,2011,45,Adults (35-64),F,United Kingdom,England,Bikes,Road Bikes,"Road-750 Black, 48",1,344,540,174,344,518
67775,2011-09-03,3,September,2011,34,Young Adults (25-34),F,United States,Washington,Bikes,Road Bikes,"Road-750 Black, 44",1,344,540,77,344,421
66097,2011-09-03,3,September,2011,21,Youth (<25),M,Australia,New South Wales,Bikes,Road Bikes,"Road-250 Black, 58",2,1555,2443,1141,3110,4251
64761,2011-09-03,3,September,2011,26,Young Adults (25-34),F,Australia,New South Wales,Bikes,Road Bikes,"Road-250 Red, 58",1,1555,2443,570,1555,2125
65411,2011-09-03,3,September,2011,28,Young Adults (25-34),F,Australia,Victoria,Bikes,Road Bikes,"Road-250 Black, 48",1,1555,2443,375,1555,1930
62277,2011-09-03,3,September,2011,35,Adults (35-64),F,France,Seine (Paris),Bikes,Road Bikes,"Road-250 Red, 48",2,1519,2443,969,3038,4007
64763,2011-09-04,4,September,2011,26,Young Adults (25-34),F,Australia,New South Wales,Bikes,Road Bikes,"Road-250 Red, 58",1,1555,2443,570,1555,2125
69391,2011-09-04,4,September,2011,36,Adults (35-64),M,United Kingdom,England,Bikes,Road Bikes,"Road-750 Black, 48",1,344,540,174,344,518
70183,2011-09-04,4,September,2011,26,Young Adults (25-34),F,Australia,Queensland,Bikes,Road Bikes,"Road-750 Black, 52",1,344,540,110,344,454
61191,2011-09-04,4,September,2011,55,Adults (35-64),M,United Kingdom,England,Bikes,Road Bikes,"Road-250 Red, 48",1,1519,2443,826,1519,2345
58035,2011-09-04,4,September,2011,25,Young Adults (25-34),F,France,Nord,Bikes,Mountain Bikes,"Mountain-200 Black, 42",1,1252,2295,745,1252,1997
69671,2011-09-04,4,September,2011,28,Young Adults (25-34),F,Australia,South Australia,Bikes,Road Bikes,"Road-550-W Yellow, 38",2,713,1120,411,1426,1837
66961,2011-09-05,5,September,2011,35,Adults (35-64),F,France,Nord,Bikes,Road Bikes,"Road-250 Black, 48",3,1555,2443,1711,4665,6376
70931,2011-09-05,5,September,2011,20,Youth (<25),F,United Kingdom,England,Bikes,Road Bikes,"Road-750 Black, 52",1,344,540,174,344,518
59809,2011-09-05,5,September,2011,19,Youth (<25),F,France,Essonne,Bikes,Road Bikes,"Road-350-W Yellow, 42",1,1083,1701,550,1083,1633
59775,2011-09-05,5,September,2011,40,Adults (35-64),F,France,Essonne,Bikes,Road Bikes,"Road-550-W Yellow, 38",1,713,1120,362,713,1075
67617,2011-09-06,6,September,2011,33,Young Adults (25-34),F,United States,California,Bikes,Road Bikes,"Road-750 Black, 44",1,344,540,185,344,529
67883,2011-09-06,6,September,2011,24,Youth (<25),M,Australia,Queensland,Bikes,Road Bikes,"Road-350-W Yellow, 42",3,1083,1701,1038,3249,4287
69989,2011-09-06,6,September,2011,31,Young Adults (25-34),F,United Kingdom,England,Bikes,Road Bikes,"Road-750 Black, 52",1,344,540,174,344,518
65435,2011-09-06,6,September,2011,27,Young Adults (25-34),F,Australia,Queensland,Bikes,Road Bikes,"Road-250 Red, 58",1,1555,2443,497,1555,2052
60751,2011-09-07,7,September,2011,42,Adults (35-64),F,Germany,Saarland,Bikes,Road Bikes,"Road-750 Black, 52",3,344,540,296,1032,1328
63395,2011-09-07,7,September,2011,25,Young Adults (25-34),M,France,Seine Saint Denis,Bikes,Road Bikes,"Road-350-W Yellow, 48",3,1083,1701,935,3249,4184
66169,2011-09-08,8,September,2011,27,Young Adults (25-34),M,Australia,Queensland,Bikes,Road Bikes,"Road-250 Black, 44",4,1555,2443,1988,6220,8208
68675,2011-09-08,8,September,2011,26,Young Adults (25-34),M,Canada,British Columbia,Bikes,Road Bikes,"Road-150 Red, 56",2,2171,3578,2742,4342,7084
69473,2011-09-08,8,September,2011,26,Young Adults (25-34),M,Australia,New South Wales,Bikes,Road Bikes,"Road-550-W Yellow, 44",1,713,1120,261,713,974
62317,2011-09-08,8,September,2011,22,Youth (<25),M,United Kingdom,England,Bikes,Road Bikes,"Road-350-W Yellow, 40",4,1083,1701,2200,4332,6532
51353,2011-09-08,8,September,2011,35,Adults (35-64),F,United Kingdom,England,Bikes,Mountain Bikes,"Mountain-200 Black, 42",3,1252,2295,2854,3756,6610
60741,2011-09-08,8,September,2011,41,Adults (35-64),M,Germany,Saarland,Bikes,Road Bikes,"Road-250 Black, 48",1,1555,2443,448,1555,2003
60783,2011-09-08,8,September,2011,24,Youth (<25),M,Germany,Hamburg,Bikes,Road Bikes,"Road-250 Black, 44",1,1555,2443,717,1555,2272
59661,2011-09-08,8,September,2011,29,Young Adults (25-34),F,France,Somme,Bikes,Road Bikes,"Road-250 Red, 52",3,1519,2443,1453,4557,6010
58091,2011-09-08,8,September,2011,26,Young Adults (25-34),M,France,Seine (Paris),Bikes,Mountain Bikes,"Mountain-200 Black, 46",1,1252,2295,630,1252,1882
51207,2011-09-09,9,September,2011,25,Young Adults (25-34),F,Australia,Queensland,Bikes,Mountain Bikes,"Mountain-200 Silver, 38",1,1266,2320,683,1266,1949
53271,2011-09-09,9,September,2011,27,Young Adults (25-34),F,United States,Washington,Bikes,Mountain Bikes,"Mountain-400-W Silver, 38",3,420,769,539,1260,1799
63479,2011-09-09,9,September,2011,37,Adults (35-64),M,United Kingdom,England,Bikes,Road Bikes,"Road-350-W Yellow, 40",1,1083,1701,550,1083,1633
63153,2011-09-09,9,September,2011,52,Adults (35-64),M,United States,Washington,Bikes,Road Bikes,"Road-350-W Yellow, 48",2,1083,1701,488,2166,2654
66533,2011-09-09,9,September,2011,28,Young Adults (25-34),F,United Kingdom,England,Bikes,Road Bikes,"Road-750 Black, 48",3,344,540,523,1032,1555
57913,2011-09-09,9,September,2011,28,Young Adults (25-34),M,United States,California,Bikes,Mountain Bikes,"Mountain-200 Black, 38",2,1252,2295,1994,2504,4498
67141,2011-09-09,9,September,2011,28,Young Adults (25-34),F,Australia,New South Wales,Bikes,Road Bikes,"Road-250 Black, 52",2,1555,2443,1141,3110,4251
64765,2011-09-09,9,September,2011,26,Young Adults (25-34),F,Australia,New South Wales,Bikes,Road Bikes,"Road-250 Red, 58",1,1555,2443,570,1555,2125
49927,2011-09-09,9,September,2011,21,Youth (<25),F,Germany,Saarland,Bikes,Mountain Bikes,"Mountain-200 Silver, 46",3,1266,2320,1909,3798,5707
60543,2011-09-10,10,September,2011,28,Young Adults (25-34),M,Germany,Bayern,Bikes,Road Bikes,"Road-150 Red, 56",1,2171,3578,1371,2171,3542
70485,2011-09-10,10,September,2011,52,Adults (35-64),F,United States,California,Bikes,Road Bikes,"Road-150 Red, 48",1,2171,3578,1335,2171,3506
58339,2011-09-10,10,September,2011,49,Adults (35-64),F,France,Hauts de Seine,Bikes,Road Bikes,"Road-250 Black, 44",3,1555,2443,2151,4665,6816
57873,2011-09-10,10,September,2011,28,Young Adults (25-34),F,United States,Washington,Bikes,Mountain Bikes,"Mountain-200 Black, 38",1,1252,2295,538,1252,1790
69287,2011-09-10,10,September,2011,35,Adults (35-64),F,United Kingdom,England,Bikes,Road Bikes,"Road-750 Black, 44",1,344,540,174,344,518
60561,2011-09-10,10,September,2011,53,Adults (35-64),M,Germany,Saarland,Bikes,Road Bikes,"Road-250 Red, 52",4,1519,2443,1937,6076,8013
67203,2011-09-10,10,September,2011,35,Adults (35-64),F,Australia,Queensland,Bikes,Road Bikes,"Road-350-W Yellow, 44",1,1083,1701,346,1083,1429
57915,2011-09-10,10,September,2011,28,Young Adults (25-34),M,United States,California,Bikes,Mountain Bikes,"Mountain-200 Black, 38",1,1252,2295,997,1252,2249
63023,2011-09-10,10,September,2011,29,Young Adults (25-34),F,Australia,New South Wales,Bikes,Road Bikes,"Road-250 Black, 44",1,1555,2443,570,1555,2125
66139,2011-09-11,11,September,2011,24,Youth (<25),F,Australia,New South Wales,Bikes,Road Bikes,"Road-250 Black, 52",3,1555,2443,1711,4665,6376
64767,2011-09-11,11,September,2011,26,Young Adults (25-34),F,Australia,New South Wales,Bikes,Road Bikes,"Road-250 Red, 58",2,1555,2443,1141,3110,4251
69323,2011-09-11,11,September,2011,55,Adults (35-64),F,United Kingdom,England,Bikes,Road Bikes,"Road-750 Black, 58",3,344,540,523,1032,1555
69289,2011-09-11,11,September,2011,35,Adults (35-64),F,United Kingdom,England,Bikes,Road Bikes,"Road-750 Black, 44",3,344,540,523,1032,1555
58075,2011-09-11,11,September,2011,25,Young Adults (25-34),M,France,Seine Saint Denis,Bikes,Mountain Bikes,"Mountain-200 Silver, 42",3,1266,2320,1909,3798,5707
59507,2011-09-11,11,September,2011,19,Youth (<25),F,United States,California,Bikes,Road Bikes,"Road-350-W Yellow, 42",4,1083,1701,2336,4332,6668
51355,2011-09-11,11,September,2011,35,Adults (35-64),F,United Kingdom,England,Bikes,Mountain Bikes,"Mountain-200 Black, 42",4,1252,2295,3805,5008,8813
64417,2011-09-11,11,September,2011,35,Adults (35-64),F,United States,Oregon,Bikes,Road Bikes,"Road-250 Black, 44",1,1555,2443,546,1555,2101
70487,2011-09-12,12,September,2011,52,Adults (35-64),F,United States,California,Bikes,Road Bikes,"Road-150 Red, 48",1,2171,3578,1335,2171,3506
63297,2011-09-12,12,September,2011,22,Youth (<25),M,Australia,Victoria,Bikes,Road Bikes,"Road-650 Black, 44",4,487,783,526,1948,2474
67619,2011-09-12,12,September,2011,33,Young Adults (25-34),F,United States,California,Bikes,Road Bikes,"Road-750 Black, 44",4,344,540,741,1376,2117
49919,2011-09-12,12,September,2011,19,Youth (<25),F,Germany,Saarland,Bikes,Mountain Bikes,"Mountain-200 Silver, 42",4,1266,2320,2546,5064,7610
67867,2011-09-12,12,September,2011,23,Youth (<25),F,Australia,New South Wales,Bikes,Road Bikes,"Road-350-W Yellow, 42",1,1083,1701,397,1083,1480
58945,2011-09-12,12,September,2011,49,Adults (35-64),M,United States,Washington,Bikes,Road Bikes,"Road-250 Red, 52",1,1519,2443,387,1519,1906
69705,2011-09-12,12,September,2011,32,Young Adults (25-34),M,Australia,Victoria,Bikes,Road Bikes,"Road-550-W Yellow, 38",3,713,1120,515,2139,2654
66219,2011-09-13,13,September,2011,17,Youth (<25),M,United States,Washington,Bikes,Road Bikes,"Road-750 Black, 48",1,344,540,77,344,421
60683,2011-09-13,13,September,2011,51,Adults (35-64),M,United States,California,Bikes,Road Bikes,"Road-650 Black, 62",1,487,783,280,487,767
62705,2011-09-13,13,September,2011,27,Young Adults (25-34),M,Australia,New South Wales,Bikes,Road Bikes,"Road-250 Black, 52",1,1555,2443,570,1555,2125
62613,2011-09-13,13,September,2011,36,Adults (35-64),M,United States,Washington,Bikes,Road Bikes,"Road-350-W Yellow, 40",1,1083,1701,244,1083,1327
67733,2011-09-13,13,September,2011,28,Young Adults (25-34),M,Australia,New South Wales,Bikes,Road Bikes,"Road-350-W Yellow, 42",1,1083,1701,397,1083,1480
57415,2011-09-13,13,September,2011,27,Young Adults (25-34),M,United States,California,Bikes,Mountain Bikes,"Mountain-200 Silver, 38",1,1266,2320,1008,1266,2274
58033,2011-09-13,13,September,2011,24,Youth (<25),F,France,Charente-Maritime,Bikes,Mountain Bikes,"Mountain-200 Black, 42",1,1252,2295,997,1252,2249
70049,2011-09-13,13,September,2011,54,Adults (35-64),M,United Kingdom,England,Bikes,Road Bikes,"Road-750 Black, 52",1,344,540,174,344,518
59417,2011-09-13,13,September,2011,19,Youth (<25),F,United States,Oregon,Bikes,Road Bikes,"Road-550-W Yellow, 44",2,713,1120,500,1426,1926
71247,2011-09-13,13,September,2011,35,Adults (35-64),F,United States,Washington,Bikes,Road Bikes,"Road-150 Red, 56",1,2171,3578,620,2171,2791
49803,2011-09-13,13,September,2011,25,Young Adults (25-34),M,Australia,New South Wales,Bikes,Mountain Bikes,"Mountain-200 Black, 38",4,1252,2295,2979,5008,7987
60545,2011-09-14,14,September,2011,28,Young Adults (25-34),M,Germany,Bayern,Bikes,Road Bikes,"Road-150 Red, 56",3,2171,3578,4114,6513,10627
66099,2011-09-14,14,September,2011,21,Youth (<25),M,Australia,New South Wales,Bikes,Road Bikes,"Road-250 Black, 58",3,1555,2443,1711,4665,6376
55751,2011-09-14,14,September,2011,36,Adults (35-64),F,United Kingdom,England,Bikes,Mountain Bikes,"Mountain-500 Black, 42",4,295,540,894,1180,2074
67735,2011-09-14,14,September,2011,28,Young Adults (25-34),M,Australia,New South Wales,Bikes,Road Bikes,"Road-350-W Yellow, 42",1,1083,1701,397,1083,1480
52117,2011-09-14,14,September,2011,27,Young Adults (25-34),M,Australia,New South Wales,Bikes,Mountain Bikes,"Mountain-200 Black, 38",2,1252,2295,1489,2504,3993
62117,2011-09-14,14,September,2011,37,Adults (35-64),F,United Kingdom,England,Bikes,Road Bikes,"Road-350-W Yellow, 48",3,1083,1701,1650,3249,4899
64411,2011-09-14,14,September,2011,36,Adults (35-64),F,Germany,Bayern,Bikes,Road Bikes,"Road-250 Red, 58",1,1555,2443,864,1555,2419
58039,2011-09-14,14,September,2011,27,Young Adults (25-34),F,France,Yveline,Bikes,Mountain Bikes,"Mountain-200 Black, 38",1,1252,2295,492,1252,1744
67397,2011-09-14,14,September,2011,25,Young Adults (25-34),M,United States,Washington,Bikes,Road Bikes,"Road-750 Black, 44",1,344,540,77,344,421
58745,2011-09-14,14,September,2011,42,Adults (35-64),F,France,Seine (Paris),Bikes,Road Bikes,"Road-150 Red, 62",1,2171,3578,763,2171,2934
70341,2011-09-15,15,September,2011,41,Adults (35-64),M,United States,Washington,Bikes,Road Bikes,"Road-150 Red, 48",3,2171,3578,1860,6513,8373
50035,2011-09-15,15,September,2011,27,Young Adults (25-34),F,Australia,Victoria,Bikes,Mountain Bikes,"Mountain-200 Black, 46",1,1252,2295,561,1252,1813
66445,2011-09-15,15,September,2011,34,Young Adults (25-34),M,Canada,British Columbia,Bikes,Road Bikes,"Road-750 Black, 52",1,344,540,191,344,535
59863,2011-09-15,15,September,2011,25,Young Adults (25-34),M,France,Garonne (Haute),Bikes,Road Bikes,"Road-150 Red, 52",3,2171,3578,3577,6513,10090
71137,2011-09-16,16,September,2011,38,Adults (35-64),M,Canada,British Columbia,Bikes,Road Bikes,"Road-150 Red, 62",1,2171,3578,1371,2171,3542
67145,2011-09-16,16,September,2011,28,Young Adults (25-34),F,Australia,New South Wales,Bikes,Road Bikes,"Road-250 Black, 52",4,1555,2443,2282,6220,8502
67144,2011-09-16,16,September,2011,28,Young Adults (25-34),F,Australia,New South Wales,Bikes,Road Bikes,"Road-250 Black, 52",1,1555,2443,570,1555,2125
70509,2011-09-16,16,September,2011,49,Adults (35-64),M,United States,California,Bikes,Road Bikes,"Road-150 Red, 48",1,2171,3578,1335,2171,3506
50533,2011-09-16,16,September,2011,19,Youth (<25),M,United Kingdom,England,Bikes,Mountain Bikes,"Mountain-200 Silver, 46",1,1266,2320,961,1266,2227
64787,2011-09-17,17,September,2011,27,Young Adults (25-34),F,Australia,Victoria,Bikes,Road Bikes,"Road-250 Black, 44",1,1555,2443,375,1555,1930
66117,2011-09-17,17,September,2011,23,Youth (<25),M,Australia,New South Wales,Bikes,Road Bikes,"Road-250 Black, 58",1,1555,2443,570,1555,2125
60575,2011-09-17,17,September,2011,44,Adults (35-64),F,Germany,Bayern,Bikes,Road Bikes,"Road-150 Red, 56",1,2171,3578,1371,2171,3542
67737,2011-09-17,17,September,2011,28,Young Adults (25-34),M,Australia,New South Wales,Bikes,Road Bikes,"Road-350-W Yellow, 42",3,1083,1701,1191,3249,4440
62707,2011-09-17,17,September,2011,27,Young Adults (25-34),M,Australia,New South Wales,Bikes,Road Bikes,"Road-250 Black, 52",1,1555,2443,570,1555,2125
59669,2011-09-18,18,September,2011,45,Adults (35-64),M,France,Essonne,Bikes,Road Bikes,"Road-150 Red, 62",3,2171,3578,3792,6513,10305
64425,2011-09-18,18,September,2011,36,Adults (35-64),F,Canada,British Columbia,Bikes,Road Bikes,"Road-550-W Yellow, 42",1,713,1120,396,713,1109
66101,2011-09-18,18,September,2011,21,Youth (<25),M,Australia,New South Wales,Bikes,Road Bikes,"Road-250 Black, 58",1,1555,2443,570,1555,2125
63371,2011-09-18,18,September,2011,25,Young Adults (25-34),F,Australia,New South Wales,Bikes,Road Bikes,"Road-250 Black, 52",1,1555,2443,570,1555,2125
57379,2011-09-18,18,September,2011,28,Young Adults (25-34),F,United States,California,Bikes,Mountain Bikes,"Mountain-200 Black, 42",4,1252,2295,3988,5008,8996
58037,2011-09-18,18,September,2011,25,Young Adults (25-34),M,France,Seine et Marne,Bikes,Mountain Bikes,"Mountain-200 Silver, 38",4,1266,2320,2546,5064,7610
49805,2011-09-18,18,September,2011,25,Young Adults (25-34),M,Australia,New South Wales,Bikes,Mountain Bikes,"Mountain-200 Black, 38",1,1252,2295,745,1252,1997
59051,2011-09-18,18,September,2011,38,Adults (35-64),F,Germany,Hessen,Bikes,Road Bikes,"Road-150 Red, 56",1,2171,3578,1157,2171,3328
59019,2011-09-18,18,September,2011,63,Adults (35-64),F,United States,California,Bikes,Road Bikes,"Road-250 Black, 44",3,1555,2443,2517,4665,7182
59767,2011-09-19,19,September,2011,50,Adults (35-64),M,United States,Washington,Bikes,Road Bikes,"Road-550-W Yellow, 44",1,713,1120,161,713,874
67053,2011-09-19,19,September,2011,36,Adults (35-64),M,Canada,British Columbia,Bikes,Road Bikes,"Road-750 Black, 44",1,344,540,191,344,535
68649,2011-09-19,19,September,2011,25,Young Adults (25-34),F,Germany,Nordrhein-Westfalen,Bikes,Road Bikes,"Road-550-W Yellow, 40",4,713,1120,1046,2852,3898
63747,2011-09-19,19,September,2011,27,Young Adults (25-34),M,France,Seine (Paris),Bikes,Road Bikes,"Road-550-W Yellow, 38",4,713,1120,822,2852,3674
64201,2011-09-19,19,September,2011,21,Youth (<25),F,Australia,New South Wales,Bikes,Road Bikes,"Road-250 Black, 58",4,1555,2443,2282,6220,8502
67515,2011-09-19,19,September,2011,41,Adults (35-64),F,United States,California,Bikes,Road Bikes,"Road-750 Black, 52",3,344,540,556,1032,1588
59501,2011-09-19,19,September,2011,21,Youth (<25),F,United States,Oregon,Bikes,Road Bikes,"Road-550-W Yellow, 42",1,713,1120,250,713,963
71249,2011-09-19,19,September,2011,35,Adults (35-64),F,United States,Washington,Bikes,Road Bikes,"Road-150 Red, 56",4,2171,3578,2479,8684,11163
59766,2011-09-19,19,September,2011,50,Adults (35-64),M,United States,Washington,Bikes,Road Bikes,"Road-550-W Yellow, 44",2,713,1120,321,1426,1747
57847,2011-09-20,20,September,2011,26,Young Adults (25-34),F,United States,Washington,Bikes,Mountain Bikes,"Mountain-200 Black, 38",4,1252,2295,2152,5008,7160
66885,2011-09-20,20,September,2011,34,Young Adults (25-34),M,United Kingdom,England,Bikes,Road Bikes,"Road-550-W Yellow, 44",2,713,1120,724,1426,2150
64789,2011-09-20,20,September,2011,27,Young Adults (25-34),F,Australia,Victoria,Bikes,Road Bikes,"Road-250 Black, 44",4,1555,2443,1500,6220,7720
59499,2011-09-20,20,September,2011,23,Youth (<25),F,United States,Oregon,Bikes,Road Bikes,"Road-550-W Yellow, 40",1,713,1120,250,713,963
68499,2011-09-20,20,September,2011,35,Adults (35-64),M,Australia,Queensland,Bikes,Road Bikes,"Road-350-W Yellow, 40",1,1083,1701,346,1083,1429
64531,2011-09-20,20,September,2011,30,Young Adults (25-34),F,Australia,New South Wales,Bikes,Road Bikes,"Road-250 Black, 48",2,1555,2443,1141,3110,4251
52399,2011-09-20,20,September,2011,26,Young Adults (25-34),M,United States,California,Bikes,Mountain Bikes,"Mountain-400-W Silver, 38",1,420,769,334,420,754
69619,2011-09-21,21,September,2011,34,Young Adults (25-34),F,Canada,British Columbia,Bikes,Road Bikes,"Road-550-W Yellow, 40",1,713,1120,396,713,1109
59093,2011-09-21,21,September,2011,45,Adults (35-64),F,France,Seine (Paris),Bikes,Road Bikes,"Road-150 Red, 62",3,2171,3578,2289,6513,8802
61991,2011-09-21,21,September,2011,25,Young Adults (25-34),M,Germany,Hessen,Bikes,Road Bikes,"Road-350-W Yellow, 40",1,1083,1701,499,1083,1582
57417,2011-09-21,21,September,2011,27,Young Adults (25-34),M,United States,California,Bikes,Mountain Bikes,"Mountain-200 Silver, 38",1,1266,2320,1008,1266,2274
57917,2011-09-21,21,September,2011,28,Young Adults (25-34),M,United States,California,Bikes,Mountain Bikes,"Mountain-200 Black, 38",1,1252,2295,997,1252,2249
68757,2011-09-22,22,September,2011,25,Young Adults (25-34),M,Australia,New South Wales,Bikes,Road Bikes,"Road-550-W Yellow, 44",4,713,1120,1046,2852,3898
62335,2011-09-22,22,September,2011,42,Adults (35-64),F,France,Yveline,Bikes,Road Bikes,"Road-350-W Yellow, 42",1,1083,1701,210,1083,1293
63281,2011-09-22,22,September,2011,47,Adults (35-64),M,France,Seine Saint Denis,Bikes,Road Bikes,"Road-550-W Yellow, 42",2,713,1120,411,1426,1837
63391,2011-09-22,22,September,2011,24,Youth (<25),F,France,Nord,Bikes,Road Bikes,"Road-550-W Yellow, 40",1,713,1120,261,713,974
66103,2011-09-22,22,September,2011,21,Youth (<25),M,Australia,New South Wales,Bikes,Road Bikes,"Road-250 Black, 58",4,1555,2443,2282,6220,8502
58487,2011-09-23,23,September,2011,52,Adults (35-64),M,United States,California,Bikes,Road Bikes,"Road-150 Red, 52",1,2171,3578,1335,2171,3506
61789,2011-09-23,23,September,2011,42,Adults (35-64),M,France,Loiret,Bikes,Road Bikes,"Road-250 Black, 48",1,1555,2443,619,1555,2174
57515,2011-09-23,23,September,2011,30,Young Adults (25-34),M,United States,Washington,Bikes,Mountain Bikes,"Mountain-200 Silver, 38",2,1266,2320,1087,2532,3619
60743,2011-09-23,23,September,2011,41,Adults (35-64),F,Germany,Saarland,Bikes,Road Bikes,"Road-250 Black, 44",1,1555,2443,448,1555,2003
61667,2011-09-23,23,September,2011,31,Young Adults (25-34),F,Australia,New South Wales,Bikes,Road Bikes,"Road-150 Red, 62",1,2171,3578,942,2171,3113
71527,2011-09-23,23,September,2011,17,Youth (<25),F,United States,California,Bikes,Road Bikes,"Road-750 Black, 52",2,344,540,370,688,1058
68677,2011-09-23,23,September,2011,26,Young Adults (25-34),M,Canada,British Columbia,Bikes,Road Bikes,"Road-150 Red, 56",1,2171,3578,1371,2171,3542
51209,2011-09-24,24,September,2011,25,Young Adults (25-34),F,Australia,Queensland,Bikes,Mountain Bikes,"Mountain-200 Silver, 38",2,1266,2320,1366,2532,3898
66247,2011-09-24,24,September,2011,25,Young Adults (25-34),F,United States,California,Bikes,Road Bikes,"Road-750 Black, 44",1,344,540,185,344,529
65413,2011-09-24,24,September,2011,28,Young Adults (25-34),F,Australia,Victoria,Bikes,Road Bikes,"Road-250 Black, 48",4,1555,2443,1500,6220,7720
55087,2011-09-24,24,September,2011,55,Adults (35-64),M,United Kingdom,England,Bikes,Mountain Bikes,"Mountain-400-W Silver, 46",1,420,769,318,420,738
60037,2011-09-24,24,September,2011,23,Youth (<25),F,United Kingdom,England,Bikes,Road Bikes,"Road-150 Red, 56",1,2171,3578,1264,2171,3435
70151,2011-09-24,24,September,2011,22,Youth (<25),F,Australia,New South Wales,Bikes,Road Bikes,"Road-350-W Yellow, 40",1,1083,1701,397,1083,1480
67147,2011-09-24,24,September,2011,28,Young Adults (25-34),F,Australia,New South Wales,Bikes,Road Bikes,"Road-250 Black, 52",3,1555,2443,1711,4665,6376
59703,2011-09-24,24,September,2011,23,Youth (<25),F,United States,California,Bikes,Road Bikes,"Road-550-W Yellow, 42",1,713,1120,385,713,1098
66053,2011-09-24,24,September,2011,49,Adults (35-64),F,United States,California,Bikes,Road Bikes,"Road-550-W Yellow, 44",1,713,1120,385,713,1098
64947,2011-09-25,25,September,2011,40,Adults (35-64),M,United States,California,Bikes,Road Bikes,"Road-550-W Yellow, 42",4,713,1120,1538,2852,4390
61281,2011-09-25,25,September,2011,38,Adults (35-64),M,United Kingdom,England,Bikes,Road Bikes,"Road-250 Black, 52",2,1555,2443,1581,3110,4691
66163,2011-09-25,25,September,2011,28,Young Adults (25-34),M,Australia,South Australia,Bikes,Road Bikes,"Road-250 Black, 52",1,1555,2443,448,1555,2003
62709,2011-09-25,25,September,2011,27,Young Adults (25-34),M,Australia,New South Wales,Bikes,Road Bikes,"Road-250 Black, 52",1,1555,2443,570,1555,2125
67149,2011-09-25,25,September,2011,28,Young Adults (25-34),F,Australia,New South Wales,Bikes,Road Bikes,"Road-250 Black, 52",4,1555,2443,2282,6220,8502
65589,2011-09-25,25,September,2011,33,Young Adults (25-34),F,Australia,New South Wales,Bikes,Road Bikes,"Road-250 Black, 52",1,1555,2443,570,1555,2125
61183,2011-09-26,26,September,2011,56,Adults (35-64),F,United Kingdom,England,Bikes,Road Bikes,"Road-750 Black, 44",1,344,540,174,344,518
60565,2011-09-26,26,September,2011,53,Adults (35-64),F,Germany,Saarland,Bikes,Road Bikes,"Road-250 Black, 52",4,1555,2443,1793,6220,8013
57849,2011-09-26,26,September,2011,26,Young Adults (25-34),F,United States,Washington,Bikes,Mountain Bikes,"Mountain-200 Black, 38",4,1252,2295,2152,5008,7160
69713,2011-09-26,26,September,2011,37,Adults (35-64),M,Australia,Victoria,Bikes,Road Bikes,"Road-550-W Yellow, 48",3,713,1120,515,2139,2654
61543,2011-09-26,26,September,2011,24,Youth (<25),M,Canada,British Columbia,Bikes,Road Bikes,"Road-350-W Yellow, 48",3,1083,1701,1803,3249,5052
69247,2011-09-26,26,September,2011,34,Young Adults (25-34),F,United Kingdom,England,Bikes,Road Bikes,"Road-350-W Yellow, 42",4,1083,1701,2200,4332,6532
61819,2011-09-26,26,September,2011,27,Young Adults (25-34),M,Australia,Tasmania,Bikes,Road Bikes,"Road-150 Red, 56",2,2171,3578,1454,4342,5796
49867,2011-09-26,26,September,2011,31,Young Adults (25-34),F,Germany,Hessen,Bikes,Mountain Bikes,"Mountain-200 Silver, 38",1,1266,2320,892,1266,2158
55681,2011-09-26,26,September,2011,35,Adults (35-64),M,United Kingdom,England,Bikes,Mountain Bikes,"Mountain-500 Black, 44",1,295,540,223,295,518
57401,2011-09-26,26,September,2011,27,Young Adults (25-34),M,United States,Washington,Bikes,Mountain Bikes,"Mountain-200 Silver, 42",3,1266,2320,1631,3798,5429
65749,2011-09-27,27,September,2011,35,Adults (35-64),F,United States,California,Bikes,Road Bikes,"Road-550-W Yellow, 48",3,713,1120,1154,2139,3293
57537,2011-09-27,27,September,2011,29,Young Adults (25-34),M,United States,California,Bikes,Mountain Bikes,"Mountain-200 Black, 38",3,1252,2295,2991,3756,6747
61769,2011-09-27,27,September,2011,50,Adults (35-64),M,United States,California,Bikes,Road Bikes,"Road-350-W Yellow, 42",1,1083,1701,584,1083,1667
57875,2011-09-28,28,September,2011,28,Young Adults (25-34),F,United States,Washington,Bikes,Mountain Bikes,"Mountain-200 Black, 38",1,1252,2295,538,1252,1790
61545,2011-09-28,28,September,2011,24,Youth (<25),M,Canada,British Columbia,Bikes,Road Bikes,"Road-350-W Yellow, 48",1,1083,1701,601,1083,1684
56299,2011-09-29,29,September,2011,37,Adults (35-64),M,United Kingdom,England,Bikes,Mountain Bikes,"Mountain-500 Silver, 40",3,308,565,703,924,1627
63011,2011-09-29,29,September,2011,26,Young Adults (25-34),F,France,Yveline,Bikes,Road Bikes,"Road-250 Black, 58",2,1555,2443,603,3110,3713
60573,2011-09-29,29,September,2011,43,Adults (35-64),F,Germany,Hessen,Bikes,Road Bikes,"Road-150 Red, 48",1,2171,3578,1157,2171,3328
69475,2011-09-29,29,September,2011,26,Young Adults (25-34),M,Australia,New South Wales,Bikes,Road Bikes,"Road-550-W Yellow, 44",2,713,1120,523,1426,1949
59813,2011-09-29,29,September,2011,55,Adults (35-64),F,France,Nord,Bikes,Road Bikes,"Road-150 Red, 62",1,2171,3578,942,2171,3113
58511,2011-09-29,29,September,2011,39,Adults (35-64),M,United Kingdom,England,Bikes,Road Bikes,"Road-150 Red, 44",2,2171,3578,2528,4342,6870
49839,2011-09-29,29,September,2011,43,Adults (35-64),F,Canada,British Columbia,Bikes,Mountain Bikes,"Mountain-200 Black, 38",1,1252,2295,1020,1252,2272
66501,2011-09-30,30,September,2011,54,Adults (35-64),F,United Kingdom,England,Bikes,Road Bikes,"Road-750 Black, 52",3,344,540,523,1032,1555
65485,2011-09-30,30,September,2011,35,Adults (35-64),F,Australia,New South Wales,Bikes,Road Bikes,"Road-350-W Yellow, 48",4,1083,1701,1587,4332,5919
70153,2011-09-30,30,September,2011,22,Youth (<25),F,Australia,New South Wales,Bikes,Road Bikes,"Road-350-W Yellow, 40",2,1083,1701,794,2166,2960
70601,2011-09-30,30,September,2011,19,Youth (<25),F,Canada,British Columbia,Bikes,Road Bikes,"Road-150 Red, 62",4,2171,3578,5485,8684,14169
61369,2011-09-30,30,September,2011,22,Youth (<25),M,Australia,Queensland,Bikes,Road Bikes,"Road-150 Red, 44",1,2171,3578,835,2171,3006
69843,2011-09-30,30,September,2011,26,Young Adults (25-34),M,Australia,Victoria,Bikes,Road Bikes,"Road-750 Black, 52",1,344,540,83,344,427
69291,2011-09-30,30,September,2011,35,Adults (35-64),F,United Kingdom,England,Bikes,Road Bikes,"Road-750 Black, 44",1,344,540,174,344,518
61193,2011-09-30,30,September,2011,55,Adults (35-64),M,United Kingdom,England,Bikes,Road Bikes,"Road-250 Red, 48",1,1519,2443,826,1519,2345
68305,2011-09-30,30,September,2011,54,Adults (35-64),F,Germany,Saarland,Bikes,Road Bikes,"Road-750 Black, 48",2,344,540,198,688,886
52857,2011-10-01,1,October,2011,28,Young Adults (25-34),M,United Kingdom,England,Bikes,Mountain Bikes,"Mountain-200 Black, 38",2,1252,2295,1902,2504,4406
60335,2011-10-01,1,October,2011,36,Adults (35-64),F,United States,California,Bikes,Road Bikes,"Road-650 Red, 62",1,487,783,280,487,767
70117,2011-10-01,1,October,2011,27,Young Adults (25-34),M,Canada,British Columbia,Bikes,Road Bikes,"Road-650 Red, 44",2,487,783,576,974,1550
64661,2011-10-01,1,October,2011,48,Adults (35-64),F,United States,California,Bikes,Road Bikes,"Road-550-W Yellow, 40",3,713,1120,1154,2139,3293
71459,2011-10-01,1,October,2011,62,Adults (35-64),M,United States,California,Bikes,Road Bikes,"Road-150 Red, 56",1,2171,3578,1335,2171,3506
51469,2011-10-01,1,October,2011,53,Adults (35-64),M,Australia,New South Wales,Bikes,Mountain Bikes,"Mountain-200 Black, 42",1,1252,2295,745,1252,1997
51249,2011-10-01,1,October,2011,28,Young Adults (25-34),M,Australia,South Australia,Bikes,Mountain Bikes,"Mountain-200 Silver, 38",1,1266,2320,636,1266,1902
67601,2011-10-01,1,October,2011,40,Adults (35-64),F,Australia,Queensland,Bikes,Road Bikes,"Road-350-W Yellow, 40",2,1083,1701,692,2166,2858
50127,2011-10-02,2,October,2011,29,Young Adults (25-34),F,Australia,New South Wales,Bikes,Mountain Bikes,"Mountain-200 Silver, 38",3,1266,2320,2257,3798,6055
61579,2011-10-02,2,October,2011,47,Adults (35-64),F,United States,California,Bikes,Road Bikes,"Road-350-W Yellow, 42",2,1083,1701,1168,2166,3334
67797,2011-10-02,2,October,2011,46,Adults (35-64),M,United States,California,Bikes,Road Bikes,"Road-150 Red, 52",1,2171,3578,1335,2171,3506
52481,2011-10-02,2,October,2011,28,Young Adults (25-34),F,Australia,New South Wales,Bikes,Mountain Bikes,"Mountain-200 Black, 38",2,1252,2295,1489,2504,3993
59551,2011-10-02,2,October,2011,38,Adults (35-64),F,United Kingdom,England,Bikes,Road Bikes,"Road-250 Red, 44",1,1519,2443,826,1519,2345
52480,2011-10-02,2,October,2011,28,Young Adults (25-34),F,Australia,New South Wales,Bikes,Mountain Bikes,"Mountain-200 Black, 38",3,1252,2295,2234,3756,5990
60951,2011-10-02,2,October,2011,43,Adults (35-64),M,Australia,New South Wales,Bikes,Road Bikes,"Road-150 Red, 52",1,2171,3578,942,2171,3113
51479,2011-10-02,2,October,2011,50,Adults (35-64),M,Australia,Queensland,Bikes,Mountain Bikes,"Mountain-500 Black, 44",1,295,540,159,295,454
65705,2011-10-03,3,October,2011,46,Adults (35-64),M,Australia,New South Wales,Bikes,Road Bikes,"Road-750 Black, 48",4,344,540,503,1376,1879
51473,2011-10-03,3,October,2011,52,Adults (35-64),M,Australia,New South Wales,Bikes,Mountain Bikes,"Mountain-200 Silver, 38",1,1266,2320,752,1266,2018
66207,2011-10-03,3,October,2011,38,Adults (35-64),F,Australia,Victoria,Bikes,Road Bikes,"Road-250 Red, 58",1,1555,2443,375,1555,1930
62809,2011-10-03,3,October,2011,34,Young Adults (25-34),F,Australia,New South Wales,Bikes,Road Bikes,"Road-250 Black, 44",4,1555,2443,2282,6220,8502
59345,2011-10-03,3,October,2011,30,Young Adults (25-34),F,Germany,Hamburg,Bikes,Road Bikes,"Road-250 Black, 44",1,1555,2443,717,1555,2272
68559,2011-10-03,3,October,2011,36,Adults (35-64),M,Australia,South Australia,Bikes,Road Bikes,"Road-550-W Yellow, 48",1,713,1120,205,713,918
57235,2011-10-03,3,October,2011,51,Adults (35-64),M,United States,Washington,Bikes,Mountain Bikes,"Mountain-100 Black, 48",1,1898,3375,735,1898,2633
66503,2011-10-04,4,October,2011,54,Adults (35-64),F,United Kingdom,England,Bikes,Road Bikes,"Road-750 Black, 52",1,344,540,174,344,518
50627,2011-10-04,4,October,2011,38,Adults (35-64),M,United Kingdom,England,Bikes,Mountain Bikes,"Mountain-200 Silver, 42",1,1266,2320,961,1266,2227
59929,2011-10-04,4,October,2011,29,Young Adults (25-34),M,France,Nord,Bikes,Road Bikes,"Road-150 Red, 48",2,2171,3578,1884,4342,6226
67945,2011-10-04,4,October,2011,45,Adults (35-64),F,United States,California,Bikes,Road Bikes,"Road-750 Black, 52",2,344,540,370,688,1058
61283,2011-10-04,4,October,2011,38,Adults (35-64),M,United Kingdom,England,Bikes,Road Bikes,"Road-250 Black, 52",1,1555,2443,790,1555,2345
59515,2011-10-04,4,October,2011,21,Youth (<25),F,United States,California,Bikes,Road Bikes,"Road-550-W Yellow, 40",4,713,1120,1538,2852,4390
61793,2011-10-04,4,October,2011,53,Adults (35-64),M,France,Hauts de Seine,Bikes,Road Bikes,"Road-250 Black, 58",4,1555,2443,2868,6220,9088
57517,2011-10-05,5,October,2011,30,Young Adults (25-34),M,United States,Washington,Bikes,Mountain Bikes,"Mountain-200 Silver, 38",4,1266,2320,2174,5064,7238
61595,2011-10-05,5,October,2011,40,Adults (35-64),M,Germany,Nordrhein-Westfalen,Bikes,Road Bikes,"Road-250 Red, 58",1,1555,2443,570,1555,2125
61175,2011-10-05,5,October,2011,47,Adults (35-64),F,Australia,Victoria,Bikes,Road Bikes,"Road-150 Red, 62",1,2171,3578,656,2171,2827
69845,2011-10-06,6,October,2011,26,Young Adults (25-34),M,Australia,Victoria,Bikes,Road Bikes,"Road-750 Black, 52",1,344,540,83,344,427
51229,2011-10-06,6,October,2011,26,Young Adults (25-34),F,Australia,New South Wales,Bikes,Mountain Bikes,"Mountain-200 Black, 46",3,1252,2295,2234,3756,5990
54177,2011-10-06,6,October,2011,30,Young Adults (25-34),F,United States,California,Bikes,Mountain Bikes,"Mountain-500 Black, 48",4,295,540,937,1180,2117
69877,2011-10-06,6,October,2011,24,Youth (<25),F,Australia,Victoria,Bikes,Road Bikes,"Road-550-W Yellow, 40",2,713,1120,344,1426,1770
58053,2011-10-06,6,October,2011,29,Young Adults (25-34),F,France,Hauts de Seine,Bikes,Mountain Bikes,"Mountain-200 Silver, 46",1,1266,2320,892,1266,2158
49975,2011-10-06,6,October,2011,32,Young Adults (25-34),F,United States,Washington,Bikes,Mountain Bikes,"Mountain-200 Black, 38",3,1252,2295,1614,3756,5370
67261,2011-10-06,6,October,2011,37,Adults (35-64),M,Australia,New South Wales,Bikes,Road Bikes,"Road-350-W Yellow, 42",4,1083,1701,1587,4332,5919
65519,2011-10-07,7,October,2011,36,Adults (35-64),F,Australia,Queensland,Bikes,Road Bikes,"Road-350-W Yellow, 44",3,1083,1701,1038,3249,4287
63167,2011-10-07,7,October,2011,46,Adults (35-64),F,United States,California,Bikes,Road Bikes,"Road-350-W Yellow, 48",2,1083,1701,1168,2166,3334
60953,2011-10-07,7,October,2011,43,Adults (35-64),M,Australia,New South Wales,Bikes,Road Bikes,"Road-150 Red, 52",4,2171,3578,3767,8684,12451
67799,2011-10-07,7,October,2011,46,Adults (35-64),M,United States,California,Bikes,Road Bikes,"Road-150 Red, 52",1,2171,3578,1335,2171,3506
69725,2011-10-07,7,October,2011,37,Adults (35-64),F,Australia,New South Wales,Bikes,Road Bikes,"Road-550-W Yellow, 38",1,713,1120,261,713,974
50167,2011-10-07,7,October,2011,32,Young Adults (25-34),F,Australia,Queensland,Bikes,Mountain Bikes,"Mountain-200 Silver, 42",3,1266,2320,2048,3798,5846
64059,2011-10-07,7,October,2011,41,Adults (35-64),M,Australia,Queensland,Bikes,Road Bikes,"Road-250 Black, 48",1,1555,2443,497,1555,2052
53659,2011-10-08,8,October,2011,28,Young Adults (25-34),F,United Kingdom,England,Bikes,Mountain Bikes,"Mountain-200 Black, 46",1,1252,2295,951,1252,2203
66325,2011-10-08,8,October,2011,41,Adults (35-64),M,Australia,South Australia,Bikes,Road Bikes,"Road-250 Black, 48",3,1555,2443,1345,4665,6010
66235,2011-10-08,8,October,2011,55,Adults (35-64),M,Australia,Victoria,Bikes,Road Bikes,"Road-350-W Yellow, 48",4,1083,1701,1043,4332,5375
55203,2011-10-08,8,October,2011,41,Adults (35-64),F,Australia,New South Wales,Bikes,Mountain Bikes,"Mountain-400-W Silver, 38",4,420,769,996,1680,2676
60895,2011-10-08,8,October,2011,31,Young Adults (25-34),F,Germany,Saarland,Bikes,Road Bikes,"Road-250 Black, 44",3,1555,2443,1345,4665,6010
69631,2011-10-08,8,October,2011,35,Adults (35-64),F,Canada,British Columbia,Bikes,Road Bikes,"Road-750 Black, 52",4,344,540,762,1376,2138
58921,2011-10-08,8,October,2011,21,Youth (<25),M,United States,California,Bikes,Road Bikes,"Road-250 Black, 48",1,1555,2443,839,1555,2394
58625,2011-10-09,9,October,2011,43,Adults (35-64),M,United Kingdom,England,Bikes,Road Bikes,"Road-550-W Yellow, 48",2,713,1120,724,1426,2150
59873,2011-10-09,9,October,2011,27,Young Adults (25-34),M,France,Loir et Cher,Bikes,Road Bikes,"Road-750 Black, 52",3,344,540,410,1032,1442
58051,2011-10-09,9,October,2011,46,Adults (35-64),M,France,Moselle,Bikes,Mountain Bikes,"Mountain-200 Silver, 46",2,1266,2320,1551,2532,4083
61285,2011-10-10,10,October,2011,38,Adults (35-64),M,United Kingdom,England,Bikes,Road Bikes,"Road-250 Black, 52",3,1555,2443,2371,4665,7036
60337,2011-10-10,10,October,2011,36,Adults (35-64),F,United States,California,Bikes,Road Bikes,"Road-650 Red, 62",1,487,783,280,487,767
62905,2011-10-10,10,October,2011,45,Adults (35-64),F,Australia,New South Wales,Bikes,Road Bikes,"Road-550-W Yellow, 40",1,713,1120,261,713,974
51505,2011-10-10,10,October,2011,47,Adults (35-64),F,Australia,New South Wales,Bikes,Mountain Bikes,"Mountain-500 Silver, 42",1,308,565,184,308,492
66191,2011-10-11,11,October,2011,35,Adults (35-64),M,Australia,Tasmania,Bikes,Road Bikes,"Road-350-W Yellow, 48",1,1083,1701,295,1083,1378
69727,2011-10-11,11,October,2011,37,Adults (35-64),F,Australia,New South Wales,Bikes,Road Bikes,"Road-550-W Yellow, 38",3,713,1120,784,2139,2923
57113,2011-10-11,11,October,2011,44,Adults (35-64),F,Canada,British Columbia,Bikes,Mountain Bikes,"Mountain-500 Black, 42",4,295,540,958,1180,2138
59869,2011-10-11,11,October,2011,26,Young Adults (25-34),F,France,Moselle,Bikes,Road Bikes,"Road-750 Black, 58",1,344,540,131,344,475
60829,2011-10-11,11,October,2011,26,Young Adults (25-34),M,Germany,Bayern,Bikes,Road Bikes,"Road-250 Red, 48",1,1519,2443,900,1519,2419
66195,2011-10-11,11,October,2011,37,Adults (35-64),F,Australia,South Australia,Bikes,Road Bikes,"Road-350-W Yellow, 40",4,1083,1701,1247,4332,5579
51449,2011-10-11,11,October,2011,28,Young Adults (25-34),M,Australia,Tasmania,Bikes,Mountain Bikes,"Mountain-200 Black, 42",1,1252,2295,607,1252,1859
61345,2011-10-12,12,October,2011,53,Adults (35-64),F,United Kingdom,England,Bikes,Road Bikes,"Road-250 Black, 52",1,1555,2443,790,1555,2345
58495,2011-10-12,12,October,2011,45,Adults (35-64),M,United States,Washington,Bikes,Road Bikes,"Road-150 Red, 56",1,2171,3578,620,2171,2791
63943,2011-10-12,12,October,2011,39,Adults (35-64),F,Australia,Queensland,Bikes,Road Bikes,"Road-350-W Yellow, 48",1,1083,1701,346,1083,1429
59993,2011-10-12,12,October,2011,32,Young Adults (25-34),F,France,Nord,Bikes,Road Bikes,"Road-150 Red, 44",1,2171,3578,942,2171,3113
69765,2011-10-12,12,October,2011,57,Adults (35-64),M,Australia,Queensland,Bikes,Road Bikes,"Road-550-W Yellow, 42",1,713,1120,228,713,941
70263,2011-10-12,12,October,2011,44,Adults (35-64),F,Australia,New South Wales,Bikes,Road Bikes,"Road-750 Black, 44",1,344,540,126,344,470
64769,2011-10-12,12,October,2011,26,Young Adults (25-34),F,Australia,New South Wales,Bikes,Road Bikes,"Road-250 Red, 58",1,1555,2443,570,1555,2125
56301,2011-10-12,12,October,2011,37,Adults (35-64),M,United Kingdom,England,Bikes,Mountain Bikes,"Mountain-500 Silver, 40",3,308,565,703,924,1627
69715,2011-10-12,12,October,2011,37,Adults (35-64),M,Australia,Victoria,Bikes,Road Bikes,"Road-550-W Yellow, 48",4,713,1120,687,2852,3539
66723,2011-10-12,12,October,2011,27,Young Adults (25-34),M,United Kingdom,England,Bikes,Road Bikes,"Road-750 Black, 48",2,344,540,349,688,1037
64709,2011-10-12,12,October,2011,41,Adults (35-64),M,Germany,Bayern,Bikes,Road Bikes,"Road-650 Black, 52",2,487,783,576,974,1550
70635,2011-10-12,12,October,2011,41,Adults (35-64),M,Australia,New South Wales,Bikes,Road Bikes,"Road-750 Black, 48",4,344,540,503,1376,1879
65725,2011-10-13,13,October,2011,40,Adults (35-64),M,Australia,Queensland,Bikes,Road Bikes,"Road-250 Black, 48",4,1555,2443,1988,6220,8208
71561,2011-10-13,13,October,2011,55,Adults (35-64),M,Australia,New South Wales,Bikes,Road Bikes,"Road-750 Black, 44",1,344,540,126,344,470
64079,2011-10-13,13,October,2011,40,Adults (35-64),F,Australia,New South Wales,Bikes,Road Bikes,"Road-250 Black, 52",3,1555,2443,1711,4665,6376
51489,2011-10-13,13,October,2011,50,Adults (35-64),M,Australia,New South Wales,Bikes,Mountain Bikes,"Mountain-500 Black, 48",4,295,540,699,1180,1879
71541,2011-10-13,13,October,2011,18,Youth (<25),F,United States,Washington,Bikes,Road Bikes,"Road-150 Red, 56",3,2171,3578,1860,6513,8373
63825,2011-10-13,13,October,2011,30,Young Adults (25-34),M,Germany,Saarland,Bikes,Road Bikes,"Road-650 Red, 52",1,487,783,155,487,642
66305,2011-10-13,13,October,2011,45,Adults (35-64),M,Australia,South Australia,Bikes,Road Bikes,"Road-750 Black, 44",1,344,540,99,344,443
67447,2011-10-13,13,October,2011,32,Young Adults (25-34),M,United States,Oregon,Bikes,Road Bikes,"Road-750 Black, 52",2,344,540,241,688,929
54451,2011-10-13,13,October,2011,31,Young Adults (25-34),F,United States,California,Bikes,Mountain Bikes,"Mountain-200 Black, 38",1,1252,2295,997,1252,2249
51515,2011-10-13,13,October,2011,47,Adults (35-64),M,Australia,New South Wales,Bikes,Mountain Bikes,"Mountain-500 Silver, 52",1,308,565,184,308,492
50629,2011-10-13,13,October,2011,38,Adults (35-64),M,United Kingdom,England,Bikes,Mountain Bikes,"Mountain-200 Silver, 42",1,1266,2320,961,1266,2227
54981,2011-10-13,13,October,2011,43,Adults (35-64),M,Australia,New South Wales,Bikes,Mountain Bikes,"Mountain-200 Black, 42",3,1252,2295,2234,3756,5990
64477,2011-10-13,13,October,2011,29,Young Adults (25-34),M,Australia,South Australia,Bikes,Road Bikes,"Road-350-W Yellow, 40",1,1083,1701,312,1083,1395
69729,2011-10-14,14,October,2011,37,Adults (35-64),F,Australia,New South Wales,Bikes,Road Bikes,"Road-550-W Yellow, 38",4,713,1120,1046,2852,3898
64711,2011-10-14,14,October,2011,42,Adults (35-64),F,Germany,Hessen,Bikes,Road Bikes,"Road-650 Red, 62",1,487,783,241,487,728
64617,2011-10-14,14,October,2011,45,Adults (35-64),F,Australia,Victoria,Bikes,Road Bikes,"Road-750 Black, 48",2,344,540,165,688,853
53375,2011-10-14,14,October,2011,28,Young Adults (25-34),M,Australia,Queensland,Bikes,Mountain Bikes,"Mountain-200 Silver, 42",1,1266,2320,683,1266,1949
60885,2011-10-14,14,October,2011,31,Young Adults (25-34),M,Germany,Bayern,Bikes,Road Bikes,"Road-250 Red, 52",1,1519,2443,900,1519,2419
59479,2011-10-14,14,October,2011,48,Adults (35-64),F,Australia,New South Wales,Bikes,Road Bikes,"Road-550-W Yellow, 38",3,713,1120,784,2139,2923
54321,2011-10-15,15,October,2011,27,Young Adults (25-34),F,United Kingdom,England,Bikes,Mountain Bikes,"Mountain-200 Silver, 38",1,1266,2320,961,1266,2227
64061,2011-10-15,15,October,2011,41,Adults (35-64),M,Australia,Queensland,Bikes,Road Bikes,"Road-250 Black, 48",4,1555,2443,1988,6220,8208
63543,2011-10-15,15,October,2011,29,Young Adults (25-34),F,United Kingdom,England,Bikes,Road Bikes,"Road-550-W Yellow, 38",1,713,1120,362,713,1075
61509,2011-10-15,15,October,2011,57,Adults (35-64),M,Australia,New South Wales,Bikes,Road Bikes,"Road-150 Red, 52",4,2171,3578,3767,8684,12451
68745,2011-10-15,15,October,2011,24,Youth (<25),F,Australia,Tasmania,Bikes,Road Bikes,"Road-550-W Yellow, 48",3,713,1120,583,2139,2722
58697,2011-10-15,15,October,2011,43,Adults (35-64),F,United States,Washington,Bikes,Road Bikes,"Road-150 Red, 62",3,2171,3578,1860,6513,8373
60269,2011-10-16,16,October,2011,47,Adults (35-64),M,United States,California,Bikes,Road Bikes,"Road-650 Red, 60",4,487,783,1121,1948,3069
58049,2011-10-16,16,October,2011,46,Adults (35-64),F,France,Val de Marne,Bikes,Mountain Bikes,"Mountain-200 Black, 46",4,1252,2295,2244,5008,7252
53661,2011-10-16,16,October,2011,28,Young Adults (25-34),F,United Kingdom,England,Bikes,Mountain Bikes,"Mountain-200 Black, 46",1,1252,2295,951,1252,2203
64915,2011-10-16,16,October,2011,42,Adults (35-64),F,United States,Washington,Bikes,Road Bikes,"Road-750 Black, 48",2,344,540,154,688,842
60267,2011-10-16,16,October,2011,47,Adults (35-64),F,United States,Texas,Bikes,Road Bikes,"Road-650 Red, 62",2,487,783,294,974,1268
64749,2011-10-16,16,October,2011,46,Adults (35-64),F,Germany,Saarland,Bikes,Road Bikes,"Road-650 Red, 62",1,487,783,155,487,642
59553,2011-10-16,16,October,2011,38,Adults (35-64),F,United Kingdom,England,Bikes,Road Bikes,"Road-250 Red, 44",1,1519,2443,826,1519,2345
65521,2011-10-16,16,October,2011,36,Adults (35-64),F,Australia,Queensland,Bikes,Road Bikes,"Road-350-W Yellow, 44",3,1083,1701,1038,3249,4287
51685,2011-10-16,16,October,2011,50,Adults (35-64),M,United States,California,Bikes,Mountain Bikes,"Mountain-200 Black, 46",1,1252,2295,997,1252,2249
63169,2011-10-17,17,October,2011,46,Adults (35-64),F,United States,California,Bikes,Road Bikes,"Road-350-W Yellow, 48",1,1083,1701,584,1083,1667
59367,2011-10-17,17,October,2011,33,Young Adults (25-34),M,Germany,Bayern,Bikes,Road Bikes,"Road-150 Red, 62",2,2171,3578,2742,4342,7084
64683,2011-10-17,17,October,2011,45,Adults (35-64),F,United States,Washington,Bikes,Road Bikes,"Road-250 Black, 52",3,1555,2443,1052,4665,5717
60823,2011-10-17,17,October,2011,26,Young Adults (25-34),F,Germany,Hessen,Bikes,Road Bikes,"Road-250 Red, 58",1,1555,2443,717,1555,2272
57419,2011-10-17,17,October,2011,27,Young Adults (25-34),M,United States,California,Bikes,Mountain Bikes,"Mountain-200 Silver, 38",1,1266,2320,1008,1266,2274
61123,2011-10-17,17,October,2011,30,Young Adults (25-34),M,France,Seine Saint Denis,Bikes,Road Bikes,"Road-250 Black, 48",4,1555,2443,1793,6220,8013
57481,2011-10-18,18,October,2011,51,Adults (35-64),M,United States,Oregon,Bikes,Mountain Bikes,"Mountain-200 Black, 38",4,1252,2295,2887,5008,7895
63171,2011-10-18,18,October,2011,46,Adults (35-64),F,United States,California,Bikes,Road Bikes,"Road-350-W Yellow, 48",1,1083,1701,584,1083,1667
52119,2011-10-18,18,October,2011,27,Young Adults (25-34),M,Australia,New South Wales,Bikes,Mountain Bikes,"Mountain-200 Black, 38",1,1252,2295,745,1252,1997
57455,2011-10-18,18,October,2011,30,Young Adults (25-34),F,United States,Washington,Bikes,Mountain Bikes,"Mountain-200 Silver, 38",1,1266,2320,544,1266,1810
51485,2011-10-18,18,October,2011,50,Adults (35-64),M,Australia,Victoria,Bikes,Mountain Bikes,"Mountain-500 Silver, 40",1,308,565,138,308,446
50151,2011-10-18,18,October,2011,28,Young Adults (25-34),F,Australia,Victoria,Bikes,Mountain Bikes,"Mountain-200 Black, 42",1,1252,2295,561,1252,1813
57919,2011-10-18,18,October,2011,28,Young Adults (25-34),M,United States,California,Bikes,Mountain Bikes,"Mountain-200 Black, 38",1,1252,2295,997,1252,2249
55465,2011-10-19,19,October,2011,26,Young Adults (25-34),M,Australia,New South Wales,Bikes,Mountain Bikes,"Mountain-400-W Silver, 46",2,420,769,498,840,1338
51423,2011-10-19,19,October,2011,28,Young Adults (25-34),F,Australia,Queensland,Bikes,Mountain Bikes,"Mountain-200 Black, 38",3,1252,2295,2027,3756,5783
58497,2011-10-19,19,October,2011,45,Adults (35-64),M,United States,Washington,Bikes,Road Bikes,"Road-150 Red, 56",2,2171,3578,1240,4342,5582
70433,2011-10-19,19,October,2011,46,Adults (35-64),M,United Kingdom,England,Bikes,Road Bikes,"Road-750 Black, 58",4,344,540,698,1376,2074
69683,2011-10-19,19,October,2011,31,Young Adults (25-34),M,Australia,Victoria,Bikes,Road Bikes,"Road-550-W Yellow, 44",1,713,1120,172,713,885
51729,2011-10-19,19,October,2011,41,Adults (35-64),F,Canada,British Columbia,Bikes,Mountain Bikes,"Mountain-200 Black, 38",2,1252,2295,2040,2504,4544
69963,2011-10-19,19,October,2011,56,Adults (35-64),M,Australia,New South Wales,Bikes,Road Bikes,"Road-550-W Yellow, 44",3,713,1120,784,2139,2923
50187,2011-10-19,19,October,2011,29,Young Adults (25-34),M,Australia,New South Wales,Bikes,Mountain Bikes,"Mountain-200 Black, 46",3,1252,2295,2234,3756,5990
66331,2011-10-19,19,October,2011,41,Adults (35-64),M,Australia,Victoria,Bikes,Road Bikes,"Road-250 Red, 58",1,1555,2443,375,1555,1930
52303,2011-10-19,19,October,2011,29,Young Adults (25-34),M,France,Hauts de Seine,Bikes,Mountain Bikes,"Mountain-200 Black, 46",1,1252,2295,882,1252,2134
50229,2011-10-19,19,October,2011,51,Adults (35-64),F,Australia,New South Wales,Bikes,Mountain Bikes,"Mountain-200 Silver, 42",1,1266,2320,752,1266,2018
57787,2011-10-19,19,October,2011,31,Young Adults (25-34),F,United States,Washington,Bikes,Mountain Bikes,"Mountain-200 Silver, 38",1,1266,2320,544,1266,1810
64359,2011-10-20,20,October,2011,26,Young Adults (25-34),F,France,Seine (Paris),Bikes,Road Bikes,"Road-250 Red, 58",1,1555,2443,448,1555,2003
59959,2011-10-20,20,October,2011,30,Young Adults (25-34),M,France,Essonne,Bikes,Road Bikes,"Road-150 Red, 48",3,2171,3578,3792,6513,10305
51237,2011-10-20,20,October,2011,26,Young Adults (25-34),F,Australia,Queensland,Bikes,Mountain Bikes,"Mountain-200 Silver, 38",3,1266,2320,2048,3798,5846
63545,2011-10-20,20,October,2011,29,Young Adults (25-34),F,United Kingdom,England,Bikes,Road Bikes,"Road-550-W Yellow, 38",1,713,1120,362,713,1075
59033,2011-10-20,20,October,2011,61,Adults (35-64),M,United States,Washington,Bikes,Road Bikes,"Road-250 Black, 48",1,1555,2443,351,1555,1906
66725,2011-10-20,20,October,2011,27,Young Adults (25-34),M,United Kingdom,England,Bikes,Road Bikes,"Road-750 Black, 48",1,344,540,174,344,518
58513,2011-10-20,20,October,2011,39,Adults (35-64),M,United Kingdom,England,Bikes,Road Bikes,"Road-150 Red, 44",2,2171,3578,2528,4342,6870
69633,2011-10-20,20,October,2011,35,Adults (35-64),F,Canada,British Columbia,Bikes,Road Bikes,"Road-750 Black, 52",1,344,540,191,344,535
69895,2011-10-20,20,October,2011,29,Young Adults (25-34),M,Canada,British Columbia,Bikes,Road Bikes,"Road-750 Black, 48",1,344,540,191,344,535
71469,2011-10-21,21,October,2011,61,Adults (35-64),F,United States,California,Bikes,Road Bikes,"Road-150 Red, 52",2,2171,3578,2671,4342,7013
51527,2011-10-21,21,October,2011,44,Adults (35-64),M,Australia,South Australia,Bikes,Mountain Bikes,"Mountain-200 Black, 42",2,1252,2295,1260,2504,3764
56907,2011-10-21,21,October,2011,28,Young Adults (25-34),M,France,Seine (Paris),Bikes,Mountain Bikes,"Mountain-400-W Silver, 46",4,420,769,842,1680,2522
50383,2011-10-21,21,October,2011,52,Adults (35-64),M,United States,California,Bikes,Mountain Bikes,"Mountain-200 Silver, 46",2,1266,2320,2015,2532,4547
66229,2011-10-21,21,October,2011,57,Adults (35-64),F,Australia,Victoria,Bikes,Road Bikes,"Road-750 Black, 58",3,344,540,248,1032,1280
59555,2011-10-21,21,October,2011,38,Adults (35-64),F,United Kingdom,England,Bikes,Road Bikes,"Road-150 Red, 56",1,2171,3578,1264,2171,3435
55345,2011-10-21,21,October,2011,32,Young Adults (25-34),F,Australia,New South Wales,Bikes,Mountain Bikes,"Mountain-400-W Silver, 40",1,420,769,249,420,669
63247,2011-10-21,21,October,2011,44,Adults (35-64),F,Germany,Hessen,Bikes,Road Bikes,"Road-650 Red, 60",3,487,783,724,1461,2185
66119,2011-10-21,21,October,2011,23,Youth (<25),M,Australia,New South Wales,Bikes,Road Bikes,"Road-250 Black, 58",1,1555,2443,570,1555,2125
55515,2011-10-21,21,October,2011,32,Young Adults (25-34),F,Australia,Victoria,Bikes,Mountain Bikes,"Mountain-400-W Silver, 46",1,420,769,188,420,608
69031,2011-10-22,22,October,2011,25,Young Adults (25-34),F,Canada,British Columbia,Bikes,Road Bikes,"Road-250 Red, 52",1,1519,2443,900,1519,2419
67671,2011-10-22,22,October,2011,35,Adults (35-64),M,Canada,British Columbia,Bikes,Road Bikes,"Road-750 Black, 52",2,344,540,381,688,1069
63481,2011-10-22,22,October,2011,37,Adults (35-64),M,United Kingdom,England,Bikes,Road Bikes,"Road-350-W Yellow, 40",1,1083,1701,550,1083,1633
67947,2011-10-22,22,October,2011,45,Adults (35-64),F,United States,California,Bikes,Road Bikes,"Road-750 Black, 52",1,344,540,185,344,529
59989,2011-10-22,22,October,2011,32,Young Adults (25-34),M,Germany,Hamburg,Bikes,Road Bikes,"Road-250 Black, 58",3,1555,2443,2151,4665,6816
68025,2011-10-22,22,October,2011,30,Young Adults (25-34),M,Germany,Bayern,Bikes,Road Bikes,"Road-750 Black, 48",4,344,540,762,1376,2138
53999,2011-10-22,22,October,2011,32,Young Adults (25-34),F,United States,California,Bikes,Mountain Bikes,"Mountain-200 Silver, 46",1,1266,2320,1008,1266,2274
63471,2011-10-23,23,October,2011,36,Adults (35-64),M,France,Hauts de Seine,Bikes,Road Bikes,"Road-350-W Yellow, 44",1,1083,1701,499,1083,1582
51497,2011-10-23,23,October,2011,47,Adults (35-64),F,Australia,Queensland,Bikes,Mountain Bikes,"Mountain-200 Black, 46",1,1252,2295,676,1252,1928
51553,2011-10-23,23,October,2011,42,Adults (35-64),M,Australia,South Australia,Bikes,Mountain Bikes,"Mountain-200 Black, 38",1,1252,2295,630,1252,1882
61799,2011-10-23,23,October,2011,43,Adults (35-64),M,France,Seine Saint Denis,Bikes,Road Bikes,"Road-250 Black, 52",1,1555,2443,448,1555,2003
51441,2011-10-23,23,October,2011,27,Young Adults (25-34),F,Australia,South Australia,Bikes,Mountain Bikes,"Mountain-200 Black, 46",1,1252,2295,630,1252,1882
49407,2011-10-23,23,October,2011,42,Adults (35-64),M,Australia,Victoria,Bikes,Mountain Bikes,"Mountain-200 Silver, 46",1,1266,2320,567,1266,1833
65293,2011-10-23,23,October,2011,29,Young Adults (25-34),M,United Kingdom,England,Bikes,Road Bikes,"Road-350-W Yellow, 48",1,1083,1701,550,1083,1633
55125,2011-10-24,24,October,2011,41,Adults (35-64),M,Australia,New South Wales,Bikes,Mountain Bikes,"Mountain-200 Silver, 46",2,1266,2320,1505,2532,4037
51523,2011-10-24,24,October,2011,44,Adults (35-64),F,Australia,Queensland,Bikes,Mountain Bikes,"Mountain-400-W Silver, 38",1,420,769,226,420,646
53835,2011-10-24,24,October,2011,30,Young Adults (25-34),F,Australia,New South Wales,Bikes,Mountain Bikes,"Mountain-200 Silver, 38",1,1266,2320,752,1266,2018
59865,2011-10-24,24,October,2011,27,Young Adults (25-34),F,France,Loiret,Bikes,Road Bikes,"Road-750 Black, 48",3,344,540,410,1032,1442
70119,2011-10-24,24,October,2011,27,Young Adults (25-34),M,Canada,British Columbia,Bikes,Road Bikes,"Road-650 Red, 44",1,487,783,288,487,775
71555,2011-10-24,24,October,2011,19,Youth (<25),M,Canada,British Columbia,Bikes,Road Bikes,"Road-150 Red, 56",3,2171,3578,4114,6513,10627
51731,2011-10-24,24,October,2011,41,Adults (35-64),F,Canada,British Columbia,Bikes,Mountain Bikes,"Mountain-200 Black, 38",2,1252,2295,2040,2504,4544
65065,2011-10-24,24,October,2011,27,Young Adults (25-34),F,United Kingdom,England,Bikes,Road Bikes,"Road-350-W Yellow, 48",2,1083,1701,1100,2166,3266
61425,2011-10-24,24,October,2011,39,Adults (35-64),F,Australia,Victoria,Bikes,Road Bikes,"Road-150 Red, 56",1,2171,3578,656,2171,2827
69935,2011-10-25,25,October,2011,37,Adults (35-64),F,Canada,British Columbia,Bikes,Road Bikes,"Road-650 Red, 60",1,487,783,288,487,775
51457,2011-10-25,25,October,2011,31,Young Adults (25-34),F,Australia,Victoria,Bikes,Mountain Bikes,"Mountain-200 Black, 46",4,1252,2295,2244,5008,7252
68735,2011-10-25,25,October,2011,24,Youth (<25),F,Australia,Queensland,Bikes,Road Bikes,"Road-550-W Yellow, 42",1,713,1120,228,713,941
58057,2011-10-25,25,October,2011,23,Youth (<25),M,France,Seine (Paris),Bikes,Mountain Bikes,"Mountain-200 Black, 38",3,1252,2295,1890,3756,5646
54001,2011-10-25,25,October,2011,32,Young Adults (25-34),F,United States,California,Bikes,Mountain Bikes,"Mountain-200 Silver, 46",4,1266,2320,4030,5064,9094
54231,2011-10-25,25,October,2011,28,Young Adults (25-34),M,Australia,Victoria,Bikes,Mountain Bikes,"Mountain-200 Black, 38",4,1252,2295,2244,5008,7252
63215,2011-10-25,25,October,2011,41,Adults (35-64),M,Germany,Nordrhein-Westfalen,Bikes,Road Bikes,"Road-550-W Yellow, 40",2,713,1120,523,1426,1949
53105,2011-10-26,26,October,2011,51,Adults (35-64),F,United States,California,Bikes,Mountain Bikes,"Mountain-400-W Silver, 42",1,420,769,334,420,754
59967,2011-10-26,26,October,2011,32,Young Adults (25-34),M,France,Seine (Paris),Bikes,Road Bikes,"Road-150 Red, 48",1,2171,3578,763,2171,2934
55773,2011-10-26,26,October,2011,27,Young Adults (25-34),M,United Kingdom,England,Bikes,Mountain Bikes,"Mountain-400-W Silver, 46",2,420,769,636,840,1476
67869,2011-10-26,26,October,2011,23,Youth (<25),F,Australia,New South Wales,Bikes,Road Bikes,"Road-350-W Yellow, 42",1,1083,1701,397,1083,1480
67565,2011-10-26,26,October,2011,46,Adults (35-64),F,Australia,Victoria,Bikes,Road Bikes,"Road-750 Black, 48",1,344,540,83,344,427
69767,2011-10-26,26,October,2011,57,Adults (35-64),M,Australia,Queensland,Bikes,Road Bikes,"Road-550-W Yellow, 42",1,713,1120,228,713,941
61801,2011-10-26,26,October,2011,47,Adults (35-64),F,France,Nord,Bikes,Road Bikes,"Road-250 Red, 52",1,1519,2443,606,1519,2125
49455,2011-10-26,26,October,2011,40,Adults (35-64),M,Australia,Victoria,Bikes,Mountain Bikes,"Mountain-200 Black, 42",3,1252,2295,1683,3756,5439
63661,2011-10-26,26,October,2011,37,Adults (35-64),F,United States,Oregon,Bikes,Road Bikes,"Road-550-W Yellow, 42",1,713,1120,250,713,963
68901,2011-10-27,27,October,2011,36,Adults (35-64),F,Australia,Victoria,Bikes,Road Bikes,"Road-550-W Yellow, 48",1,713,1120,172,713,885
65911,2011-10-27,27,October,2011,30,Young Adults (25-34),M,Canada,British Columbia,Bikes,Road Bikes,"Road-750 Black, 52",1,344,540,191,344,535
67937,2011-10-27,27,October,2011,47,Adults (35-64),M,Canada,British Columbia,Bikes,Road Bikes,"Road-750 Black, 58",3,344,540,572,1032,1604
59517,2011-10-28,28,October,2011,21,Youth (<25),F,United States,California,Bikes,Road Bikes,"Road-550-W Yellow, 40",1,713,1120,385,713,1098
66505,2011-10-28,28,October,2011,54,Adults (35-64),F,United Kingdom,England,Bikes,Road Bikes,"Road-750 Black, 52",4,344,540,698,1376,2074
66727,2011-10-28,28,October,2011,27,Young Adults (25-34),M,United Kingdom,England,Bikes,Road Bikes,"Road-750 Black, 48",4,344,540,698,1376,2074
69055,2011-10-28,28,October,2011,31,Young Adults (25-34),M,Germany,Hessen,Bikes,Road Bikes,"Road-750 Black, 44",3,344,540,475,1032,1507
69789,2011-10-28,28,October,2011,54,Adults (35-64),M,Australia,Queensland,Bikes,Road Bikes,"Road-550-W Yellow, 48",2,713,1120,456,1426,1882
61389,2011-10-28,28,October,2011,42,Adults (35-64),M,Australia,New South Wales,Bikes,Road Bikes,"Road-150 Red, 44",1,2171,3578,942,2171,3113
63891,2011-10-29,29,October,2011,32,Young Adults (25-34),M,Australia,Queensland,Bikes,Road Bikes,"Road-350-W Yellow, 42",1,1083,1701,346,1083,1429
64703,2011-10-29,29,October,2011,40,Adults (35-64),F,Germany,Hamburg,Bikes,Road Bikes,"Road-650 Red, 62",1,487,783,241,487,728
63025,2011-10-29,29,October,2011,29,Young Adults (25-34),F,Australia,New South Wales,Bikes,Road Bikes,"Road-250 Black, 44",3,1555,2443,1711,4665,6376
51435,2011-10-29,29,October,2011,27,Young Adults (25-34),F,Australia,Queensland,Bikes,Mountain Bikes,"Mountain-200 Silver, 38",1,1266,2320,683,1266,1949
70265,2011-10-29,29,October,2011,44,Adults (35-64),F,Australia,New South Wales,Bikes,Road Bikes,"Road-750 Black, 44",4,344,540,503,1376,1879
50169,2011-10-29,29,October,2011,32,Young Adults (25-34),F,Australia,Queensland,Bikes,Mountain Bikes,"Mountain-200 Silver, 42",2,1266,2320,1366,2532,3898
66185,2011-10-30,30,October,2011,33,Young Adults (25-34),F,Australia,Victoria,Bikes,Road Bikes,"Road-250 Black, 58",4,1555,2443,1500,6220,7720
52845,2011-10-30,30,October,2011,27,Young Adults (25-34),M,France,Essonne,Bikes,Mountain Bikes,"Mountain-200 Black, 42",2,1252,2295,1902,2504,4406
66313,2011-10-30,30,October,2011,42,Adults (35-64),F,Australia,Victoria,Bikes,Road Bikes,"Road-750 Black, 48",3,344,540,248,1032,1280
63607,2011-10-30,30,October,2011,30,Young Adults (25-34),F,France,Seine (Paris),Bikes,Road Bikes,"Road-650 Black, 52",1,487,783,155,487,642
60193,2011-10-30,30,October,2011,53,Adults (35-64),M,France,Seine (Paris),Bikes,Road Bikes,"Road-150 Red, 48",3,2171,3578,2289,6513,8802
60003,2011-10-30,30,October,2011,33,Young Adults (25-34),F,France,Essonne,Bikes,Road Bikes,"Road-150 Red, 44",3,2171,3578,3792,6513,10305
51239,2011-10-30,30,October,2011,26,Young Adults (25-34),F,Australia,Queensland,Bikes,Mountain Bikes,"Mountain-200 Silver, 38",3,1266,2320,2048,3798,5846
59025,2011-10-30,30,October,2011,36,Adults (35-64),F,United States,Oregon,Bikes,Road Bikes,"Road-250 Black, 58",1,1555,2443,546,1555,2101
58247,2011-10-30,30,October,2011,43,Adults (35-64),F,United States,California,Bikes,Road Bikes,"Road-150 Red, 44",1,2171,3578,1335,2171,3506
68987,2011-10-30,30,October,2011,54,Adults (35-64),M,Australia,New South Wales,Bikes,Road Bikes,"Road-650 Black, 52",1,487,783,194,487,681
55829,2011-10-30,30,October,2011,51,Adults (35-64),M,United States,California,Bikes,Mountain Bikes,"Mountain-400-W Silver, 38",4,420,769,1334,1680,3014
59731,2011-10-30,30,October,2011,23,Youth (<25),M,United States,California,Bikes,Road Bikes,"Road-550-W Yellow, 42",3,713,1120,1154,2139,3293
69775,2011-10-31,31,October,2011,57,Adults (35-64),M,Australia,Victoria,Bikes,Road Bikes,"Road-550-W Yellow, 48",1,713,1120,172,713,885
60899,2011-10-31,31,October,2011,32,Young Adults (25-34),F,Germany,Hamburg,Bikes,Road Bikes,"Road-250 Black, 44",1,1555,2443,717,1555,2272
59519,2011-10-31,31,October,2011,21,Youth (<25),F,United States,California,Bikes,Road Bikes,"Road-550-W Yellow, 40",2,713,1120,769,1426,2195
70067,2011-10-31,31,October,2011,39,Adults (35-64),F,United Kingdom,England,Bikes,Road Bikes,"Road-750 Black, 48",1,344,540,174,344,518
67949,2011-10-31,31,October,2011,45,Adults (35-64),F,United States,California,Bikes,Road Bikes,"Road-750 Black, 52",2,344,540,370,688,1058
59825,2011-11-01,1,November,2011,37,Adults (35-64),M,United States,California,Bikes,Road Bikes,"Road-650 Red, 48",1,487,783,280,487,767
64751,2011-11-01,1,November,2011,48,Adults (35-64),M,Germany,Hessen,Bikes,Road Bikes,"Road-650 Black, 60",1,487,783,241,487,728
59143,2011-11-01,1,November,2011,56,Adults (35-64),F,United States,Oregon,Bikes,Road Bikes,"Road-250 Black, 52",1,1555,2443,546,1555,2101
63255,2011-11-01,1,November,2011,44,Adults (35-64),M,United Kingdom,England,Bikes,Road Bikes,"Road-550-W Yellow, 48",1,713,1120,362,713,1075
69333,2011-11-01,1,November,2011,17,Youth (<25),M,Australia,Victoria,Bikes,Road Bikes,"Road-750 Black, 48",3,344,540,248,1032,1280
68259,2011-11-01,1,November,2011,20,Youth (<25),M,Australia,Victoria,Bikes,Road Bikes,"Road-750 Black, 44",1,344,540,83,344,427
52573,2011-11-02,2,November,2011,19,Youth (<25),M,United States,California,Bikes,Mountain Bikes,"Mountain-400-W Silver, 42",4,420,769,1334,1680,3014
69129,2011-11-02,2,November,2011,17,Youth (<25),M,Australia,New South Wales,Bikes,Road Bikes,"Road-650 Red, 48",3,487,783,583,1461,2044
69335,2011-11-02,2,November,2011,17,Youth (<25),M,Australia,Victoria,Bikes,Road Bikes,"Road-750 Black, 48",3,344,540,248,1032,1280
50467,2011-11-02,2,November,2011,41,Adults (35-64),F,Germany,Hessen,Bikes,Mountain Bikes,"Mountain-200 Silver, 46",4,1266,2320,3566,5064,8630
54661,2011-11-03,3,November,2011,47,Adults (35-64),F,United States,Washington,Bikes,Mountain Bikes,"Mountain-500 Silver, 40",1,308,565,133,308,441
59597,2011-11-03,3,November,2011,28,Young Adults (25-34),M,United Kingdom,England,Bikes,Road Bikes,"Road-150 Red, 62",4,2171,3578,5056,8684,13740
66141,2011-11-03,3,November,2011,24,Youth (<25),F,Australia,New South Wales,Bikes,Road Bikes,"Road-250 Black, 52",2,1555,2443,1141,3110,4251
56787,2011-11-03,3,November,2011,45,Adults (35-64),F,Canada,British Columbia,Bikes,Mountain Bikes,"Mountain-200 Silver, 38",1,1266,2320,1031,1266,2297
61221,2011-11-03,3,November,2011,18,Youth (<25),F,Australia,Queensland,Bikes,Road Bikes,"Road-150 Red, 62",4,2171,3578,3338,8684,12022
59099,2011-11-03,3,November,2011,29,Young Adults (25-34),M,Germany,Saarland,Bikes,Road Bikes,"Road-150 Red, 52",1,2171,3578,763,2171,2934
59035,2011-11-04,4,November,2011,58,Adults (35-64),F,United States,Oregon,Bikes,Road Bikes,"Road-250 Black, 52",1,1555,2443,546,1555,2101
68061,2011-11-05,5,November,2011,34,Young Adults (25-34),F,Germany,Hessen,Bikes,Road Bikes,"Road-750 Black, 48",1,344,540,158,344,502
68625,2011-11-05,5,November,2011,25,Young Adults (25-34),M,Australia,Queensland,Bikes,Road Bikes,"Road-550-W Yellow, 40",1,713,1120,228,713,941
70589,2011-11-05,5,November,2011,31,Young Adults (25-34),F,United States,Oregon,Bikes,Road Bikes,"Road-150 Red, 52",1,2171,3578,906,2171,3077
63373,2011-11-05,5,November,2011,25,Young Adults (25-34),F,Australia,New South Wales,Bikes,Road Bikes,"Road-250 Black, 52",3,1555,2443,1711,4665,6376
70969,2011-11-05,5,November,2011,24,Youth (<25),F,Germany,Nordrhein-Westfalen,Bikes,Road Bikes,"Road-550-W Yellow, 42",2,713,1120,523,1426,1949
67307,2011-11-05,5,November,2011,25,Young Adults (25-34),M,United States,California,Bikes,Road Bikes,"Road-750 Black, 52",1,344,540,185,344,529
60339,2011-11-06,6,November,2011,36,Adults (35-64),F,United States,California,Bikes,Road Bikes,"Road-650 Red, 62",2,487,783,561,974,1535
60053,2011-11-06,6,November,2011,24,Youth (<25),F,France,Seine et Marne,Bikes,Road Bikes,"Road-250 Red, 58",3,1555,2443,1345,4665,6010
69879,2011-11-06,6,November,2011,24,Youth (<25),F,Australia,Victoria,Bikes,Road Bikes,"Road-550-W Yellow, 40",1,713,1120,172,713,885
69369,2011-11-06,6,November,2011,19,Youth (<25),F,Australia,Queensland,Bikes,Road Bikes,"Road-750 Black, 52",1,344,540,110,344,454
62223,2011-11-06,6,November,2011,29,Young Adults (25-34),F,France,Seine Saint Denis,Bikes,Road Bikes,"Road-550-W Yellow, 48",1,713,1120,205,713,918
64081,2011-11-06,6,November,2011,40,Adults (35-64),F,Australia,New South Wales,Bikes,Road Bikes,"Road-250 Black, 52",1,1555,2443,570,1555,2125
60927,2011-11-06,6,November,2011,35,Adults (35-64),F,Germany,Hessen,Bikes,Road Bikes,"Road-250 Black, 58",1,1555,2443,717,1555,2272
53805,2011-11-06,6,November,2011,40,Adults (35-64),F,Australia,South Australia,Bikes,Mountain Bikes,"Mountain-200 Silver, 42",2,1266,2320,1273,2532,3805
63547,2011-11-06,6,November,2011,29,Young Adults (25-34),F,United Kingdom,England,Bikes,Road Bikes,"Road-550-W Yellow, 38",1,713,1120,362,713,1075
59523,2011-11-07,7,November,2011,25,Young Adults (25-34),F,United States,Oregon,Bikes,Road Bikes,"Road-550-W Yellow, 40",3,713,1120,751,2139,2890
63999,2011-11-07,7,November,2011,56,Adults (35-64),F,United States,California,Bikes,Road Bikes,"Road-550-W Yellow, 44",4,713,1120,1538,2852,4390
57539,2011-11-07,7,November,2011,29,Young Adults (25-34),M,United States,California,Bikes,Mountain Bikes,"Mountain-200 Black, 38",1,1252,2295,997,1252,2249
64753,2011-11-07,7,November,2011,50,Adults (35-64),M,Germany,Nordrhein-Westfalen,Bikes,Road Bikes,"Road-650 Red, 62",2,487,783,388,974,1362
61223,2011-11-07,7,November,2011,18,Youth (<25),F,Australia,Queensland,Bikes,Road Bikes,"Road-150 Red, 62",1,2171,3578,835,2171,3006
57507,2011-11-08,8,November,2011,46,Adults (35-64),M,United States,Washington,Bikes,Mountain Bikes,"Mountain-200 Black, 42",1,1252,2295,538,1252,1790
69131,2011-11-08,8,November,2011,17,Youth (<25),M,Australia,New South Wales,Bikes,Road Bikes,"Road-650 Red, 48",1,487,783,194,487,681
68759,2011-11-08,8,November,2011,25,Young Adults (25-34),M,Australia,New South Wales,Bikes,Road Bikes,"Road-550-W Yellow, 44",4,713,1120,1046,2852,3898
61603,2011-11-08,8,November,2011,41,Adults (35-64),M,United Kingdom,England,Bikes,Road Bikes,"Road-250 Red, 48",1,1519,2443,826,1519,2345
52757,2011-11-08,8,November,2011,39,Adults (35-64),M,Australia,Victoria,Bikes,Mountain Bikes,"Mountain-400-W Silver, 40",1,420,769,188,420,608
56157,2011-11-08,8,November,2011,35,Adults (35-64),M,Canada,British Columbia,Bikes,Mountain Bikes,"Mountain-500 Black, 44",2,295,540,479,590,1069
66339,2011-11-08,8,November,2011,40,Adults (35-64),M,Australia,New South Wales,Bikes,Road Bikes,"Road-250 Red, 58",1,1555,2443,570,1555,2125
50481,2011-11-09,9,November,2011,41,Adults (35-64),F,Germany,Hamburg,Bikes,Mountain Bikes,"Mountain-200 Silver, 42",3,1266,2320,2675,3798,6473
69421,2011-11-09,9,November,2011,25,Young Adults (25-34),M,Australia,Victoria,Bikes,Road Bikes,"Road-550-W Yellow, 38",3,713,1120,515,2139,2654
65129,2011-11-09,9,November,2011,33,Young Adults (25-34),F,France,Hauts de Seine,Bikes,Road Bikes,"Road-550-W Yellow, 42",4,713,1120,1314,2852,4166
59021,2011-11-09,9,November,2011,63,Adults (35-64),F,United States,California,Bikes,Road Bikes,"Road-250 Black, 44",4,1555,2443,3357,6220,9577
50691,2011-11-10,10,November,2011,52,Adults (35-64),M,United Kingdom,England,Bikes,Mountain Bikes,"Mountain-200 Black, 42",3,1252,2295,2854,3756,6610
68261,2011-11-10,10,November,2011,20,Youth (<25),M,Australia,Victoria,Bikes,Road Bikes,"Road-750 Black, 44",1,344,540,83,344,427
61975,2011-11-10,10,November,2011,25,Young Adults (25-34),F,Germany,Hamburg,Bikes,Road Bikes,"Road-250 Black, 58",1,1555,2443,717,1555,2272
66105,2011-11-10,10,November,2011,21,Youth (<25),M,Australia,New South Wales,Bikes,Road Bikes,"Road-250 Black, 58",1,1555,2443,570,1555,2125
51771,2011-11-10,10,November,2011,50,Adults (35-64),F,United States,Washington,Bikes,Mountain Bikes,"Mountain-200 Black, 46",1,1252,2295,538,1252,1790
70069,2011-11-10,10,November,2011,39,Adults (35-64),F,United Kingdom,England,Bikes,Road Bikes,"Road-750 Black, 48",3,344,540,523,1032,1555
56899,2011-11-10,10,November,2011,34,Young Adults (25-34),M,Germany,Nordrhein-Westfalen,Bikes,Mountain Bikes,"Mountain-400-W Silver, 42",1,420,769,249,420,669
61813,2011-11-11,11,November,2011,22,Youth (<25),M,Australia,New South Wales,Bikes,Road Bikes,"Road-150 Red, 48",3,2171,3578,2826,6513,9339
57569,2011-11-11,11,November,2011,22,Youth (<25),F,United States,California,Bikes,Mountain Bikes,"Mountain-200 Silver, 46",2,1266,2320,2015,2532,4547
64973,2011-11-11,11,November,2011,18,Youth (<25),F,Australia,New South Wales,Bikes,Road Bikes,"Road-750 Black, 58",1,344,540,126,344,470
68737,2011-11-11,11,November,2011,24,Youth (<25),F,Australia,Queensland,Bikes,Road Bikes,"Road-550-W Yellow, 42",1,713,1120,228,713,941
63501,2011-11-11,11,November,2011,39,Adults (35-64),M,France,Seine (Paris),Bikes,Road Bikes,"Road-550-W Yellow, 40",3,713,1120,616,2139,2755
62565,2011-11-11,11,November,2011,34,Young Adults (25-34),F,Germany,Hamburg,Bikes,Road Bikes,"Road-350-W Yellow, 40",4,1083,1701,1996,4332,6328
50997,2011-11-11,11,November,2011,22,Youth (<25),F,Germany,Saarland,Bikes,Mountain Bikes,"Mountain-200 Black, 38",1,1252,2295,630,1252,1882
58515,2011-11-11,11,November,2011,39,Adults (35-64),M,United Kingdom,England,Bikes,Road Bikes,"Road-150 Red, 44",1,2171,3578,1264,2171,3435
54179,2011-11-11,11,November,2011,30,Young Adults (25-34),F,United States,California,Bikes,Mountain Bikes,"Mountain-500 Black, 48",3,295,540,703,885,1588
64385,2011-11-11,11,November,2011,18,Youth (<25),M,Australia,Victoria,Bikes,Road Bikes,"Road-750 Black, 52",3,344,540,248,1032,1280
69113,2011-11-11,11,November,2011,17,Youth (<25),M,Australia,Queensland,Bikes,Road Bikes,"Road-650 Red, 58",4,487,783,683,1948,2631
69211,2011-11-12,12,November,2011,31,Young Adults (25-34),M,United Kingdom,England,Bikes,Road Bikes,"Road-350-W Yellow, 40",1,1083,1701,550,1083,1633
70071,2011-11-12,12,November,2011,39,Adults (35-64),F,United Kingdom,England,Bikes,Road Bikes,"Road-750 Black, 48",1,344,540,174,344,518
63405,2011-11-12,12,November,2011,44,Adults (35-64),F,United States,Oregon,Bikes,Road Bikes,"Road-750 Black, 44",1,344,540,120,344,464
62597,2011-11-12,12,November,2011,22,Youth (<25),M,France,Nord,Bikes,Road Bikes,"Road-350-W Yellow, 48",2,1083,1701,794,2166,2960
66143,2011-11-12,12,November,2011,24,Youth (<25),F,Australia,New South Wales,Bikes,Road Bikes,"Road-250 Black, 52",4,1555,2443,2282,6220,8502
68739,2011-11-12,12,November,2011,24,Youth (<25),F,Australia,Queensland,Bikes,Road Bikes,"Road-550-W Yellow, 42",4,713,1120,911,2852,3763
70091,2011-11-13,13,November,2011,24,Youth (<25),M,Germany,Hessen,Bikes,Road Bikes,"Road-550-W Yellow, 42",1,713,1120,329,713,1042
67083,2011-11-13,13,November,2011,28,Young Adults (25-34),M,Australia,Tasmania,Bikes,Road Bikes,"Road-250 Black, 52",4,1555,2443,1695,6220,7915
57957,2011-11-13,13,November,2011,29,Young Adults (25-34),F,United States,California,Bikes,Mountain Bikes,"Mountain-200 Silver, 42",1,1266,2320,1008,1266,2274
58559,2011-11-13,13,November,2011,60,Adults (35-64),M,United States,California,Bikes,Road Bikes,"Road-150 Red, 48",1,2171,3578,1335,2171,3506
60929,2011-11-14,14,November,2011,19,Youth (<25),F,Germany,Nordrhein-Westfalen,Bikes,Road Bikes,"Road-250 Black, 58",3,1555,2443,1711,4665,6376
59148,2011-11-14,14,November,2011,56,Adults (35-64),M,United States,Washington,Bikes,Road Bikes,"Road-250 Red, 52",1,1519,2443,387,1519,1906
59149,2011-11-14,14,November,2011,56,Adults (35-64),M,United States,Washington,Bikes,Road Bikes,"Road-250 Red, 52",1,1519,2443,387,1519,1906
49937,2011-11-14,14,November,2011,22,Youth (<25),F,Germany,Nordrhein-Westfalen,Bikes,Mountain Bikes,"Mountain-200 Black, 38",2,1252,2295,1489,2504,3993
61943,2011-11-14,14,November,2011,23,Youth (<25),F,United States,Washington,Bikes,Road Bikes,"Road-150 Red, 48",3,2171,3578,1860,6513,8373
70145,2011-11-15,15,November,2011,40,Adults (35-64),M,United Kingdom,England,Bikes,Road Bikes,"Road-750 Black, 44",1,344,540,174,344,518
57563,2011-11-15,15,November,2011,19,Youth (<25),F,United States,California,Bikes,Mountain Bikes,"Mountain-200 Black, 46",1,1252,2295,997,1252,2249
64293,2011-11-15,15,November,2011,34,Young Adults (25-34),F,United States,California,Bikes,Road Bikes,"Road-250 Black, 52",1,1555,2443,839,1555,2394
51817,2011-11-16,16,November,2011,33,Young Adults (25-34),F,United States,California,Bikes,Mountain Bikes,"Mountain-200 Black, 42",1,1252,2295,997,1252,2249
61605,2011-11-16,16,November,2011,41,Adults (35-64),M,United Kingdom,England,Bikes,Road Bikes,"Road-250 Red, 48",1,1519,2443,826,1519,2345
71105,2011-11-16,16,November,2011,25,Young Adults (25-34),M,France,Seine (Paris),Bikes,Road Bikes,"Road-550-W Yellow, 44",1,713,1120,205,713,918
68243,2011-11-16,16,November,2011,20,Youth (<25),F,Germany,Saarland,Bikes,Road Bikes,"Road-350-W Yellow, 48",2,1083,1701,624,2166,2790
66669,2011-11-16,16,November,2011,20,Youth (<25),M,Australia,Queensland,Bikes,Road Bikes,"Road-750 Black, 44",1,344,540,110,344,454
59693,2011-11-16,16,November,2011,23,Youth (<25),M,United States,Oregon,Bikes,Road Bikes,"Road-350-W Yellow, 42",1,1083,1701,380,1083,1463
68627,2011-11-16,16,November,2011,25,Young Adults (25-34),M,Australia,Queensland,Bikes,Road Bikes,"Road-550-W Yellow, 40",3,713,1120,683,2139,2822
56805,2011-11-16,16,November,2011,40,Adults (35-64),F,Germany,Hamburg,Bikes,Mountain Bikes,"Mountain-200 Black, 38",3,1252,2295,2647,3756,6403
59599,2011-11-17,17,November,2011,28,Young Adults (25-34),M,United Kingdom,England,Bikes,Road Bikes,"Road-150 Red, 62",2,2171,3578,2528,4342,6870
68063,2011-11-17,17,November,2011,34,Young Adults (25-34),F,Germany,Hessen,Bikes,Road Bikes,"Road-750 Black, 48",1,344,540,158,344,502
70185,2011-11-17,17,November,2011,26,Young Adults (25-34),F,Australia,Queensland,Bikes,Road Bikes,"Road-750 Black, 52",2,344,540,219,688,907
52859,2011-11-17,17,November,2011,28,Young Adults (25-34),M,United Kingdom,England,Bikes,Mountain Bikes,"Mountain-200 Black, 38",1,1252,2295,951,1252,2203
70343,2011-11-17,17,November,2011,41,Adults (35-64),M,United States,Washington,Bikes,Road Bikes,"Road-150 Red, 48",1,2171,3578,620,2171,2791
64203,2011-11-17,17,November,2011,21,Youth (<25),F,Australia,New South Wales,Bikes,Road Bikes,"Road-250 Black, 58",1,1555,2443,570,1555,2125
63299,2011-11-18,18,November,2011,22,Youth (<25),M,Australia,Victoria,Bikes,Road Bikes,"Road-650 Black, 44",1,487,783,132,487,619
59705,2011-11-18,18,November,2011,23,Youth (<25),F,United States,California,Bikes,Road Bikes,"Road-550-W Yellow, 42",1,713,1120,385,713,1098
69115,2011-11-18,18,November,2011,17,Youth (<25),M,Australia,Queensland,Bikes,Road Bikes,"Road-650 Red, 58",1,487,783,171,487,658
63749,2011-11-18,18,November,2011,27,Young Adults (25-34),M,France,Seine (Paris),Bikes,Road Bikes,"Road-550-W Yellow, 38",1,713,1120,205,713,918
69133,2011-11-18,18,November,2011,17,Youth (<25),M,Australia,New South Wales,Bikes,Road Bikes,"Road-650 Red, 48",2,487,783,388,974,1362
57491,2011-11-18,18,November,2011,49,Adults (35-64),F,United States,California,Bikes,Mountain Bikes,"Mountain-200 Black, 46",1,1252,2295,997,1252,2249
69423,2011-11-18,18,November,2011,25,Young Adults (25-34),M,Australia,Victoria,Bikes,Road Bikes,"Road-550-W Yellow, 38",1,713,1120,172,713,885
57519,2011-11-19,19,November,2011,30,Young Adults (25-34),M,United States,Washington,Bikes,Mountain Bikes,"Mountain-200 Silver, 38",2,1266,2320,1087,2532,3619
63249,2011-11-19,19,November,2011,44,Adults (35-64),F,Germany,Hessen,Bikes,Road Bikes,"Road-650 Red, 60",1,487,783,241,487,728
65795,2011-11-19,19,November,2011,45,Adults (35-64),M,United Kingdom,England,Bikes,Road Bikes,"Road-650 Black, 60",1,487,783,265,487,752
53199,2011-11-19,19,November,2011,33,Young Adults (25-34),M,United States,California,Bikes,Mountain Bikes,"Mountain-200 Silver, 42",4,1266,2320,4030,5064,9094
55855,2011-11-20,20,November,2011,39,Adults (35-64),F,Germany,Saarland,Bikes,Mountain Bikes,"Mountain-200 Silver, 38",1,1266,2320,636,1266,1902
51561,2011-11-20,20,November,2011,38,Adults (35-64),F,Australia,Queensland,Bikes,Mountain Bikes,"Mountain-200 Black, 38",2,1252,2295,1352,2504,3856
64975,2011-11-20,20,November,2011,18,Youth (<25),F,Australia,New South Wales,Bikes,Road Bikes,"Road-750 Black, 58",1,344,540,126,344,470
57541,2011-11-20,20,November,2011,29,Young Adults (25-34),M,United States,California,Bikes,Mountain Bikes,"Mountain-200 Black, 38",1,1252,2295,997,1252,2249
66171,2011-11-20,20,November,2011,27,Young Adults (25-34),M,Australia,Queensland,Bikes,Road Bikes,"Road-250 Black, 44",1,1555,2443,497,1555,2052
70345,2011-11-20,20,November,2011,41,Adults (35-64),M,United States,Washington,Bikes,Road Bikes,"Road-150 Red, 48",3,2171,3578,1860,6513,8373
53173,2011-11-20,20,November,2011,40,Adults (35-64),F,Germany,Bayern,Bikes,Mountain Bikes,"Mountain-200 Silver, 42",4,1266,2320,4123,5064,9187
57339,2011-11-20,20,November,2011,48,Adults (35-64),M,United States,Washington,Bikes,Mountain Bikes,"Mountain-200 Silver, 46",3,1266,2320,1631,3798,5429
67603,2011-11-20,20,November,2011,40,Adults (35-64),F,Australia,Queensland,Bikes,Road Bikes,"Road-350-W Yellow, 40",4,1083,1701,1383,4332,5715
61993,2011-11-21,21,November,2011,25,Young Adults (25-34),M,Germany,Hessen,Bikes,Road Bikes,"Road-350-W Yellow, 40",2,1083,1701,998,2166,3164
70807,2011-11-21,21,November,2011,35,Adults (35-64),M,United States,Washington,Bikes,Road Bikes,"Road-150 Red, 44",4,2171,3578,2479,8684,11163
50921,2011-11-21,21,November,2011,29,Young Adults (25-34),M,United Kingdom,England,Bikes,Mountain Bikes,"Mountain-200 Black, 38",2,1252,2295,1902,2504,4406
59349,2011-11-21,21,November,2011,32,Young Adults (25-34),F,Germany,Saarland,Bikes,Road Bikes,"Road-150 Red, 56",4,2171,3578,3052,8684,11736
69891,2011-11-21,21,November,2011,52,Adults (35-64),F,Canada,British Columbia,Bikes,Road Bikes,"Road-550-W Yellow, 44",2,713,1120,792,1426,2218
61987,2011-11-21,21,November,2011,25,Young Adults (25-34),F,France,Essonne,Bikes,Road Bikes,"Road-350-W Yellow, 44",1,1083,1701,550,1083,1633
50673,2011-11-21,21,November,2011,53,Adults (35-64),M,United Kingdom,England,Bikes,Mountain Bikes,"Mountain-200 Silver, 46",2,1266,2320,1922,2532,4454
60287,2011-11-22,22,November,2011,32,Young Adults (25-34),F,United States,California,Bikes,Road Bikes,"Road-650 Red, 62",1,487,783,280,487,767
55417,2011-11-22,22,November,2011,48,Adults (35-64),M,United States,California,Bikes,Mountain Bikes,"Mountain-200 Black, 46",2,1252,2295,1994,2504,4498
65797,2011-11-22,22,November,2011,45,Adults (35-64),M,United Kingdom,England,Bikes,Road Bikes,"Road-650 Black, 60",2,487,783,529,974,1503
61225,2011-11-22,22,November,2011,18,Youth (<25),F,Australia,Queensland,Bikes,Road Bikes,"Road-150 Red, 62",1,2171,3578,835,2171,3006
59399,2011-11-23,23,November,2011,29,Young Adults (25-34),F,United States,Washington,Bikes,Road Bikes,"Road-250 Red, 48",1,1519,2443,387,1519,1906
69449,2011-11-23,23,November,2011,27,Young Adults (25-34),F,Australia,New South Wales,Bikes,Road Bikes,"Road-550-W Yellow, 48",4,713,1120,1046,2852,3898
60471,2011-11-23,23,November,2011,30,Young Adults (25-34),F,United States,California,Bikes,Road Bikes,"Road-650 Black, 58",4,487,783,1121,1948,3069
57729,2011-11-23,23,November,2011,24,Youth (<25),F,United States,Washington,Bikes,Mountain Bikes,"Mountain-200 Black, 46",1,1252,2295,538,1252,1790
69135,2011-11-23,23,November,2011,17,Youth (<25),M,Australia,New South Wales,Bikes,Road Bikes,"Road-650 Red, 48",1,487,783,194,487,681
65935,2011-11-24,24,November,2011,33,Young Adults (25-34),F,United States,Oregon,Bikes,Road Bikes,"Road-550-W Yellow, 38",1,713,1120,250,713,963
55419,2011-11-24,24,November,2011,48,Adults (35-64),M,United States,California,Bikes,Mountain Bikes,"Mountain-200 Black, 46",1,1252,2295,997,1252,2249
62627,2011-11-24,24,November,2011,37,Adults (35-64),F,United States,Washington,Bikes,Road Bikes,"Road-350-W Yellow, 44",2,1083,1701,488,2166,2654
68717,2011-11-24,24,November,2011,46,Adults (35-64),F,United Kingdom,England,Bikes,Road Bikes,"Road-250 Black, 58",1,1555,2443,790,1555,2345
60009,2011-11-24,24,November,2011,34,Young Adults (25-34),F,France,Nord,Bikes,Road Bikes,"Road-150 Red, 62",3,2171,3578,2826,6513,9339
51395,2011-11-24,24,November,2011,28,Young Adults (25-34),F,United States,Oregon,Bikes,Mountain Bikes,"Mountain-200 Silver, 38",2,1266,2320,1458,2532,3990
63301,2011-11-24,24,November,2011,22,Youth (<25),M,Australia,Victoria,Bikes,Road Bikes,"Road-650 Black, 44",3,487,783,395,1461,1856
66121,2011-11-24,24,November,2011,23,Youth (<25),M,Australia,New South Wales,Bikes,Road Bikes,"Road-250 Black, 58",1,1555,2443,570,1555,2125
61427,2011-11-24,24,November,2011,39,Adults (35-64),F,Australia,Victoria,Bikes,Road Bikes,"Road-150 Red, 56",1,2171,3578,656,2171,2827
49485,2011-11-24,24,November,2011,23,Youth (<25),M,United States,California,Bikes,Mountain Bikes,"Mountain-200 Silver, 38",1,1266,2320,1008,1266,2274
64723,2011-11-25,25,November,2011,42,Adults (35-64),M,United Kingdom,England,Bikes,Road Bikes,"Road-650 Red, 58",1,487,783,265,487,752
58899,2011-11-25,25,November,2011,22,Youth (<25),M,United States,California,Bikes,Road Bikes,"Road-250 Red, 44",1,1519,2443,875,1519,2394
57959,2011-11-25,25,November,2011,29,Young Adults (25-34),F,United States,California,Bikes,Mountain Bikes,"Mountain-200 Silver, 42",3,1266,2320,3023,3798,6821
63793,2011-11-25,25,November,2011,29,Young Adults (25-34),F,France,Nord,Bikes,Road Bikes,"Road-650 Black, 58",1,487,783,194,487,681
62361,2011-11-25,25,November,2011,19,Youth (<25),F,Australia,New South Wales,Bikes,Road Bikes,"Road-150 Red, 48",2,2171,3578,1884,4342,6226
49511,2011-11-25,25,November,2011,46,Adults (35-64),F,United States,Washington,Bikes,Mountain Bikes,"Mountain-200 Silver, 46",1,1266,2320,544,1266,1810
66173,2011-11-25,25,November,2011,27,Young Adults (25-34),M,Australia,Queensland,Bikes,Road Bikes,"Road-250 Black, 44",3,1555,2443,1491,4665,6156
66535,2011-11-25,25,November,2011,28,Young Adults (25-34),F,United Kingdom,England,Bikes,Road Bikes,"Road-750 Black, 48",3,344,540,523,1032,1555
50473,2011-11-26,26,November,2011,41,Adults (35-64),F,Germany,Nordrhein-Westfalen,Bikes,Mountain Bikes,"Mountain-200 Silver, 46",1,1266,2320,752,1266,2018
59101,2011-11-26,26,November,2011,29,Young Adults (25-34),M,Germany,Saarland,Bikes,Road Bikes,"Road-150 Red, 52",2,2171,3578,1526,4342,5868
50545,2011-11-26,26,November,2011,36,Adults (35-64),M,Germany,Hessen,Bikes,Mountain Bikes,"Mountain-200 Black, 38",1,1252,2295,882,1252,2134
65067,2011-11-26,26,November,2011,27,Young Adults (25-34),F,United Kingdom,England,Bikes,Road Bikes,"Road-350-W Yellow, 48",3,1083,1701,1650,3249,4899
69105,2011-11-26,26,November,2011,17,Youth (<25),F,Australia,New South Wales,Bikes,Road Bikes,"Road-650 Red, 58",1,487,783,194,487,681
71471,2011-11-26,26,November,2011,61,Adults (35-64),F,United States,California,Bikes,Road Bikes,"Road-150 Red, 52",1,2171,3578,1335,2171,3506
63509,2011-11-27,27,November,2011,39,Adults (35-64),F,France,Nord,Bikes,Road Bikes,"Road-350-W Yellow, 40",3,1083,1701,1191,3249,4440
65655,2011-11-27,27,November,2011,56,Adults (35-64),F,United States,Washington,Bikes,Road Bikes,"Road-750 Black, 52",3,344,540,232,1032,1264
66457,2011-11-27,27,November,2011,26,Young Adults (25-34),M,France,Seine Saint Denis,Bikes,Road Bikes,"Road-350-W Yellow, 40",3,1083,1701,935,3249,4184
70123,2011-11-27,27,November,2011,27,Young Adults (25-34),M,Canada,British Columbia,Bikes,Road Bikes,"Road-650 Red, 44",1,487,783,288,487,775
59401,2011-11-27,27,November,2011,29,Young Adults (25-34),F,United States,Washington,Bikes,Road Bikes,"Road-250 Red, 48",1,1519,2443,387,1519,1906
61111,2011-11-27,27,November,2011,29,Young Adults (25-34),M,France,Seine Saint Denis,Bikes,Road Bikes,"Road-250 Red, 58",2,1555,2443,897,3110,4007
63513,2011-11-27,27,November,2011,38,Adults (35-64),M,France,Seine (Paris),Bikes,Road Bikes,"Road-350-W Yellow, 42",1,1083,1701,312,1083,1395
66537,2011-11-27,27,November,2011,28,Young Adults (25-34),F,United Kingdom,England,Bikes,Road Bikes,"Road-750 Black, 48",4,344,540,698,1376,2074
69499,2011-11-27,27,November,2011,49,Adults (35-64),F,Canada,British Columbia,Bikes,Road Bikes,"Road-250 Red, 48",2,1519,2443,1799,3038,4837
68741,2011-11-27,27,November,2011,24,Youth (<25),F,Australia,Queensland,Bikes,Road Bikes,"Road-550-W Yellow, 42",1,713,1120,228,713,941
68761,2011-11-27,27,November,2011,25,Young Adults (25-34),M,Australia,New South Wales,Bikes,Road Bikes,"Road-550-W Yellow, 44",1,713,1120,261,713,974
69881,2011-11-27,27,November,2011,24,Youth (<25),F,Australia,Victoria,Bikes,Road Bikes,"Road-550-W Yellow, 40",2,713,1120,344,1426,1770
70124,2011-11-27,27,November,2011,27,Young Adults (25-34),M,Canada,British Columbia,Bikes,Road Bikes,"Road-650 Red, 44",3,487,783,865,1461,2326
70125,2011-11-27,27,November,2011,27,Young Adults (25-34),M,Canada,British Columbia,Bikes,Road Bikes,"Road-650 Red, 44",2,487,783,576,974,1550
59881,2011-11-28,28,November,2011,31,Young Adults (25-34),M,United States,Washington,Bikes,Road Bikes,"Road-650 Black, 48",1,487,783,124,487,611
50269,2011-11-28,28,November,2011,40,Adults (35-64),F,Australia,Queensland,Bikes,Mountain Bikes,"Mountain-200 Black, 38",2,1252,2295,1352,2504,3856
66539,2011-11-28,28,November,2011,28,Young Adults (25-34),F,United Kingdom,England,Bikes,Road Bikes,"Road-750 Black, 48",1,344,540,174,344,518
65849,2011-11-28,28,November,2011,27,Young Adults (25-34),F,Canada,British Columbia,Bikes,Road Bikes,"Road-550-W Yellow, 48",1,713,1120,396,713,1109
61657,2011-11-28,28,November,2011,59,Adults (35-64),F,United Kingdom,England,Bikes,Road Bikes,"Road-250 Red, 48",2,1519,2443,1653,3038,4691
68103,2011-11-28,28,November,2011,20,Youth (<25),M,Australia,New South Wales,Bikes,Road Bikes,"Road-750 Black, 52",3,344,540,377,1032,1409
66487,2011-11-29,29,November,2011,17,Youth (<25),F,Australia,Tasmania,Bikes,Road Bikes,"Road-750 Black, 48",4,344,540,374,1376,1750
63257,2011-11-29,29,November,2011,44,Adults (35-64),M,United Kingdom,England,Bikes,Road Bikes,"Road-550-W Yellow, 48",1,713,1120,362,713,1075
62503,2011-11-29,29,November,2011,29,Young Adults (25-34),M,France,Seine (Paris),Bikes,Road Bikes,"Road-650 Black, 60",1,487,783,155,487,642
68747,2011-11-29,29,November,2011,24,Youth (<25),F,Australia,Tasmania,Bikes,Road Bikes,"Road-550-W Yellow, 48",3,713,1120,583,2139,2722
64223,2011-11-29,29,November,2011,21,Youth (<25),M,Australia,South Australia,Bikes,Road Bikes,"Road-250 Black, 52",4,1555,2443,1793,6220,8013
58059,2011-11-29,29,November,2011,17,Youth (<25),M,France,Nord,Bikes,Mountain Bikes,"Mountain-200 Silver, 46",1,1266,2320,752,1266,2018
60451,2011-11-30,30,November,2011,30,Young Adults (25-34),M,United States,Washington,Bikes,Road Bikes,"Road-650 Red, 58",2,487,783,247,974,1221
64589,2011-11-30,30,November,2011,57,Adults (35-64),M,United States,California,Bikes,Road Bikes,"Road-250 Red, 58",1,1555,2443,839,1555,2394
60921,2011-11-30,30,November,2011,18,Youth (<25),M,Germany,Bayern,Bikes,Road Bikes,"Road-250 Red, 58",2,1555,2443,1727,3110,4837
70347,2011-11-30,30,November,2011,41,Adults (35-64),M,United States,Washington,Bikes,Road Bikes,"Road-150 Red, 48",1,2171,3578,620,2171,2791
57961,2011-11-30,30,November,2011,29,Young Adults (25-34),F,United States,California,Bikes,Mountain Bikes,"Mountain-200 Silver, 42",4,1266,2320,4030,5064,9094
60341,2011-11-30,30,November,2011,36,Adults (35-64),F,United States,California,Bikes,Road Bikes,"Road-650 Red, 62",1,487,783,280,487,767
59805,2011-11-30,30,November,2011,60,Adults (35-64),F,United States,California,Bikes,Road Bikes,"Road-550-W Yellow, 44",4,713,1120,1538,2852,4390
69137,2011-11-30,30,November,2011,17,Youth (<25),M,Australia,New South Wales,Bikes,Road Bikes,"Road-650 Red, 48",3,487,783,583,1461,2044
52931,2011-11-30,30,November,2011,46,Adults (35-64),M,United Kingdom,England,Bikes,Mountain Bikes,"Mountain-200 Silver, 46",1,1266,2320,961,1266,2227
55931,2011-12-01,1,December,2011,39,Adults (35-64),F,United States,California,Bikes,Mountain Bikes,"Mountain-200 Black, 46",4,1252,2295,3988,5008,8996
65029,2011-12-01,1,December,2011,36,Adults (35-64),F,Germany,Brandenburg,Bikes,Road Bikes,"Road-550-W Yellow, 42",2,713,1120,792,1426,2218
61159,2011-12-01,1,December,2011,20,Youth (<25),M,Germany,Hamburg,Bikes,Road Bikes,"Road-250 Red, 58",1,1555,2443,717,1555,2272
67419,2011-12-01,1,December,2011,28,Young Adults (25-34),F,United States,California,Bikes,Road Bikes,"Road-750 Black, 44",1,344,540,185,344,529
59707,2011-12-01,1,December,2011,23,Youth (<25),F,United States,California,Bikes,Road Bikes,"Road-550-W Yellow, 42",1,713,1120,385,713,1098
67187,2011-12-01,1,December,2011,34,Young Adults (25-34),M,Australia,New South Wales,Bikes,Road Bikes,"Road-350-W Yellow, 48",1,1083,1701,397,1083,1480
56251,2011-12-01,1,December,2011,44,Adults (35-64),M,United Kingdom,England,Bikes,Mountain Bikes,"Mountain-200 Silver, 42",1,1266,2320,961,1266,2227
59165,2011-12-01,1,December,2011,23,Youth (<25),M,United Kingdom,England,Bikes,Road Bikes,"Road-150 Red, 52",1,2171,3578,1264,2171,3435
64519,2011-12-01,1,December,2011,31,Young Adults (25-34),F,Australia,South Australia,Bikes,Road Bikes,"Road-250 Black, 48",1,1555,2443,448,1555,2003
67151,2011-12-01,1,December,2011,28,Young Adults (25-34),F,Australia,New South Wales,Bikes,Road Bikes,"Road-250 Black, 52",1,1555,2443,570,1555,2125
67487,2011-12-01,1,December,2011,42,Adults (35-64),M,United States,Washington,Bikes,Road Bikes,"Road-750 Black, 44",3,344,540,232,1032,1264
70637,2011-12-02,2,December,2011,41,Adults (35-64),M,Australia,New South Wales,Bikes,Road Bikes,"Road-750 Black, 48",3,344,540,377,1032,1409
66817,2011-12-02,2,December,2011,29,Young Adults (25-34),F,France,Seine (Paris),Bikes,Road Bikes,"Road-550-W Yellow, 42",2,713,1120,411,1426,1837
55323,2011-12-02,2,December,2011,31,Young Adults (25-34),F,Australia,New South Wales,Bikes,Mountain Bikes,"Mountain-400-W Silver, 42",1,420,769,249,420,669
60631,2011-12-02,2,December,2011,31,Young Adults (25-34),F,United States,California,Bikes,Road Bikes,"Road-650 Black, 62",1,487,783,280,487,767
64257,2011-12-02,2,December,2011,28,Young Adults (25-34),F,United States,Washington,Bikes,Road Bikes,"Road-550-W Yellow, 44",1,713,1120,161,713,874
53337,2011-12-02,2,December,2011,37,Adults (35-64),M,United States,California,Bikes,Mountain Bikes,"Mountain-400-W Silver, 46",2,420,769,667,840,1507
70073,2011-12-02,2,December,2011,39,Adults (35-64),F,United Kingdom,England,Bikes,Road Bikes,"Road-750 Black, 48",4,344,540,698,1376,2074
65449,2011-12-02,2,December,2011,35,Adults (35-64),M,Australia,New South Wales,Bikes,Road Bikes,"Road-350-W Yellow, 42",2,1083,1701,794,2166,2960
59221,2011-12-02,2,December,2011,44,Adults (35-64),M,United States,Washington,Bikes,Road Bikes,"Road-250 Red, 52",4,1519,2443,1546,6076,7622
68149,2011-12-03,3,December,2011,28,Young Adults (25-34),M,France,Seine (Paris),Bikes,Road Bikes,"Road-550-W Yellow, 44",1,713,1120,205,713,918
63529,2011-12-03,3,December,2011,28,Young Adults (25-34),M,France,Essonne,Bikes,Road Bikes,"Road-350-W Yellow, 44",3,1083,1701,1650,3249,4899
61659,2011-12-03,3,December,2011,59,Adults (35-64),F,United Kingdom,England,Bikes,Road Bikes,"Road-250 Red, 48",4,1519,2443,3305,6076,9381
60089,2011-12-03,3,December,2011,34,Young Adults (25-34),F,France,Seine (Paris),Bikes,Road Bikes,"Road-150 Red, 62",3,2171,3578,2289,6513,8802
64649,2011-12-03,3,December,2011,54,Adults (35-64),M,United States,California,Bikes,Road Bikes,"Road-550-W Yellow, 44",1,713,1120,385,713,1098
68833,2011-12-03,3,December,2011,47,Adults (35-64),M,Australia,New South Wales,Bikes,Road Bikes,"Road-750 Black, 58",4,344,540,503,1376,1879
56035,2011-12-03,3,December,2011,37,Adults (35-64),F,United States,California,Bikes,Mountain Bikes,"Mountain-200 Black, 46",2,1252,2295,1994,2504,4498
60785,2011-12-03,3,December,2011,24,Youth (<25),M,Germany,Hamburg,Bikes,Road Bikes,"Road-250 Black, 44",2,1555,2443,1434,3110,4544
57629,2011-12-03,3,December,2011,37,Adults (35-64),M,United States,Washington,Bikes,Mountain Bikes,"Mountain-200 Black, 46",1,1252,2295,538,1252,1790
59275,2011-12-03,3,December,2011,41,Adults (35-64),F,United States,Washington,Bikes,Road Bikes,"Road-250 Black, 52",4,1555,2443,1402,6220,7622
60633,2011-12-03,3,December,2011,31,Young Adults (25-34),F,United States,California,Bikes,Road Bikes,"Road-650 Black, 62",4,487,783,1121,1948,3069
62907,2011-12-03,3,December,2011,45,Adults (35-64),F,Australia,New South Wales,Bikes,Road Bikes,"Road-550-W Yellow, 40",1,713,1120,261,713,974
69249,2011-12-03,3,December,2011,34,Young Adults (25-34),F,United Kingdom,England,Bikes,Road Bikes,"Road-350-W Yellow, 42",1,1083,1701,550,1083,1633
68929,2011-12-03,3,December,2011,34,Young Adults (25-34),F,Australia,Tasmania,Bikes,Road Bikes,"Road-550-W Yellow, 40",2,713,1120,388,1426,1814
52201,2011-12-03,3,December,2011,24,Youth (<25),F,United Kingdom,England,Bikes,Mountain Bikes,"Mountain-200 Black, 38",1,1252,2295,951,1252,2203
67153,2011-12-03,3,December,2011,28,Young Adults (25-34),F,Australia,New South Wales,Bikes,Road Bikes,"Road-250 Black, 52",1,1555,2443,570,1555,2125
58865,2011-12-04,4,December,2011,22,Youth (<25),F,United States,Oregon,Bikes,Road Bikes,"Road-250 Black, 44",1,1555,2443,546,1555,2101
64843,2011-12-04,4,December,2011,27,Young Adults (25-34),M,United States,California,Bikes,Road Bikes,"Road-550-W Yellow, 42",1,713,1120,385,713,1098
55325,2011-12-04,4,December,2011,31,Young Adults (25-34),F,Australia,New South Wales,Bikes,Mountain Bikes,"Mountain-400-W Silver, 42",4,420,769,996,1680,2676
71357,2011-12-05,5,December,2011,29,Young Adults (25-34),M,Australia,New South Wales,Bikes,Road Bikes,"Road-750 Black, 44",2,344,540,252,688,940
61511,2011-12-05,5,December,2011,57,Adults (35-64),M,Australia,New South Wales,Bikes,Road Bikes,"Road-150 Red, 52",1,2171,3578,942,2171,3113
70349,2011-12-05,5,December,2011,41,Adults (35-64),M,United States,Washington,Bikes,Road Bikes,"Road-150 Red, 48",1,2171,3578,620,2171,2791
50573,2011-12-05,5,December,2011,42,Adults (35-64),M,Germany,Nordrhein-Westfalen,Bikes,Mountain Bikes,"Mountain-200 Black, 38",4,1252,2295,2979,5008,7987
55933,2011-12-05,5,December,2011,39,Adults (35-64),F,United States,California,Bikes,Mountain Bikes,"Mountain-200 Black, 46",4,1252,2295,3988,5008,8996
67031,2011-12-05,5,December,2011,48,Adults (35-64),M,Canada,British Columbia,Bikes,Road Bikes,"Road-750 Black, 48",2,344,540,381,688,1069
58759,2011-12-05,5,December,2011,27,Young Adults (25-34),M,France,Yveline,Bikes,Road Bikes,"Road-150 Red, 44",3,2171,3578,1645,6513,8158
58561,2011-12-05,5,December,2011,60,Adults (35-64),M,United States,California,Bikes,Road Bikes,"Road-150 Red, 48",4,2171,3578,5342,8684,14026
56037,2011-12-05,5,December,2011,37,Adults (35-64),F,United States,California,Bikes,Mountain Bikes,"Mountain-200 Black, 46",1,1252,2295,997,1252,2249
67421,2011-12-05,5,December,2011,28,Young Adults (25-34),F,United States,California,Bikes,Road Bikes,"Road-750 Black, 44",1,344,540,185,344,529
51593,2011-12-05,5,December,2011,35,Adults (35-64),F,Australia,Queensland,Bikes,Mountain Bikes,"Mountain-200 Silver, 38",1,1266,2320,683,1266,1949
59289,2011-12-05,5,December,2011,29,Young Adults (25-34),M,France,Hauts de Seine,Bikes,Road Bikes,"Road-150 Red, 62",1,2171,3578,1157,2171,3328
68699,2011-12-05,5,December,2011,28,Young Adults (25-34),F,Canada,British Columbia,Bikes,Road Bikes,"Road-250 Red, 48",1,1519,2443,900,1519,2419
51613,2011-12-06,6,December,2011,36,Adults (35-64),M,Australia,New South Wales,Bikes,Mountain Bikes,"Mountain-200 Black, 42",1,1252,2295,745,1252,1997
52175,2011-12-06,6,December,2011,23,Youth (<25),M,United Kingdom,England,Bikes,Mountain Bikes,"Mountain-400-W Silver, 46",3,420,769,955,1260,2215
60119,2011-12-06,6,December,2011,23,Youth (<25),M,France,Seine Saint Denis,Bikes,Road Bikes,"Road-150 Red, 56",2,2171,3578,1526,4342,5868
56997,2011-12-06,6,December,2011,47,Adults (35-64),M,United Kingdom,England,Bikes,Mountain Bikes,"Mountain-200 Silver, 38",1,1266,2320,961,1266,2227
62033,2011-12-06,6,December,2011,26,Young Adults (25-34),F,France,Nord,Bikes,Road Bikes,"Road-350-W Yellow, 40",1,1083,1701,397,1083,1480
56867,2011-12-06,6,December,2011,27,Young Adults (25-34),M,Canada,British Columbia,Bikes,Mountain Bikes,"Mountain-200 Black, 46",1,1252,2295,1020,1252,2272
67517,2011-12-07,7,December,2011,41,Adults (35-64),F,United States,California,Bikes,Road Bikes,"Road-750 Black, 52",1,344,540,185,344,529
70429,2011-12-07,7,December,2011,45,Adults (35-64),M,Germany,Hamburg,Bikes,Road Bikes,"Road-750 Black, 48",4,344,540,633,1376,2009
61887,2011-12-07,7,December,2011,43,Adults (35-64),M,Australia,Queensland,Bikes,Road Bikes,"Road-150 Red, 52",1,2171,3578,835,2171,3006
53293,2011-12-07,7,December,2011,30,Young Adults (25-34),M,United States,California,Bikes,Mountain Bikes,"Mountain-400-W Silver, 38",4,420,769,1334,1680,3014
66197,2011-12-07,7,December,2011,37,Adults (35-64),F,Australia,South Australia,Bikes,Road Bikes,"Road-350-W Yellow, 40",4,1083,1701,1247,4332,5579
61807,2011-12-07,7,December,2011,49,Adults (35-64),M,United Kingdom,England,Bikes,Road Bikes,"Road-250 Red, 52",1,1519,2443,826,1519,2345
59441,2011-12-07,7,December,2011,19,Youth (<25),M,United States,California,Bikes,Road Bikes,"Road-550-W Yellow, 42",1,713,1120,385,713,1098
58499,2011-12-07,7,December,2011,45,Adults (35-64),M,United States,Washington,Bikes,Road Bikes,"Road-150 Red, 56",1,2171,3578,620,2171,2791
59541,2011-12-07,7,December,2011,36,Adults (35-64),F,Germany,Nordrhein-Westfalen,Bikes,Road Bikes,"Road-150 Red, 62",4,2171,3578,3767,8684,12451
67097,2011-12-07,7,December,2011,29,Young Adults (25-34),M,Australia,Queensland,Bikes,Road Bikes,"Road-250 Black, 52",1,1555,2443,497,1555,2052
67231,2011-12-07,7,December,2011,36,Adults (35-64),F,Australia,New South Wales,Bikes,Road Bikes,"Road-350-W Yellow, 40",1,1083,1701,397,1083,1480
61735,2011-12-07,7,December,2011,25,Young Adults (25-34),M,United Kingdom,England,Bikes,Road Bikes,"Road-250 Red, 58",3,1555,2443,2371,4665,7036
57801,2011-12-07,7,December,2011,38,Adults (35-64),M,United States,California,Bikes,Mountain Bikes,"Mountain-200 Silver, 42",2,1266,2320,2015,2532,4547
68783,2011-12-07,7,December,2011,26,Young Adults (25-34),M,Australia,Queensland,Bikes,Road Bikes,"Road-550-W Yellow, 42",4,713,1120,911,2852,3763
58249,2011-12-07,7,December,2011,43,Adults (35-64),F,United States,California,Bikes,Road Bikes,"Road-150 Red, 44",2,2171,3578,2671,4342,7013
64331,2011-12-07,7,December,2011,25,Young Adults (25-34),F,United Kingdom,England,Bikes,Road Bikes,"Road-650 Black, 60",1,487,783,265,487,752
60093,2011-12-07,7,December,2011,33,Young Adults (25-34),M,France,Somme,Bikes,Road Bikes,"Road-250 Black, 48",1,1555,2443,448,1555,2003
66341,2011-12-08,8,December,2011,40,Adults (35-64),M,Australia,New South Wales,Bikes,Road Bikes,"Road-250 Red, 58",4,1555,2443,2282,6220,8502
64491,2011-12-08,8,December,2011,30,Young Adults (25-34),F,Australia,Queensland,Bikes,Road Bikes,"Road-350-W Yellow, 48",1,1083,1701,346,1083,1429
57713,2011-12-08,8,December,2011,39,Adults (35-64),F,United States,Oregon,Bikes,Mountain Bikes,"Mountain-200 Black, 42",2,1252,2295,1443,2504,3947
65799,2011-12-08,8,December,2011,45,Adults (35-64),M,United Kingdom,England,Bikes,Road Bikes,"Road-650 Black, 60",1,487,783,265,487,752
51069,2011-12-08,8,December,2011,19,Youth (<25),F,Australia,New South Wales,Bikes,Mountain Bikes,"Mountain-500 Silver, 42",4,308,565,734,1232,1966
56515,2011-12-08,8,December,2011,35,Adults (35-64),F,United States,California,Bikes,Mountain Bikes,"Mountain-500 Black, 42",1,295,540,234,295,529
68417,2011-12-08,8,December,2011,27,Young Adults (25-34),M,Australia,South Australia,Bikes,Road Bikes,"Road-550-W Yellow, 38",4,713,1120,822,2852,3674
56875,2011-12-08,8,December,2011,30,Young Adults (25-34),F,Canada,British Columbia,Bikes,Mountain Bikes,"Mountain-200 Silver, 38",4,1266,2320,4123,5064,9187
70199,2011-12-08,8,December,2011,47,Adults (35-64),F,Canada,British Columbia,Bikes,Road Bikes,"Road-750 Black, 44",1,344,540,191,344,535
67897,2011-12-08,8,December,2011,25,Young Adults (25-34),F,Australia,Victoria,Bikes,Road Bikes,"Road-350-W Yellow, 48",4,1083,1701,1043,4332,5375
67233,2011-12-08,8,December,2011,36,Adults (35-64),F,Australia,New South Wales,Bikes,Road Bikes,"Road-350-W Yellow, 40",4,1083,1701,1587,4332,5919
63907,2011-12-09,9,December,2011,34,Young Adults (25-34),M,Australia,Queensland,Bikes,Road Bikes,"Road-250 Black, 58",2,1555,2443,994,3110,4104
65121,2011-12-09,9,December,2011,75,Seniors (64+),M,United Kingdom,England,Bikes,Road Bikes,"Road-250 Black, 48",2,1555,2443,1581,3110,4691
64713,2011-12-09,9,December,2011,42,Adults (35-64),F,Germany,Hessen,Bikes,Road Bikes,"Road-650 Red, 62",1,487,783,241,487,728
50483,2011-12-09,9,December,2011,41,Adults (35-64),F,Germany,Hamburg,Bikes,Mountain Bikes,"Mountain-200 Silver, 42",1,1266,2320,892,1266,2158
64771,2011-12-09,9,December,2011,26,Young Adults (25-34),F,Australia,New South Wales,Bikes,Road Bikes,"Road-250 Red, 58",1,1555,2443,570,1555,2125
49325,2011-12-09,9,December,2011,33,Young Adults (25-34),F,Australia,Victoria,Bikes,Mountain Bikes,"Mountain-100 Black, 38",2,1898,3375,1537,3796,5333
61903,2011-12-09,9,December,2011,42,Adults (35-64),F,Australia,New South Wales,Bikes,Road Bikes,"Road-150 Red, 62",1,2171,3578,942,2171,3113
51623,2011-12-10,10,December,2011,38,Adults (35-64),M,Australia,New South Wales,Bikes,Mountain Bikes,"Mountain-200 Black, 38",1,1252,2295,745,1252,1997
54843,2011-12-10,10,December,2011,26,Young Adults (25-34),M,United Kingdom,England,Bikes,Mountain Bikes,"Mountain-200 Black, 38",1,1252,2295,951,1252,2203
57577,2011-12-10,10,December,2011,34,Young Adults (25-34),F,United States,California,Bikes,Mountain Bikes,"Mountain-200 Black, 42",2,1252,2295,1994,2504,4498
62933,2011-12-10,10,December,2011,43,Adults (35-64),F,Australia,Victoria,Bikes,Road Bikes,"Road-350-W Yellow, 44",4,1083,1701,1043,4332,5375
57283,2011-12-10,10,December,2011,34,Young Adults (25-34),F,United States,Washington,Bikes,Mountain Bikes,"Mountain-100 Silver, 44",1,1912,3400,740,1912,2652
64791,2011-12-10,10,December,2011,27,Young Adults (25-34),F,Australia,Victoria,Bikes,Road Bikes,"Road-250 Black, 44",2,1555,2443,750,3110,3860
51643,2011-12-10,10,December,2011,40,Adults (35-64),M,Australia,New South Wales,Bikes,Mountain Bikes,"Mountain-200 Black, 42",2,1252,2295,1489,2504,3993
61945,2011-12-10,10,December,2011,23,Youth (<25),F,United States,Washington,Bikes,Road Bikes,"Road-150 Red, 48",1,2171,3578,620,2171,2791
66887,2011-12-10,10,December,2011,34,Young Adults (25-34),M,United Kingdom,England,Bikes,Road Bikes,"Road-550-W Yellow, 44",3,713,1120,1087,2139,3226
56447,2011-12-10,10,December,2011,34,Young Adults (25-34),M,United States,California,Bikes,Mountain Bikes,"Mountain-500 Black, 40",1,295,540,234,295,529
55205,2011-12-11,11,December,2011,41,Adults (35-64),F,Australia,New South Wales,Bikes,Mountain Bikes,"Mountain-400-W Silver, 38",2,420,769,498,840,1338
60173,2011-12-11,11,December,2011,27,Young Adults (25-34),F,France,Nord,Bikes,Road Bikes,"Road-250 Black, 52",1,1555,2443,570,1555,2125
60181,2011-12-11,11,December,2011,27,Young Adults (25-34),F,France,Seine Saint Denis,Bikes,Road Bikes,"Road-250 Red, 58",3,1555,2443,1345,4665,6010
58667,2011-12-11,11,December,2011,56,Adults (35-64),M,United States,California,Bikes,Road Bikes,"Road-250 Red, 58",4,1555,2443,3357,6220,9577
60123,2011-12-11,11,December,2011,24,Youth (<25),M,France,Seine Saint Denis,Bikes,Road Bikes,"Road-250 Black, 52",4,1555,2443,1793,6220,8013
59687,2011-12-11,11,December,2011,54,Adults (35-64),M,United States,Washington,Bikes,Road Bikes,"Road-550-W Yellow, 40",1,713,1120,161,713,874
50015,2011-12-11,11,December,2011,38,Adults (35-64),F,United States,California,Bikes,Mountain Bikes,"Mountain-200 Silver, 38",1,1266,2320,1008,1266,2274
66363,2011-12-11,11,December,2011,41,Adults (35-64),M,United States,California,Bikes,Road Bikes,"Road-750 Black, 48",3,344,540,556,1032,1588
58073,2011-12-11,11,December,2011,24,Youth (<25),F,France,Seine (Paris),Bikes,Mountain Bikes,"Mountain-200 Black, 38",3,1252,2295,1890,3756,5646
65523,2011-12-11,11,December,2011,36,Adults (35-64),F,Australia,Queensland,Bikes,Road Bikes,"Road-350-W Yellow, 44",2,1083,1701,692,2166,2858
53339,2011-12-11,11,December,2011,37,Adults (35-64),M,United States,California,Bikes,Mountain Bikes,"Mountain-400-W Silver, 46",1,420,769,334,420,754
60767,2011-12-11,11,December,2011,18,Youth (<25),F,United States,California,Bikes,Road Bikes,"Road-650 Black, 62",1,487,783,280,487,767
56869,2011-12-11,11,December,2011,27,Young Adults (25-34),M,Canada,British Columbia,Bikes,Mountain Bikes,"Mountain-200 Black, 46",1,1252,2295,1020,1252,2272
63549,2011-12-11,11,December,2011,29,Young Adults (25-34),F,United Kingdom,England,Bikes,Road Bikes,"Road-550-W Yellow, 38",1,713,1120,362,713,1075
65137,2011-12-12,12,December,2011,34,Young Adults (25-34),M,Germany,Saarland,Bikes,Road Bikes,"Road-650 Red, 48",1,487,783,155,487,642
53909,2011-12-12,12,December,2011,34,Young Adults (25-34),M,Australia,New South Wales,Bikes,Mountain Bikes,"Mountain-200 Black, 38",2,1252,2295,1489,2504,3993
61155,2011-12-12,12,December,2011,18,Youth (<25),M,Germany,Hessen,Bikes,Road Bikes,"Road-250 Black, 52",3,1555,2443,2151,4665,6816
61135,2011-12-12,12,December,2011,33,Young Adults (25-34),M,Germany,Saarland,Bikes,Road Bikes,"Road-250 Red, 44",1,1519,2443,484,1519,2003
53341,2011-12-12,12,December,2011,37,Adults (35-64),M,United States,California,Bikes,Mountain Bikes,"Mountain-400-W Silver, 46",4,420,769,1334,1680,3014
51577,2011-12-12,12,December,2011,35,Adults (35-64),F,Australia,Victoria,Bikes,Mountain Bikes,"Mountain-200 Silver, 42",1,1266,2320,567,1266,1833
62681,2011-12-12,12,December,2011,47,Adults (35-64),M,Germany,Nordrhein-Westfalen,Bikes,Road Bikes,"Road-650 Black, 44",4,487,783,777,1948,2725
70237,2011-12-12,12,December,2011,46,Adults (35-64),F,Australia,New South Wales,Bikes,Road Bikes,"Road-750 Black, 48",1,344,540,126,344,470
70463,2011-12-12,12,December,2011,27,Young Adults (25-34),M,Australia,Victoria,Bikes,Road Bikes,"Road-750 Black, 58",4,344,540,330,1376,1706
54773,2011-12-12,12,December,2011,38,Adults (35-64),F,United States,Washington,Bikes,Mountain Bikes,"Mountain-200 Silver, 42",1,1266,2320,544,1266,1810
58765,2011-12-12,12,December,2011,28,Young Adults (25-34),M,France,Nord,Bikes,Road Bikes,"Road-150 Red, 44",3,2171,3578,2826,6513,9339
50291,2011-12-12,12,December,2011,36,Adults (35-64),F,Australia,New South Wales,Bikes,Mountain Bikes,"Mountain-200 Silver, 42",4,1266,2320,3010,5064,8074
60601,2011-12-12,12,December,2011,23,Youth (<25),M,United States,Washington,Bikes,Road Bikes,"Road-750 Black, 52",2,344,540,154,688,842
60171,2011-12-12,12,December,2011,37,Adults (35-64),M,France,Seine (Paris),Bikes,Road Bikes,"Road-150 Red, 44",1,2171,3578,763,2171,2934
70997,2011-12-12,12,December,2011,43,Adults (35-64),M,United States,California,Bikes,Road Bikes,"Road-150 Red, 48",3,2171,3578,4006,6513,10519
60211,2011-12-12,12,December,2011,52,Adults (35-64),F,United Kingdom,England,Bikes,Road Bikes,"Road-250 Black, 58",3,1555,2443,2371,4665,7036
68193,2011-12-12,12,December,2011,33,Young Adults (25-34),F,United Kingdom,England,Bikes,Road Bikes,"Road-350-W Yellow, 48",3,1083,1701,1650,3249,4899
55457,2011-12-13,13,December,2011,49,Adults (35-64),M,United Kingdom,England,Bikes,Mountain Bikes,"Mountain-200 Black, 38",1,1252,2295,951,1252,2203
67197,2011-12-13,13,December,2011,69,Seniors (64+),M,Australia,Queensland,Bikes,Road Bikes,"Road-250 Red, 58",1,1555,2443,497,1555,2052
60251,2011-12-13,13,December,2011,54,Adults (35-64),F,United States,Washington,Bikes,Road Bikes,"Road-650 Red, 58",1,487,783,124,487,611
70465,2011-12-13,13,December,2011,27,Young Adults (25-34),M,Australia,Victoria,Bikes,Road Bikes,"Road-750 Black, 58",1,344,540,83,344,427
64459,2011-12-13,13,December,2011,29,Young Adults (25-34),F,Australia,Queensland,Bikes,Road Bikes,"Road-250 Black, 44",2,1555,2443,994,3110,4104
67739,2011-12-13,13,December,2011,28,Young Adults (25-34),M,Australia,New South Wales,Bikes,Road Bikes,"Road-350-W Yellow, 42",4,1083,1701,1587,4332,5919
62265,2011-12-13,13,December,2011,35,Adults (35-64),F,Germany,Saarland,Bikes,Road Bikes,"Road-350-W Yellow, 44",1,1083,1701,312,1083,1395
52055,2011-12-13,13,December,2011,44,Adults (35-64),F,United Kingdom,England,Bikes,Mountain Bikes,"Mountain-200 Black, 38",1,1252,2295,951,1252,2203
50171,2011-12-13,13,December,2011,32,Young Adults (25-34),F,Australia,Queensland,Bikes,Mountain Bikes,"Mountain-200 Silver, 42",3,1266,2320,2048,3798,5846
63525,2011-12-13,13,December,2011,28,Young Adults (25-34),F,France,Moselle,Bikes,Road Bikes,"Road-350-W Yellow, 40",2,1083,1701,828,2166,2994
56605,2011-12-13,13,December,2011,40,Adults (35-64),F,United States,California,Bikes,Mountain Bikes,"Mountain-500 Silver, 40",1,308,565,246,308,554
67263,2011-12-13,13,December,2011,37,Adults (35-64),M,Australia,New South Wales,Bikes,Road Bikes,"Road-350-W Yellow, 42",1,1083,1701,397,1083,1480
68313,2011-12-14,14,December,2011,37,Adults (35-64),M,Germany,Saarland,Bikes,Road Bikes,"Road-550-W Yellow, 38",1,713,1120,205,713,918
59999,2011-12-14,14,December,2011,33,Young Adults (25-34),F,Germany,Hessen,Bikes,Road Bikes,"Road-150 Red, 56",4,2171,3578,4626,8684,13310
66851,2011-12-14,14,December,2011,32,Young Adults (25-34),M,France,Hauts de Seine,Bikes,Road Bikes,"Road-550-W Yellow, 42",3,713,1120,986,2139,3125
59681,2011-12-14,14,December,2011,55,Adults (35-64),M,United States,Washington,Bikes,Road Bikes,"Road-550-W Yellow, 42",1,713,1120,161,713,874
67567,2011-12-14,14,December,2011,46,Adults (35-64),F,Australia,Victoria,Bikes,Road Bikes,"Road-750 Black, 48",4,344,540,330,1376,1706
60843,2011-12-14,14,December,2011,44,Adults (35-64),M,United States,California,Bikes,Road Bikes,"Road-750 Black, 48",1,344,540,185,344,529
57457,2011-12-14,14,December,2011,30,Young Adults (25-34),F,United States,Washington,Bikes,Mountain Bikes,"Mountain-200 Silver, 38",2,1266,2320,1087,2532,3619
59969,2011-12-14,14,December,2011,32,Young Adults (25-34),M,France,Seine (Paris),Bikes,Road Bikes,"Road-150 Red, 48",3,2171,3578,2289,6513,8802
58251,2011-12-14,14,December,2011,43,Adults (35-64),F,United States,California,Bikes,Road Bikes,"Road-150 Red, 44",2,2171,3578,2671,4342,7013
58983,2011-12-14,14,December,2011,40,Adults (35-64),F,Germany,Hessen,Bikes,Road Bikes,"Road-150 Red, 44",1,2171,3578,1157,2171,3328
68903,2011-12-14,14,December,2011,36,Adults (35-64),F,Australia,Victoria,Bikes,Road Bikes,"Road-550-W Yellow, 48",1,713,1120,172,713,885
55517,2011-12-14,14,December,2011,32,Young Adults (25-34),F,Australia,Victoria,Bikes,Mountain Bikes,"Mountain-400-W Silver, 46",1,420,769,188,420,608
61125,2011-12-14,14,December,2011,30,Young Adults (25-34),M,France,Seine Saint Denis,Bikes,Road Bikes,"Road-250 Black, 48",2,1555,2443,897,3110,4007
63953,2011-12-14,14,December,2011,44,Adults (35-64),M,Australia,New South Wales,Bikes,Road Bikes,"Road-250 Red, 58",1,1555,2443,570,1555,2125
50099,2011-12-14,14,December,2011,32,Young Adults (25-34),M,United States,California,Bikes,Mountain Bikes,"Mountain-200 Black, 46",1,1252,2295,997,1252,2249
61449,2011-12-14,14,December,2011,36,Adults (35-64),F,Australia,South Australia,Bikes,Road Bikes,"Road-150 Red, 52",2,2171,3578,1526,4342,5868
65819,2011-12-15,15,December,2011,47,Adults (35-64),M,United Kingdom,England,Bikes,Road Bikes,"Road-650 Black, 62",2,487,783,529,974,1503
59167,2011-12-15,15,December,2011,23,Youth (<25),M,United Kingdom,England,Bikes,Road Bikes,"Road-150 Red, 52",4,2171,3578,5056,8684,13740
62095,2011-12-15,15,December,2011,36,Adults (35-64),M,Germany,Saarland,Bikes,Road Bikes,"Road-350-W Yellow, 48",3,1083,1701,935,3249,4184
67155,2011-12-15,15,December,2011,28,Young Adults (25-34),F,Australia,New South Wales,Bikes,Road Bikes,"Road-250 Black, 52",4,1555,2443,2282,6220,8502
57963,2011-12-15,15,December,2011,29,Young Adults (25-34),F,United States,California,Bikes,Mountain Bikes,"Mountain-200 Silver, 42",1,1266,2320,1008,1266,2274
70999,2011-12-16,16,December,2011,43,Adults (35-64),M,United States,California,Bikes,Road Bikes,"Road-150 Red, 48",1,2171,3578,1335,2171,3506
60387,2011-12-16,16,December,2011,18,Youth (<25),F,United States,Oregon,Bikes,Road Bikes,"Road-650 Red, 48",1,487,783,186,487,673
51625,2011-12-16,16,December,2011,38,Adults (35-64),M,Australia,New South Wales,Bikes,Mountain Bikes,"Mountain-200 Black, 38",2,1252,2295,1489,2504,3993
52517,2011-12-16,16,December,2011,33,Young Adults (25-34),F,Australia,New South Wales,Bikes,Mountain Bikes,"Mountain-200 Black, 38",2,1252,2295,1489,2504,3993
60427,2011-12-16,16,December,2011,29,Young Adults (25-34),M,United States,Oregon,Bikes,Road Bikes,"Road-650 Black, 44",2,487,783,373,974,1347
58087,2011-12-16,16,December,2011,27,Young Adults (25-34),F,France,Seine et Marne,Bikes,Mountain Bikes,"Mountain-200 Silver, 46",1,1266,2320,636,1266,1902
60825,2011-12-16,16,December,2011,26,Young Adults (25-34),F,Germany,Hessen,Bikes,Road Bikes,"Road-250 Red, 58",3,1555,2443,2151,4665,6816
69915,2011-12-16,16,December,2011,42,Adults (35-64),F,Australia,Queensland,Bikes,Road Bikes,"Road-550-W Yellow, 40",1,713,1120,228,713,941
59971,2011-12-16,16,December,2011,32,Young Adults (25-34),M,France,Seine (Paris),Bikes,Road Bikes,"Road-150 Red, 48",1,2171,3578,763,2171,2934
68151,2011-12-16,16,December,2011,28,Young Adults (25-34),M,France,Seine (Paris),Bikes,Road Bikes,"Road-550-W Yellow, 44",1,713,1120,205,713,918
68811,2011-12-16,16,December,2011,48,Adults (35-64),F,Canada,British Columbia,Bikes,Road Bikes,"Road-750 Black, 58",4,344,540,762,1376,2138
64563,2011-12-17,17,December,2011,18,Youth (<25),M,United States,California,Bikes,Road Bikes,"Road-550-W Yellow, 40",4,713,1120,1538,2852,4390
61061,2011-12-17,17,December,2011,40,Adults (35-64),F,United States,California,Bikes,Road Bikes,"Road-250 Black, 58",1,1555,2443,839,1555,2394
60975,2011-12-17,17,December,2011,43,Adults (35-64),F,Australia,New South Wales,Bikes,Road Bikes,"Road-150 Red, 56",1,2171,3578,942,2171,3113
63259,2011-12-17,17,December,2011,44,Adults (35-64),M,United Kingdom,England,Bikes,Road Bikes,"Road-550-W Yellow, 48",1,713,1120,362,713,1075
69917,2011-12-17,17,December,2011,42,Adults (35-64),F,Australia,Queensland,Bikes,Road Bikes,"Road-550-W Yellow, 40",1,713,1120,228,713,941
55491,2011-12-17,17,December,2011,31,Young Adults (25-34),M,Australia,New South Wales,Bikes,Mountain Bikes,"Mountain-400-W Silver, 42",1,420,769,249,420,669
66175,2011-12-17,17,December,2011,27,Young Adults (25-34),M,Australia,Queensland,Bikes,Road Bikes,"Road-250 Black, 44",4,1555,2443,1988,6220,8208
57073,2011-12-17,17,December,2011,42,Adults (35-64),F,Germany,Nordrhein-Westfalen,Bikes,Mountain Bikes,"Mountain-200 Silver, 46",1,1266,2320,752,1266,2018
67235,2011-12-17,17,December,2011,36,Adults (35-64),F,Australia,New South Wales,Bikes,Road Bikes,"Road-350-W Yellow, 40",4,1083,1701,1587,4332,5919
66315,2011-12-17,17,December,2011,42,Adults (35-64),F,Australia,Victoria,Bikes,Road Bikes,"Road-750 Black, 48",4,344,540,330,1376,1706
53227,2011-12-17,17,December,2011,37,Adults (35-64),F,United States,Washington,Bikes,Mountain Bikes,"Mountain-200 Silver, 38",2,1266,2320,1087,2532,3619
69555,2011-12-18,18,December,2011,47,Adults (35-64),M,Australia,Victoria,Bikes,Road Bikes,"Road-750 Black, 48",2,344,540,165,688,853
58093,2011-12-18,18,December,2011,26,Young Adults (25-34),M,France,Seine (Paris),Bikes,Mountain Bikes,"Mountain-200 Black, 46",1,1252,2295,630,1252,1882
62909,2011-12-18,18,December,2011,45,Adults (35-64),F,Australia,New South Wales,Bikes,Road Bikes,"Road-550-W Yellow, 40",1,713,1120,261,713,974
58067,2011-12-18,18,December,2011,24,Youth (<25),F,France,Seine Saint Denis,Bikes,Mountain Bikes,"Mountain-200 Silver, 38",3,1266,2320,1909,3798,5707
54791,2011-12-18,18,December,2011,39,Adults (35-64),M,United States,California,Bikes,Mountain Bikes,"Mountain-200 Black, 42",3,1252,2295,2991,3756,6747
62029,2011-12-18,18,December,2011,26,Young Adults (25-34),F,France,Hauts de Seine,Bikes,Road Bikes,"Road-250 Red, 52",3,1519,2443,2259,4557,6816
55177,2011-12-18,18,December,2011,35,Adults (35-64),F,Australia,New South Wales,Bikes,Mountain Bikes,"Mountain-500 Silver, 42",4,308,565,734,1232,1966
50619,2011-12-18,18,December,2011,38,Adults (35-64),F,Germany,Nordrhein-Westfalen,Bikes,Mountain Bikes,"Mountain-200 Silver, 46",4,1266,2320,3010,5064,8074
57621,2011-12-18,18,December,2011,36,Adults (35-64),M,United States,Washington,Bikes,Mountain Bikes,"Mountain-200 Silver, 38",1,1266,2320,544,1266,1810
55603,2011-12-18,18,December,2011,26,Young Adults (25-34),F,United Kingdom,England,Bikes,Mountain Bikes,"Mountain-400-W Silver, 42",3,420,769,955,1260,2215
57641,2011-12-19,19,December,2011,39,Adults (35-64),F,United States,Washington,Bikes,Mountain Bikes,"Mountain-200 Silver, 38",1,1266,2320,544,1266,1810
55935,2011-12-19,19,December,2011,39,Adults (35-64),F,United States,California,Bikes,Mountain Bikes,"Mountain-200 Black, 46",4,1252,2295,3988,5008,8996
51639,2011-12-19,19,December,2011,63,Adults (35-64),F,Australia,Queensland,Bikes,Mountain Bikes,"Mountain-200 Black, 46",4,1252,2295,2703,5008,7711
67293,2011-12-19,19,December,2011,57,Adults (35-64),F,Australia,New South Wales,Bikes,Road Bikes,"Road-350-W Yellow, 44",1,1083,1701,397,1083,1480
50591,2011-12-19,19,December,2011,18,Youth (<25),M,Australia,South Australia,Bikes,Mountain Bikes,"Mountain-500 Black, 40",2,295,540,296,590,886
50585,2011-12-19,19,December,2011,56,Adults (35-64),F,Germany,Hessen,Bikes,Mountain Bikes,"Mountain-200 Black, 46",2,1252,2295,1765,2504,4269
57299,2011-12-19,19,December,2011,35,Adults (35-64),F,United States,Oregon,Bikes,Mountain Bikes,"Mountain-100 Black, 48",4,1898,3375,4018,7592,11610
49569,2011-12-19,19,December,2011,37,Adults (35-64),M,United States,Oregon,Bikes,Mountain Bikes,"Mountain-200 Black, 38",4,1252,2295,2887,5008,7895
58061,2011-12-19,19,December,2011,17,Youth (<25),M,France,Nord,Bikes,Mountain Bikes,"Mountain-200 Silver, 46",4,1266,2320,3010,5064,8074
60121,2011-12-19,19,December,2011,24,Youth (<25),F,France,Garonne (Haute),Bikes,Road Bikes,"Road-250 Red, 44",4,1519,2443,3110,6076,9186
67847,2011-12-19,19,December,2011,38,Adults (35-64),M,Australia,New South Wales,Bikes,Road Bikes,"Road-550-W Yellow, 42",1,713,1120,261,713,974
58079,2011-12-19,19,December,2011,25,Young Adults (25-34),M,France,Seine (Paris),Bikes,Mountain Bikes,"Mountain-200 Black, 38",4,1252,2295,2520,5008,7528
51077,2011-12-19,19,December,2011,19,Youth (<25),F,Australia,Victoria,Bikes,Mountain Bikes,"Mountain-500 Black, 44",4,295,540,526,1180,1706
62685,2011-12-19,19,December,2011,50,Adults (35-64),F,Germany,Nordrhein-Westfalen,Bikes,Road Bikes,"Road-550-W Yellow, 42",3,713,1120,784,2139,2923
51595,2011-12-20,20,December,2011,35,Adults (35-64),F,Australia,Queensland,Bikes,Mountain Bikes,"Mountain-200 Silver, 38",1,1266,2320,683,1266,1949
49327,2011-12-20,20,December,2011,33,Young Adults (25-34),F,Australia,Victoria,Bikes,Mountain Bikes,"Mountain-100 Black, 38",4,1898,3375,3073,7592,10665
51653,2011-12-20,20,December,2011,57,Adults (35-64),M,Australia,Queensland,Bikes,Mountain Bikes,"Mountain-200 Black, 46",4,1252,2295,2703,5008,7711
61391,2011-12-20,20,December,2011,42,Adults (35-64),M,Australia,New South Wales,Bikes,Road Bikes,"Road-150 Red, 44",3,2171,3578,2826,6513,9339
71001,2011-12-20,20,December,2011,43,Adults (35-64),M,United States,California,Bikes,Road Bikes,"Road-150 Red, 48",2,2171,3578,2671,4342,7013
60091,2011-12-20,20,December,2011,33,Young Adults (25-34),M,France,Charente-Maritime,Bikes,Road Bikes,"Road-250 Black, 52",3,1555,2443,2517,4665,7182
65851,2011-12-20,20,December,2011,27,Young Adults (25-34),F,Canada,British Columbia,Bikes,Road Bikes,"Road-550-W Yellow, 48",1,713,1120,396,713,1109
69251,2011-12-20,20,December,2011,34,Young Adults (25-34),F,United Kingdom,England,Bikes,Road Bikes,"Road-350-W Yellow, 42",4,1083,1701,2200,4332,6532
60095,2011-12-20,20,December,2011,35,Adults (35-64),M,France,Loiret,Bikes,Road Bikes,"Road-150 Red, 52",3,2171,3578,3040,6513,9553
61633,2011-12-20,20,December,2011,43,Adults (35-64),M,United States,Washington,Bikes,Road Bikes,"Road-350-W Yellow, 40",1,1083,1701,244,1083,1327
52699,2011-12-20,20,December,2011,35,Adults (35-64),M,Australia,Victoria,Bikes,Mountain Bikes,"Mountain-200 Silver, 38",1,1266,2320,567,1266,1833
57107,2011-12-20,20,December,2011,29,Young Adults (25-34),M,Canada,British Columbia,Bikes,Mountain Bikes,"Mountain-500 Black, 52",3,295,540,719,885,1604
60395,2011-12-20,20,December,2011,51,Adults (35-64),F,Australia,New South Wales,Bikes,Road Bikes,"Road-350-W Yellow, 40",1,1083,1701,397,1083,1480
67205,2011-12-20,20,December,2011,35,Adults (35-64),F,Australia,Queensland,Bikes,Road Bikes,"Road-350-W Yellow, 44",1,1083,1701,346,1083,1429
58095,2011-12-21,21,December,2011,26,Young Adults (25-34),M,France,Somme,Bikes,Mountain Bikes,"Mountain-200 Silver, 38",3,1266,2320,1909,3798,5707
52177,2011-12-21,21,December,2011,23,Youth (<25),M,United Kingdom,England,Bikes,Mountain Bikes,"Mountain-400-W Silver, 46",2,420,769,636,840,1476
65437,2011-12-21,21,December,2011,27,Young Adults (25-34),F,Australia,Queensland,Bikes,Road Bikes,"Road-250 Red, 58",1,1555,2443,497,1555,2052
58081,2011-12-22,22,December,2011,25,Young Adults (25-34),M,France,Seine (Paris),Bikes,Mountain Bikes,"Mountain-200 Black, 38",1,1252,2295,630,1252,1882
57459,2011-12-22,22,December,2011,30,Young Adults (25-34),F,United States,Washington,Bikes,Mountain Bikes,"Mountain-200 Silver, 38",3,1266,2320,1631,3798,5429
50567,2011-12-22,22,December,2011,41,Adults (35-64),M,Germany,Hessen,Bikes,Mountain Bikes,"Mountain-200 Silver, 38",1,1266,2320,892,1266,2158
58185,2011-12-22,22,December,2011,40,Adults (35-64),F,United Kingdom,England,Bikes,Road Bikes,"Road-750 Black, 58",3,344,540,523,1032,1555
57013,2011-12-22,22,December,2011,27,Young Adults (25-34),F,Canada,British Columbia,Bikes,Mountain Bikes,"Mountain-200 Black, 46",1,1252,2295,1020,1252,2272
63551,2011-12-22,22,December,2011,29,Young Adults (25-34),F,United Kingdom,England,Bikes,Road Bikes,"Road-550-W Yellow, 38",1,713,1120,362,713,1075
58825,2011-12-22,22,December,2011,28,Young Adults (25-34),M,United States,California,Bikes,Road Bikes,"Road-150 Red, 62",2,2171,3578,2671,4342,7013
51071,2011-12-22,22,December,2011,19,Youth (<25),F,Australia,New South Wales,Bikes,Mountain Bikes,"Mountain-500 Silver, 42",1,308,565,184,308,492
67423,2011-12-22,22,December,2011,28,Young Adults (25-34),F,United States,California,Bikes,Road Bikes,"Road-750 Black, 44",1,344,540,185,344,529
57651,2011-12-22,22,December,2011,41,Adults (35-64),M,United States,California,Bikes,Mountain Bikes,"Mountain-200 Black, 42",3,1252,2295,2991,3756,6747
64565,2011-12-22,22,December,2011,18,Youth (<25),M,United States,California,Bikes,Road Bikes,"Road-550-W Yellow, 40",1,713,1120,385,713,1098
64725,2011-12-22,22,December,2011,42,Adults (35-64),M,United Kingdom,England,Bikes,Road Bikes,"Road-650 Red, 58",1,487,783,265,487,752
61635,2011-12-23,23,December,2011,43,Adults (35-64),M,United States,Washington,Bikes,Road Bikes,"Road-350-W Yellow, 40",1,1083,1701,244,1083,1327
59695,2011-12-23,23,December,2011,23,Youth (<25),M,United States,Oregon,Bikes,Road Bikes,"Road-350-W Yellow, 42",3,1083,1701,1140,3249,4389
67287,2011-12-23,23,December,2011,57,Adults (35-64),F,Australia,Queensland,Bikes,Road Bikes,"Road-150 Red, 52",1,2171,3578,835,2171,3006
68891,2011-12-23,23,December,2011,34,Young Adults (25-34),F,Australia,South Australia,Bikes,Road Bikes,"Road-550-W Yellow, 40",2,713,1120,411,1426,1837
58901,2011-12-23,23,December,2011,22,Youth (<25),M,United States,California,Bikes,Road Bikes,"Road-250 Red, 44",2,1519,2443,1750,3038,4788
56517,2011-12-23,23,December,2011,35,Adults (35-64),F,United States,California,Bikes,Mountain Bikes,"Mountain-500 Black, 42",1,295,540,234,295,529
59443,2011-12-23,23,December,2011,19,Youth (<25),M,United States,California,Bikes,Road Bikes,"Road-550-W Yellow, 42",1,713,1120,385,713,1098
63909,2011-12-23,23,December,2011,34,Young Adults (25-34),M,Australia,Queensland,Bikes,Road Bikes,"Road-250 Black, 58",2,1555,2443,994,3110,4104
65295,2011-12-23,23,December,2011,29,Young Adults (25-34),M,United Kingdom,England,Bikes,Road Bikes,"Road-350-W Yellow, 48",4,1083,1701,2200,4332,6532
50089,2011-12-23,23,December,2011,30,Young Adults (25-34),F,United States,Oregon,Bikes,Mountain Bikes,"Mountain-200 Silver, 42",1,1266,2320,729,1266,1995
52241,2011-12-23,23,December,2011,31,Young Adults (25-34),F,Canada,British Columbia,Bikes,Mountain Bikes,"Mountain-200 Black, 42",1,1252,2295,1020,1252,2272
60165,2011-12-23,23,December,2011,37,Adults (35-64),F,France,Seine Saint Denis,Bikes,Road Bikes,"Road-150 Red, 48",1,2171,3578,763,2171,2934
50555,2011-12-24,24,December,2011,40,Adults (35-64),F,Germany,Hessen,Bikes,Mountain Bikes,"Mountain-200 Black, 46",1,1252,2295,882,1252,2134
58077,2011-12-24,24,December,2011,25,Young Adults (25-34),M,France,Seine Saint Denis,Bikes,Mountain Bikes,"Mountain-200 Silver, 42",3,1266,2320,1909,3798,5707
70381,2011-12-24,24,December,2011,36,Adults (35-64),M,Australia,Queensland,Bikes,Road Bikes,"Road-550-W Yellow, 44",2,713,1120,456,1426,1882
65025,2011-12-24,24,December,2011,36,Adults (35-64),M,Germany,Hessen,Bikes,Road Bikes,"Road-550-W Yellow, 48",1,713,1120,329,713,1042
57579,2011-12-24,24,December,2011,34,Young Adults (25-34),F,United States,California,Bikes,Mountain Bikes,"Mountain-200 Black, 42",1,1252,2295,997,1252,2249
51981,2011-12-24,24,December,2011,19,Youth (<25),F,Australia,South Australia,Bikes,Mountain Bikes,"Mountain-200 Silver, 38",2,1266,2320,1273,2532,3805
65297,2011-12-24,24,December,2011,29,Young Adults (25-34),M,United Kingdom,England,Bikes,Road Bikes,"Road-350-W Yellow, 48",1,1083,1701,550,1083,1633
64845,2011-12-24,24,December,2011,27,Young Adults (25-34),M,United States,California,Bikes,Road Bikes,"Road-550-W Yellow, 42",1,713,1120,385,713,1098
68137,2011-12-24,24,December,2011,27,Young Adults (25-34),F,France,Yveline,Bikes,Road Bikes,"Road-750 Black, 52",1,344,540,66,344,410
67461,2011-12-24,24,December,2011,24,Youth (<25),M,United Kingdom,England,Bikes,Road Bikes,"Road-750 Black, 44",1,344,540,174,344,518
51619,2011-12-24,24,December,2011,37,Adults (35-64),F,Australia,Victoria,Bikes,Mountain Bikes,"Mountain-200 Silver, 38",1,1266,2320,567,1266,1833
62683,2011-12-24,24,December,2011,49,Adults (35-64),F,Germany,Nordrhein-Westfalen,Bikes,Road Bikes,"Road-250 Red, 58",3,1555,2443,1711,4665,6376
51569,2011-12-24,24,December,2011,38,Adults (35-64),M,Australia,Queensland,Bikes,Mountain Bikes,"Mountain-200 Black, 42",4,1252,2295,2703,5008,7711
62779,2011-12-25,25,December,2011,34,Young Adults (25-34),F,Australia,Queensland,Bikes,Road Bikes,"Road-150 Red, 62",1,2171,3578,835,2171,3006
63007,2011-12-25,25,December,2011,25,Young Adults (25-34),M,Germany,Bayern,Bikes,Road Bikes,"Road-250 Black, 52",3,1555,2443,2591,4665,7256
69213,2011-12-25,25,December,2011,31,Young Adults (25-34),M,United Kingdom,England,Bikes,Road Bikes,"Road-350-W Yellow, 40",4,1083,1701,2200,4332,6532
54573,2011-12-25,25,December,2011,38,Adults (35-64),F,Australia,Victoria,Bikes,Mountain Bikes,"Mountain-200 Silver, 38",2,1266,2320,1134,2532,3666
68341,2011-12-25,25,December,2011,50,Adults (35-64),M,Australia,New South Wales,Bikes,Road Bikes,"Road-750 Black, 52",1,344,540,126,344,470
53637,2011-12-25,25,December,2011,37,Adults (35-64),F,Germany,Nordrhein-Westfalen,Bikes,Mountain Bikes,"Mountain-200 Silver, 38",3,1266,2320,2257,3798,6055
68139,2011-12-25,25,December,2011,27,Young Adults (25-34),F,France,Yveline,Bikes,Road Bikes,"Road-750 Black, 52",1,344,540,66,344,410
60845,2011-12-25,25,December,2011,44,Adults (35-64),M,United States,California,Bikes,Road Bikes,"Road-750 Black, 48",1,344,540,185,344,529
50815,2011-12-26,26,December,2011,25,Young Adults (25-34),F,United Kingdom,England,Bikes,Mountain Bikes,"Mountain-200 Black, 42",1,1252,2295,951,1252,2203
67489,2011-12-26,26,December,2011,42,Adults (35-64),M,United States,Washington,Bikes,Road Bikes,"Road-750 Black, 44",1,344,540,77,344,421
51563,2011-12-26,26,December,2011,38,Adults (35-64),F,Australia,Queensland,Bikes,Mountain Bikes,"Mountain-200 Black, 38",3,1252,2295,2027,3756,5783
61547,2011-12-26,26,December,2011,24,Youth (<25),M,Canada,British Columbia,Bikes,Road Bikes,"Road-350-W Yellow, 48",1,1083,1701,601,1083,1684
60547,2011-12-26,26,December,2011,28,Young Adults (25-34),M,France,Seine Saint Denis,Bikes,Road Bikes,"Road-250 Red, 44",1,1519,2443,484,1519,2003
56449,2011-12-26,26,December,2011,34,Young Adults (25-34),M,United States,California,Bikes,Mountain Bikes,"Mountain-500 Black, 40",1,295,540,234,295,529
52861,2011-12-26,26,December,2011,54,Adults (35-64),M,Australia,Victoria,Bikes,Mountain Bikes,"Mountain-200 Black, 38",2,1252,2295,1122,2504,3626
53295,2011-12-26,26,December,2011,30,Young Adults (25-34),M,United States,California,Bikes,Mountain Bikes,"Mountain-400-W Silver, 38",2,420,769,667,840,1507
61253,2011-12-27,27,December,2011,36,Adults (35-64),F,Germany,Hessen,Bikes,Road Bikes,"Road-250 Black, 58",1,1555,2443,717,1555,2272
61379,2011-12-27,27,December,2011,26,Young Adults (25-34),F,Australia,Victoria,Bikes,Road Bikes,"Road-150 Red, 48",4,2171,3578,2622,8684,11306
67073,2011-12-27,27,December,2011,37,Adults (35-64),M,Canada,British Columbia,Bikes,Road Bikes,"Road-750 Black, 44",2,344,540,381,688,1069
56253,2011-12-27,27,December,2011,44,Adults (35-64),M,United Kingdom,England,Bikes,Mountain Bikes,"Mountain-200 Silver, 42",2,1266,2320,1922,2532,4454
62949,2011-12-27,27,December,2011,41,Adults (35-64),F,Australia,Victoria,Bikes,Road Bikes,"Road-150 Red, 48",1,2171,3578,656,2171,2827
52667,2011-12-27,27,December,2011,38,Adults (35-64),M,Australia,Victoria,Bikes,Mountain Bikes,"Mountain-200 Silver, 42",1,1266,2320,567,1266,1833
69537,2011-12-27,27,December,2011,49,Adults (35-64),M,Australia,New South Wales,Bikes,Road Bikes,"Road-750 Black, 52",1,344,540,126,344,470
59245,2011-12-27,27,December,2011,42,Adults (35-64),F,United States,California,Bikes,Road Bikes,"Road-250 Black, 52",1,1555,2443,839,1555,2394
60819,2011-12-27,27,December,2011,26,Young Adults (25-34),M,France,Essonne,Bikes,Road Bikes,"Road-250 Black, 52",1,1555,2443,790,1555,2345
65487,2011-12-28,28,December,2011,35,Adults (35-64),F,Australia,New South Wales,Bikes,Road Bikes,"Road-350-W Yellow, 48",4,1083,1701,1587,4332,5919
55937,2011-12-28,28,December,2011,39,Adults (35-64),F,United States,California,Bikes,Mountain Bikes,"Mountain-200 Black, 46",1,1252,2295,997,1252,2249
49443,2011-12-28,28,December,2011,34,Young Adults (25-34),M,Australia,Victoria,Bikes,Mountain Bikes,"Mountain-100 Black, 42",1,1898,3375,768,1898,2666
55493,2011-12-28,28,December,2011,31,Young Adults (25-34),M,Australia,New South Wales,Bikes,Mountain Bikes,"Mountain-400-W Silver, 42",3,420,769,747,1260,2007
57461,2011-12-28,28,December,2011,30,Young Adults (25-34),F,United States,Washington,Bikes,Mountain Bikes,"Mountain-200 Silver, 38",2,1266,2320,1087,2532,3619
63785,2011-12-28,28,December,2011,46,Adults (35-64),M,Germany,Saarland,Bikes,Road Bikes,"Road-650 Red, 58",1,487,783,155,487,642
67055,2011-12-28,28,December,2011,36,Adults (35-64),M,Canada,British Columbia,Bikes,Road Bikes,"Road-750 Black, 44",3,344,540,572,1032,1604
51973,2011-12-28,28,December,2011,19,Youth (<25),M,Australia,Victoria,Bikes,Mountain Bikes,"Mountain-500 Silver, 52",3,308,565,415,924,1339
52057,2011-12-28,28,December,2011,44,Adults (35-64),F,United Kingdom,England,Bikes,Mountain Bikes,"Mountain-200 Black, 38",3,1252,2295,2854,3756,6610
64031,2011-12-28,28,December,2011,45,Adults (35-64),F,Australia,Queensland,Bikes,Road Bikes,"Road-750 Black, 48",4,344,540,438,1376,1814
50713,2011-12-29,29,December,2011,43,Adults (35-64),M,United Kingdom,England,Bikes,Mountain Bikes,"Mountain-200 Silver, 42",2,1266,2320,1922,2532,4454
60977,2011-12-29,29,December,2011,43,Adults (35-64),F,Australia,New South Wales,Bikes,Road Bikes,"Road-150 Red, 56",1,2171,3578,942,2171,3113
71157,2011-12-29,29,December,2011,26,Young Adults (25-34),F,Canada,British Columbia,Bikes,Road Bikes,"Road-250 Red, 44",1,1519,2443,900,1519,2419
67951,2011-12-29,29,December,2011,45,Adults (35-64),F,United States,California,Bikes,Road Bikes,"Road-750 Black, 52",1,344,540,185,344,529
67373,2011-12-29,29,December,2011,22,Youth (<25),F,United States,California,Bikes,Road Bikes,"Road-750 Black, 44",1,344,540,185,344,529
62267,2011-12-29,29,December,2011,35,Adults (35-64),F,Germany,Saarland,Bikes,Road Bikes,"Road-350-W Yellow, 44",1,1083,1701,312,1083,1395
60117,2011-12-29,29,December,2011,23,Youth (<25),F,France,Seine (Paris),Bikes,Road Bikes,"Road-150 Red, 52",1,2171,3578,763,2171,2934
70609,2011-12-29,29,December,2011,44,Adults (35-64),F,Australia,Queensland,Bikes,Road Bikes,"Road-750 Black, 48",2,344,540,219,688,907
66397,2011-12-29,29,December,2011,25,Young Adults (25-34),M,Canada,British Columbia,Bikes,Road Bikes,"Road-150 Red, 62",3,2171,3578,4114,6513,10627
66889,2011-12-29,29,December,2011,34,Young Adults (25-34),M,United Kingdom,England,Bikes,Road Bikes,"Road-550-W Yellow, 44",1,713,1120,362,713,1075
61163,2011-12-29,29,December,2011,23,Youth (<25),F,Germany,Hessen,Bikes,Road Bikes,"Road-250 Red, 48",3,1519,2443,2259,4557,6816
62013,2011-12-29,29,December,2011,26,Young Adults (25-34),F,United Kingdom,England,Bikes,Road Bikes,"Road-350-W Yellow, 44",3,1083,1701,1650,3249,4899
63595,2011-12-29,29,December,2011,30,Young Adults (25-34),M,France,Moselle,Bikes,Road Bikes,"Road-550-W Yellow, 38",2,713,1120,545,1426,1971
60125,2011-12-29,29,December,2011,24,Youth (<25),F,France,Pas de Calais,Bikes,Road Bikes,"Road-250 Red, 52",4,1519,2443,2230,6076,8306
59169,2011-12-30,30,December,2011,23,Youth (<25),M,United Kingdom,England,Bikes,Road Bikes,"Road-150 Red, 52",3,2171,3578,3792,6513,10305
50817,2011-12-30,30,December,2011,25,Young Adults (25-34),F,United Kingdom,England,Bikes,Mountain Bikes,"Mountain-200 Black, 42",2,1252,2295,1902,2504,4406
64461,2011-12-30,30,December,2011,29,Young Adults (25-34),F,Australia,Queensland,Bikes,Road Bikes,"Road-250 Black, 44",1,1555,2443,497,1555,2052
62735,2011-12-30,30,December,2011,30,Young Adults (25-34),M,Australia,Victoria,Bikes,Road Bikes,"Road-150 Red, 48",1,2171,3578,656,2171,2827
70239,2011-12-30,30,December,2011,46,Adults (35-64),F,Australia,New South Wales,Bikes,Road Bikes,"Road-750 Black, 48",1,344,540,126,344,470
70383,2011-12-30,30,December,2011,36,Adults (35-64),M,Australia,Queensland,Bikes,Road Bikes,"Road-550-W Yellow, 44",1,713,1120,228,713,941
58063,2011-12-30,30,December,2011,24,Youth (<25),F,France,Essonne,Bikes,Mountain Bikes,"Mountain-200 Black, 46",1,1252,2295,951,1252,2203
68785,2011-12-31,31,December,2011,26,Young Adults (25-34),M,Australia,Queensland,Bikes,Road Bikes,"Road-550-W Yellow, 42",1,713,1120,228,713,941
60213,2011-12-31,31,December,2011,52,Adults (35-64),F,United Kingdom,England,Bikes,Road Bikes,"Road-250 Black, 58",2,1555,2443,1581,3110,4691
64899,2011-12-31,31,December,2011,25,Young Adults (25-34),F,Germany,Hessen,Bikes,Road Bikes,"Road-550-W Yellow, 38",1,713,1120,329,713,1042
69905,2011-12-31,31,December,2011,44,Adults (35-64),M,Australia,Victoria,Bikes,Road Bikes,"Road-550-W Yellow, 42",1,713,1120,172,713,885
60075,2011-12-31,31,December,2011,32,Young Adults (25-34),M,France,Seine Saint Denis,Bikes,Road Bikes,"Road-150 Red, 56",4,2171,3578,3052,8684,11736
50293,2011-12-31,31,December,2011,36,Adults (35-64),F,Australia,New South Wales,Bikes,Mountain Bikes,"Mountain-200 Silver, 42",3,1266,2320,2257,3798,6055
52519,2011-12-31,31,December,2011,33,Young Adults (25-34),F,Australia,New South Wales,Bikes,Mountain Bikes,"Mountain-200 Black, 38",1,1252,2295,745,1252,1997
