,Date,Day,Month,Year,Customer_Age,Age_Group,Customer_Gender,Country,State,Product_Category,Sub_Category,Product,Order_Quantity,Unit_Cost,Unit_Price,Profit,Cost,Revenue
58912,2012-01-01,1,January,2012,17,Youth (<25),M,Canada,British Columbia,Bikes,Road Bikes,"Road-250 Red, 44",2,1519,2443,1799,3038,4837
63710,2012-01-01,1,January,2012,39,Adults (35-64),M,United States,Washington,Bikes,Road Bikes,"Road-550-W Yellow, 38",2,713,1120,321,1426,1747
49786,2012-01-01,1,January,2012,23,Youth (<25),M,Australia,Victoria,Bikes,Mountain Bikes,"Mountain-200 Black, 46",2,1252,2295,1122,2504,3626
58728,2012-01-01,1,January,2012,33,Young Adults (25-34),F,France,Yveline,Bikes,Road Bikes,"Road-150 Red, 48",2,2171,3578,1097,4342,5439
60992,2012-01-01,1,January,2012,42,Adults (35-64),M,United States,California,Bikes,Road Bikes,"Road-750 Black, 44",2,344,540,370,688,1058
69062,2012-01-02,2,January,2012,32,Young Adults (25-34),M,United Kingdom,England,Bikes,Road Bikes,"Road-550-W Yellow, 38",2,713,1120,724,1426,2150
65740,2012-01-02,2,January,2012,35,Adults (35-64),F,United States,California,Bikes,Road Bikes,"Road-550-W Yellow, 48",2,713,1120,769,1426,2195
69600,2012-01-02,2,January,2012,40,Adults (35-64),M,Australia,Victoria,Bikes,Road Bikes,"Road-550-W Yellow, 40",2,713,1120,344,1426,1770
63132,2012-01-02,2,January,2012,41,Adults (35-64),F,Australia,Queensland,Bikes,Road Bikes,"Road-250 Red, 58",2,1555,2443,994,3110,4104
50624,2012-01-03,3,January,2012,38,Adults (35-64),M,United Kingdom,England,Bikes,Mountain Bikes,"Mountain-200 Silver, 42",2,1266,2320,1922,2532,4454
64014,2012-01-03,3,January,2012,47,Adults (35-64),M,Australia,South Australia,Bikes,Road Bikes,"Road-550-W Yellow, 44",2,713,1120,411,1426,1837
57952,2012-01-03,3,January,2012,29,Young Adults (25-34),F,United States,California,Bikes,Mountain Bikes,"Mountain-200 Silver, 42",2,1266,2320,2015,2532,4547
63128,2012-01-03,3,January,2012,45,Adults (35-64),F,Australia,South Australia,Bikes,Road Bikes,"Road-750 Black, 48",2,344,540,198,688,886
52848,2012-01-03,3,January,2012,28,Young Adults (25-34),M,United Kingdom,England,Bikes,Mountain Bikes,"Mountain-200 Black, 38",2,1252,2295,1902,2504,4406
67036,2012-01-03,3,January,2012,45,Adults (35-64),M,Canada,British Columbia,Bikes,Road Bikes,"Road-750 Black, 44",2,344,540,381,688,1069
70756,2012-01-03,3,January,2012,39,Adults (35-64),F,United States,California,Bikes,Road Bikes,"Road-150 Red, 48",2,2171,3578,2671,4342,7013
66308,2012-01-03,3,January,2012,42,Adults (35-64),F,Australia,Victoria,Bikes,Road Bikes,"Road-750 Black, 48",2,344,540,165,688,853
70702,2012-01-04,4,January,2012,38,Adults (35-64),F,United States,Washington,Bikes,Road Bikes,"Road-150 Red, 44",2,2171,3578,1240,4342,5582
58718,2012-01-04,4,January,2012,33,Young Adults (25-34),F,France,Nord,Bikes,Road Bikes,"Road-150 Red, 52",2,2171,3578,1884,4342,6226
63712,2012-01-04,4,January,2012,39,Adults (35-64),M,United States,Washington,Bikes,Road Bikes,"Road-550-W Yellow, 38",2,713,1120,321,1426,1747
60314,2012-01-04,4,January,2012,36,Adults (35-64),F,United States,California,Bikes,Road Bikes,"Road-650 Red, 62",2,487,783,561,974,1535
52850,2012-01-04,4,January,2012,28,Young Adults (25-34),M,United Kingdom,England,Bikes,Mountain Bikes,"Mountain-200 Black, 38",2,1252,2295,1902,2504,4406
70190,2012-01-05,5,January,2012,51,Adults (35-64),M,Canada,British Columbia,Bikes,Road Bikes,"Road-650 Black, 60",2,487,783,576,974,1550
62164,2012-01-05,5,January,2012,27,Young Adults (25-34),M,Germany,Hessen,Bikes,Road Bikes,"Road-350-W Yellow, 48",2,1083,1701,998,2166,3164
59814,2012-01-05,5,January,2012,37,Adults (35-64),M,United States,California,Bikes,Road Bikes,"Road-650 Red, 48",2,487,783,561,974,1535
71474,2012-01-06,6,January,2012,44,Adults (35-64),F,United States,California,Bikes,Road Bikes,"Road-150 Red, 62",2,2171,3578,2671,4342,7013
56768,2012-01-06,6,January,2012,26,Young Adults (25-34),F,Canada,British Columbia,Bikes,Mountain Bikes,"Mountain-500 Black, 44",2,295,540,479,590,1069
67024,2012-01-06,6,January,2012,48,Adults (35-64),M,Canada,British Columbia,Bikes,Road Bikes,"Road-750 Black, 48",2,344,540,381,688,1069
70592,2012-01-06,6,January,2012,19,Youth (<25),F,Canada,British Columbia,Bikes,Road Bikes,"Road-150 Red, 62",2,2171,3578,2742,4342,7084
65742,2012-01-06,6,January,2012,35,Adults (35-64),F,United States,California,Bikes,Road Bikes,"Road-550-W Yellow, 48",2,713,1120,769,1426,2195
65992,2012-01-06,6,January,2012,34,Young Adults (25-34),M,United States,Washington,Bikes,Road Bikes,"Road-750 Black, 48",2,344,540,154,688,842
65778,2012-01-07,7,January,2012,41,Adults (35-64),F,United Kingdom,England,Bikes,Road Bikes,"Road-550-W Yellow, 40",2,713,1120,724,1426,2150
69208,2012-01-07,7,January,2012,31,Young Adults (25-34),M,United Kingdom,England,Bikes,Road Bikes,"Road-350-W Yellow, 40",2,1083,1701,1100,2166,3266
67726,2012-01-07,7,January,2012,28,Young Adults (25-34),M,Australia,New South Wales,Bikes,Road Bikes,"Road-350-W Yellow, 42",2,1083,1701,794,2166,2960
69380,2012-01-07,7,January,2012,18,Youth (<25),F,Australia,Victoria,Bikes,Road Bikes,"Road-750 Black, 52",2,344,540,165,688,853
70584,2012-01-08,8,January,2012,31,Young Adults (25-34),F,United States,Oregon,Bikes,Road Bikes,"Road-150 Red, 62",2,2171,3578,1812,4342,6154
70796,2012-01-08,8,January,2012,35,Adults (35-64),M,United States,Washington,Bikes,Road Bikes,"Road-150 Red, 48",2,2171,3578,1240,4342,5582
50030,2012-01-08,8,January,2012,27,Young Adults (25-34),F,Australia,Victoria,Bikes,Mountain Bikes,"Mountain-200 Black, 46",2,1252,2295,1122,2504,3626
57574,2012-01-08,8,January,2012,34,Young Adults (25-34),F,United States,California,Bikes,Mountain Bikes,"Mountain-200 Black, 42",2,1252,2295,1994,2504,4498
63098,2012-01-08,8,January,2012,39,Adults (35-64),M,Australia,Tasmania,Bikes,Road Bikes,"Road-350-W Yellow, 44",2,1083,1701,590,2166,2756
67180,2012-01-08,8,January,2012,34,Young Adults (25-34),M,Australia,New South Wales,Bikes,Road Bikes,"Road-350-W Yellow, 48",2,1083,1701,794,2166,2960
65744,2012-01-08,8,January,2012,35,Adults (35-64),F,United States,California,Bikes,Road Bikes,"Road-550-W Yellow, 48",2,713,1120,769,1426,2195
70314,2012-01-08,8,January,2012,40,Adults (35-64),M,United States,Washington,Bikes,Road Bikes,"Road-650 Black, 48",2,487,783,247,974,1221
71398,2012-01-09,9,January,2012,34,Young Adults (25-34),M,United States,California,Bikes,Road Bikes,"Road-150 Red, 56",2,2171,3578,2671,4342,7013
67282,2012-01-09,9,January,2012,17,Youth (<25),F,Canada,British Columbia,Bikes,Road Bikes,"Road-350-W Yellow, 42",2,1083,1701,1202,2166,3368
63080,2012-01-09,9,January,2012,30,Young Adults (25-34),F,Australia,Tasmania,Bikes,Road Bikes,"Road-250 Black, 52",2,1555,2443,848,3110,3958
67728,2012-01-09,9,January,2012,28,Young Adults (25-34),M,Australia,New South Wales,Bikes,Road Bikes,"Road-350-W Yellow, 42",2,1083,1701,794,2166,2960
71332,2012-01-09,9,January,2012,39,Adults (35-64),F,United States,Washington,Bikes,Road Bikes,"Road-150 Red, 48",2,2171,3578,1240,4342,5582
65382,2012-01-10,10,January,2012,37,Adults (35-64),M,United States,Washington,Bikes,Road Bikes,"Road-550-W Yellow, 44",2,713,1120,321,1426,1747
54816,2012-01-10,10,January,2012,28,Young Adults (25-34),F,Australia,South Australia,Bikes,Mountain Bikes,"Mountain-200 Silver, 38",2,1266,2320,1273,2532,3805
65476,2012-01-10,10,January,2012,35,Adults (35-64),F,Australia,New South Wales,Bikes,Road Bikes,"Road-350-W Yellow, 48",2,1083,1701,794,2166,2960
58720,2012-01-10,10,January,2012,33,Young Adults (25-34),F,France,Nord,Bikes,Road Bikes,"Road-150 Red, 52",2,2171,3578,1884,4342,6226
71462,2012-01-11,11,January,2012,61,Adults (35-64),F,United States,California,Bikes,Road Bikes,"Road-150 Red, 52",2,2171,3578,2671,4342,7013
51182,2012-01-11,11,January,2012,24,Youth (<25),F,Australia,Queensland,Bikes,Mountain Bikes,"Mountain-200 Silver, 38",2,1266,2320,1366,2532,3898
64192,2012-01-11,11,January,2012,21,Youth (<25),F,Australia,New South Wales,Bikes,Road Bikes,"Road-250 Black, 58",2,1555,2443,1141,3110,4251
66880,2012-01-11,11,January,2012,34,Young Adults (25-34),M,United Kingdom,England,Bikes,Road Bikes,"Road-550-W Yellow, 44",2,713,1120,724,1426,2150
71130,2012-01-11,11,January,2012,38,Adults (35-64),M,Canada,British Columbia,Bikes,Road Bikes,"Road-150 Red, 62",2,2171,3578,2742,4342,7084
54164,2012-01-11,11,January,2012,34,Young Adults (25-34),M,United States,Oregon,Bikes,Mountain Bikes,"Mountain-400-W Silver, 42",2,420,769,483,840,1323
63084,2012-01-11,11,January,2012,33,Young Adults (25-34),F,Australia,South Australia,Bikes,Road Bikes,"Road-250 Black, 58",2,1555,2443,897,3110,4007
56444,2012-01-11,11,January,2012,34,Young Adults (25-34),M,United States,California,Bikes,Mountain Bikes,"Mountain-500 Black, 40",2,295,540,468,590,1058
71324,2012-01-11,11,January,2012,38,Adults (35-64),M,United States,Oregon,Bikes,Road Bikes,"Road-250 Red, 44",2,1519,2443,1164,3038,4202
67088,2012-01-12,12,January,2012,29,Young Adults (25-34),M,Australia,Queensland,Bikes,Road Bikes,"Road-250 Black, 52",2,1555,2443,994,3110,4104
65948,2012-01-12,12,January,2012,33,Young Adults (25-34),M,United States,California,Bikes,Road Bikes,"Road-750 Black, 48",2,344,540,370,688,1058
71476,2012-01-12,12,January,2012,44,Adults (35-64),F,United States,California,Bikes,Road Bikes,"Road-150 Red, 62",2,2171,3578,2671,4342,7013
63328,2012-01-12,12,January,2012,23,Youth (<25),F,Australia,Victoria,Bikes,Road Bikes,"Road-250 Black, 44",2,1555,2443,750,3110,3860
69642,2012-01-12,12,January,2012,39,Adults (35-64),F,Canada,British Columbia,Bikes,Road Bikes,"Road-250 Red, 58",2,1555,2443,1727,3110,4837
58726,2012-01-12,12,January,2012,33,Young Adults (25-34),F,France,Garonne (Haute),Bikes,Road Bikes,"Road-150 Red, 48",2,2171,3578,2385,4342,6727
58706,2012-01-12,12,January,2012,30,Young Adults (25-34),M,France,Seine (Paris),Bikes,Road Bikes,"Road-150 Red, 62",2,2171,3578,1526,4342,5868
64430,2012-01-13,13,January,2012,38,Adults (35-64),M,United States,Washington,Bikes,Road Bikes,"Road-250 Black, 44",2,1555,2443,701,3110,3811
68186,2012-01-13,13,January,2012,33,Young Adults (25-34),F,United Kingdom,England,Bikes,Road Bikes,"Road-350-W Yellow, 48",2,1083,1701,1100,2166,3266
68388,2012-01-13,13,January,2012,38,Adults (35-64),M,United States,California,Bikes,Road Bikes,"Road-150 Red, 52",2,2171,3578,2671,4342,7013
52974,2012-01-14,14,January,2012,26,Young Adults (25-34),M,Australia,Queensland,Bikes,Mountain Bikes,"Mountain-200 Black, 46",2,1252,2295,1352,2504,3856
59898,2012-01-14,14,January,2012,44,Adults (35-64),F,United States,Washington,Bikes,Road Bikes,"Road-350-W Yellow, 44",2,1083,1701,488,2166,2654
69762,2012-01-14,14,January,2012,57,Adults (35-64),M,Australia,Queensland,Bikes,Road Bikes,"Road-550-W Yellow, 42",2,713,1120,456,1426,1882
70316,2012-01-14,14,January,2012,40,Adults (35-64),M,United States,Washington,Bikes,Road Bikes,"Road-650 Black, 48",2,487,783,247,974,1221
68828,2012-01-14,14,January,2012,47,Adults (35-64),M,Australia,New South Wales,Bikes,Road Bikes,"Road-750 Black, 58",2,344,540,252,688,940
50118,2012-01-14,14,January,2012,29,Young Adults (25-34),F,Australia,New South Wales,Bikes,Mountain Bikes,"Mountain-200 Silver, 38",2,1266,2320,1505,2532,4037
57274,2012-01-14,14,January,2012,34,Young Adults (25-34),F,United States,Washington,Bikes,Mountain Bikes,"Mountain-100 Silver, 44",2,1912,3400,1480,3824,5304
69980,2012-01-14,14,January,2012,31,Young Adults (25-34),F,United Kingdom,England,Bikes,Road Bikes,"Road-750 Black, 52",2,344,540,349,688,1037
63320,2012-01-14,14,January,2012,22,Youth (<25),F,Australia,Victoria,Bikes,Road Bikes,"Road-250 Black, 48",2,1555,2443,750,3110,3860
62370,2012-01-15,15,January,2012,19,Youth (<25),M,Australia,New South Wales,Bikes,Road Bikes,"Road-550-W Yellow, 42",2,713,1120,523,1426,1949
49782,2012-01-15,15,January,2012,24,Youth (<25),M,Australia,Tasmania,Bikes,Mountain Bikes,"Mountain-200 Black, 46",2,1252,2295,1214,2504,3718
52374,2012-01-15,15,January,2012,35,Adults (35-64),F,France,Essonne,Bikes,Mountain Bikes,"Mountain-200 Silver, 42",2,1266,2320,1922,2532,4454
60102,2012-01-15,15,January,2012,19,Youth (<25),F,United Kingdom,England,Bikes,Road Bikes,"Road-150 Red, 62",2,2171,3578,2528,4342,6870
52852,2012-01-15,15,January,2012,28,Young Adults (25-34),M,United Kingdom,England,Bikes,Mountain Bikes,"Mountain-200 Black, 38",2,1252,2295,1902,2504,4406
67182,2012-01-15,15,January,2012,34,Young Adults (25-34),M,Australia,New South Wales,Bikes,Road Bikes,"Road-350-W Yellow, 48",2,1083,1701,794,2166,2960
57272,2012-01-15,15,January,2012,72,Seniors (64+),F,United States,California,Bikes,Mountain Bikes,"Mountain-100 Black, 48",2,1898,3375,2819,3796,6615
50782,2012-01-16,16,January,2012,27,Young Adults (25-34),F,Australia,New South Wales,Bikes,Mountain Bikes,"Mountain-200 Silver, 46",2,1266,2320,1505,2532,4037
61506,2012-01-16,16,January,2012,57,Adults (35-64),M,Australia,New South Wales,Bikes,Road Bikes,"Road-250 Black, 58",2,1555,2443,1141,3110,4251
67068,2012-01-16,16,January,2012,37,Adults (35-64),M,Canada,British Columbia,Bikes,Road Bikes,"Road-750 Black, 44",2,344,540,381,688,1069
52096,2012-01-16,16,January,2012,25,Young Adults (25-34),F,Australia,New South Wales,Bikes,Mountain Bikes,"Mountain-200 Silver, 46",2,1266,2320,1505,2532,4037
62798,2012-01-16,16,January,2012,34,Young Adults (25-34),F,Australia,New South Wales,Bikes,Road Bikes,"Road-250 Black, 44",2,1555,2443,1141,3110,4251
67730,2012-01-16,16,January,2012,28,Young Adults (25-34),M,Australia,New South Wales,Bikes,Road Bikes,"Road-350-W Yellow, 42",2,1083,1701,794,2166,2960
63292,2012-01-16,16,January,2012,22,Youth (<25),M,Australia,Victoria,Bikes,Road Bikes,"Road-650 Black, 44",2,487,783,263,974,1237
65696,2012-01-17,17,January,2012,46,Adults (35-64),M,Australia,New South Wales,Bikes,Road Bikes,"Road-750 Black, 48",2,344,540,252,688,940
52964,2012-01-17,17,January,2012,24,Youth (<25),F,Australia,New South Wales,Bikes,Mountain Bikes,"Mountain-200 Black, 46",2,1252,2295,1489,2504,3993
71400,2012-01-17,17,January,2012,34,Young Adults (25-34),M,United States,California,Bikes,Road Bikes,"Road-150 Red, 56",2,2171,3578,2671,4342,7013
71268,2012-01-17,17,January,2012,30,Young Adults (25-34),M,United States,California,Bikes,Road Bikes,"Road-150 Red, 48",2,2171,3578,2671,4342,7013
71478,2012-01-17,17,January,2012,44,Adults (35-64),F,United States,California,Bikes,Road Bikes,"Road-150 Red, 62",2,2171,3578,2671,4342,7013
60904,2012-01-17,17,January,2012,32,Young Adults (25-34),F,France,Seine Saint Denis,Bikes,Road Bikes,"Road-250 Black, 58",2,1555,2443,897,3110,4007
64904,2012-01-17,17,January,2012,42,Adults (35-64),F,United States,Washington,Bikes,Road Bikes,"Road-750 Black, 48",2,344,540,154,688,842
49760,2012-01-17,17,January,2012,23,Youth (<25),M,Australia,New South Wales,Bikes,Mountain Bikes,"Mountain-200 Silver, 38",2,1266,2320,1505,2532,4037
64378,2012-01-18,18,January,2012,18,Youth (<25),M,Australia,Victoria,Bikes,Road Bikes,"Road-750 Black, 52",2,344,540,165,688,853
66498,2012-01-18,18,January,2012,54,Adults (35-64),F,United Kingdom,England,Bikes,Road Bikes,"Road-750 Black, 52",2,344,540,349,688,1037
63102,2012-01-18,18,January,2012,54,Adults (35-64),F,Australia,New South Wales,Bikes,Road Bikes,"Road-350-W Yellow, 40",2,1083,1701,794,2166,2960
62372,2012-01-18,18,January,2012,19,Youth (<25),M,Australia,New South Wales,Bikes,Road Bikes,"Road-550-W Yellow, 42",2,713,1120,523,1426,1949
69064,2012-01-18,18,January,2012,32,Young Adults (25-34),M,United Kingdom,England,Bikes,Road Bikes,"Road-550-W Yellow, 38",2,713,1120,724,1426,2150
65286,2012-01-18,18,January,2012,29,Young Adults (25-34),M,United Kingdom,England,Bikes,Road Bikes,"Road-350-W Yellow, 48",2,1083,1701,1100,2166,3266
71242,2012-01-19,19,January,2012,35,Adults (35-64),F,United States,Washington,Bikes,Road Bikes,"Road-150 Red, 56",2,2171,3578,1240,4342,5582
64440,2012-01-19,19,January,2012,39,Adults (35-64),F,United States,Oregon,Bikes,Road Bikes,"Road-550-W Yellow, 48",2,713,1120,500,1426,1926
62430,2012-01-19,19,January,2012,36,Adults (35-64),F,United Kingdom,England,Bikes,Road Bikes,"Road-350-W Yellow, 48",2,1083,1701,1100,2166,3266
62004,2012-01-19,19,January,2012,26,Young Adults (25-34),F,United Kingdom,England,Bikes,Road Bikes,"Road-350-W Yellow, 44",2,1083,1701,1100,2166,3266
62282,2012-01-19,19,January,2012,21,Youth (<25),M,United Kingdom,England,Bikes,Road Bikes,"Road-550-W Yellow, 44",2,713,1120,724,1426,2150
63134,2012-01-19,19,January,2012,41,Adults (35-64),F,Australia,Queensland,Bikes,Road Bikes,"Road-250 Red, 58",2,1555,2443,994,3110,4104
63124,2012-01-20,20,January,2012,46,Adults (35-64),M,Australia,Victoria,Bikes,Road Bikes,"Road-750 Black, 44",2,344,540,165,688,853
68866,2012-01-20,20,January,2012,42,Adults (35-64),M,Australia,South Australia,Bikes,Road Bikes,"Road-550-W Yellow, 40",2,713,1120,411,1426,1837
69812,2012-01-20,20,January,2012,38,Adults (35-64),F,Canada,British Columbia,Bikes,Road Bikes,"Road-250 Black, 48",2,1555,2443,1727,3110,4837
68898,2012-01-20,20,January,2012,36,Adults (35-64),F,Australia,Victoria,Bikes,Road Bikes,"Road-550-W Yellow, 48",2,713,1120,344,1426,1770
67612,2012-01-20,20,January,2012,33,Young Adults (25-34),F,United States,California,Bikes,Road Bikes,"Road-750 Black, 44",2,344,540,370,688,1058
60026,2012-01-20,20,January,2012,23,Youth (<25),F,United Kingdom,England,Bikes,Road Bikes,"Road-150 Red, 56",2,2171,3578,2528,4342,6870
68390,2012-01-21,21,January,2012,38,Adults (35-64),M,United States,California,Bikes,Road Bikes,"Road-150 Red, 52",2,2171,3578,2671,4342,7013
49794,2012-01-21,21,January,2012,25,Young Adults (25-34),M,Australia,Victoria,Bikes,Mountain Bikes,"Mountain-200 Silver, 42",2,1266,2320,1134,2532,3666
60316,2012-01-21,21,January,2012,36,Adults (35-64),F,United States,California,Bikes,Road Bikes,"Road-650 Red, 62",2,487,783,561,974,1535
60028,2012-01-21,21,January,2012,23,Youth (<25),F,United Kingdom,England,Bikes,Road Bikes,"Road-150 Red, 56",2,2171,3578,2528,4342,6870
63334,2012-01-21,21,January,2012,24,Youth (<25),M,Australia,Victoria,Bikes,Road Bikes,"Road-250 Black, 44",2,1555,2443,750,3110,3860
64026,2012-01-21,21,January,2012,45,Adults (35-64),F,Australia,Queensland,Bikes,Road Bikes,"Road-750 Black, 48",2,344,540,219,688,907
58140,2012-01-21,21,January,2012,38,Adults (35-64),F,Germany,Hamburg,Bikes,Mountain Bikes,"Mountain-100 Silver, 38",2,1912,3400,2500,3824,6324
69710,2012-01-22,22,January,2012,37,Adults (35-64),M,Australia,Victoria,Bikes,Road Bikes,"Road-550-W Yellow, 48",2,713,1120,344,1426,1770
64282,2012-01-22,22,January,2012,34,Young Adults (25-34),F,United States,California,Bikes,Road Bikes,"Road-250 Black, 52",2,1555,2443,1678,3110,4788
50410,2012-01-22,22,January,2012,46,Adults (35-64),M,Canada,British Columbia,Bikes,Mountain Bikes,"Mountain-200 Black, 46",2,1252,2295,2040,2504,4544
58716,2012-01-22,22,January,2012,31,Young Adults (25-34),F,France,Val d'Oise,Bikes,Road Bikes,"Road-150 Red, 56",2,2171,3578,1311,4342,5653
55482,2012-01-22,22,January,2012,26,Young Adults (25-34),M,Australia,Victoria,Bikes,Mountain Bikes,"Mountain-400-W Silver, 46",2,420,769,375,840,1215
60462,2012-01-22,22,January,2012,30,Young Adults (25-34),F,United States,California,Bikes,Road Bikes,"Road-650 Black, 58",2,487,783,561,974,1535
70786,2012-01-22,22,January,2012,30,Young Adults (25-34),F,Australia,Victoria,Bikes,Road Bikes,"Road-750 Black, 44",2,344,540,165,688,853
61036,2012-01-22,22,January,2012,40,Adults (35-64),F,United States,California,Bikes,Road Bikes,"Road-250 Black, 58",2,1555,2443,1678,3110,4788
57984,2012-01-22,22,January,2012,35,Adults (35-64),F,France,Seine Saint Denis,Bikes,Mountain Bikes,"Mountain-100 Silver, 38",2,1912,3400,1752,3824,5576
71452,2012-01-23,23,January,2012,62,Adults (35-64),M,United States,California,Bikes,Road Bikes,"Road-150 Red, 56",2,2171,3578,2671,4342,7013
59268,2012-01-23,23,January,2012,41,Adults (35-64),F,United States,Washington,Bikes,Road Bikes,"Road-250 Black, 52",2,1555,2443,701,3110,3811
61120,2012-01-23,23,January,2012,30,Young Adults (25-34),M,France,Seine Saint Denis,Bikes,Road Bikes,"Road-250 Black, 48",2,1555,2443,897,3110,4007
57276,2012-01-24,24,January,2012,34,Young Adults (25-34),F,United States,Washington,Bikes,Mountain Bikes,"Mountain-100 Silver, 44",2,1912,3400,1480,3824,5304
66310,2012-01-24,24,January,2012,42,Adults (35-64),F,Australia,Victoria,Bikes,Road Bikes,"Road-750 Black, 48",2,344,540,165,688,853
62800,2012-01-24,24,January,2012,34,Young Adults (25-34),F,Australia,New South Wales,Bikes,Road Bikes,"Road-250 Black, 44",2,1555,2443,1141,3110,4251
59270,2012-01-24,24,January,2012,41,Adults (35-64),F,United States,Washington,Bikes,Road Bikes,"Road-250 Black, 52",2,1555,2443,701,3110,3811
69814,2012-01-24,24,January,2012,38,Adults (35-64),F,Canada,British Columbia,Bikes,Road Bikes,"Road-250 Black, 48",2,1555,2443,1727,3110,4837
70798,2012-01-24,24,January,2012,35,Adults (35-64),M,United States,Washington,Bikes,Road Bikes,"Road-150 Red, 48",2,2171,3578,1240,4342,5582
69644,2012-01-24,24,January,2012,39,Adults (35-64),F,Canada,British Columbia,Bikes,Road Bikes,"Road-250 Red, 58",2,1555,2443,1727,3110,4837
61960,2012-01-24,24,January,2012,31,Young Adults (25-34),F,United States,Washington,Bikes,Road Bikes,"Road-350-W Yellow, 42",2,1083,1701,488,2166,2654
59876,2012-01-25,25,January,2012,31,Young Adults (25-34),M,United States,Washington,Bikes,Road Bikes,"Road-650 Black, 48",2,487,783,247,974,1221
62036,2012-01-25,25,January,2012,39,Adults (35-64),M,United States,California,Bikes,Road Bikes,"Road-350-W Yellow, 42",2,1083,1701,1168,2166,3334
68392,2012-01-25,25,January,2012,38,Adults (35-64),M,United States,California,Bikes,Road Bikes,"Road-150 Red, 52",2,2171,3578,2671,4342,7013
62862,2012-01-25,25,January,2012,55,Adults (35-64),M,Australia,Queensland,Bikes,Road Bikes,"Road-550-W Yellow, 40",2,713,1120,456,1426,1882
66202,2012-01-26,26,January,2012,38,Adults (35-64),F,Australia,Victoria,Bikes,Road Bikes,"Road-250 Red, 58",2,1555,2443,750,3110,3860
70800,2012-01-26,26,January,2012,35,Adults (35-64),M,United States,Washington,Bikes,Road Bikes,"Road-150 Red, 48",2,2171,3578,1240,4342,5582
60964,2012-01-26,26,January,2012,43,Adults (35-64),F,Australia,Queensland,Bikes,Road Bikes,"Road-150 Red, 62",2,2171,3578,1669,4342,6011
52746,2012-01-26,26,January,2012,34,Young Adults (25-34),M,Australia,Queensland,Bikes,Mountain Bikes,"Mountain-200 Black, 46",2,1252,2295,1352,2504,3856
52812,2012-01-26,26,January,2012,38,Adults (35-64),F,United Kingdom,England,Bikes,Mountain Bikes,"Mountain-400-W Silver, 38",2,420,769,636,840,1476
70820,2012-01-27,27,January,2012,36,Adults (35-64),F,United States,Washington,Bikes,Road Bikes,"Road-150 Red, 62",2,2171,3578,1240,4342,5582
52098,2012-01-27,27,January,2012,25,Young Adults (25-34),F,Australia,New South Wales,Bikes,Mountain Bikes,"Mountain-200 Silver, 46",2,1266,2320,1505,2532,4037
62552,2012-01-27,27,January,2012,32,Young Adults (25-34),F,France,Seine et Marne,Bikes,Road Bikes,"Road-350-W Yellow, 44",2,1083,1701,624,2166,2790
63088,2012-01-27,27,January,2012,38,Adults (35-64),M,Australia,Victoria,Bikes,Road Bikes,"Road-250 Black, 48",2,1555,2443,750,3110,3860
67844,2012-01-27,27,January,2012,38,Adults (35-64),M,Australia,New South Wales,Bikes,Road Bikes,"Road-550-W Yellow, 42",2,713,1120,523,1426,1949
70330,2012-01-28,28,January,2012,41,Adults (35-64),M,United States,Washington,Bikes,Road Bikes,"Road-650 Black, 58",2,487,783,247,974,1221
50120,2012-01-28,28,January,2012,29,Young Adults (25-34),F,Australia,New South Wales,Bikes,Mountain Bikes,"Mountain-200 Silver, 38",2,1266,2320,1505,2532,4037
61038,2012-01-28,28,January,2012,40,Adults (35-64),F,United States,California,Bikes,Road Bikes,"Road-250 Black, 58",2,1555,2443,1678,3110,4788
62358,2012-01-28,28,January,2012,19,Youth (<25),F,Australia,New South Wales,Bikes,Road Bikes,"Road-550-W Yellow, 42",2,713,1120,523,1426,1949
60660,2012-01-28,28,January,2012,30,Young Adults (25-34),F,United States,Washington,Bikes,Road Bikes,"Road-650 Red, 58",2,487,783,247,974,1221
62454,2012-01-28,28,January,2012,38,Adults (35-64),M,Germany,Hessen,Bikes,Road Bikes,"Road-250 Red, 48",2,1519,2443,1506,3038,4544
49762,2012-01-29,29,January,2012,23,Youth (<25),M,Australia,New South Wales,Bikes,Mountain Bikes,"Mountain-200 Silver, 38",2,1266,2320,1505,2532,4037
68428,2012-01-29,29,January,2012,28,Young Adults (25-34),M,Australia,Victoria,Bikes,Road Bikes,"Road-350-W Yellow, 42",2,1083,1701,522,2166,2688
62374,2012-01-29,29,January,2012,19,Youth (<25),M,Australia,New South Wales,Bikes,Road Bikes,"Road-550-W Yellow, 42",2,713,1120,523,1426,1949
61896,2012-01-29,29,January,2012,42,Adults (35-64),F,Australia,New South Wales,Bikes,Road Bikes,"Road-150 Red, 62",2,2171,3578,1884,4342,6226
70758,2012-01-30,30,January,2012,39,Adults (35-64),F,United States,California,Bikes,Road Bikes,"Road-150 Red, 48",2,2171,3578,2671,4342,7013
64284,2012-01-30,30,January,2012,34,Young Adults (25-34),F,United States,California,Bikes,Road Bikes,"Road-250 Black, 52",2,1555,2443,1678,3110,4788
67044,2012-01-30,30,January,2012,36,Adults (35-64),M,Canada,British Columbia,Bikes,Road Bikes,"Road-750 Black, 44",2,344,540,381,688,1069
59068,2012-01-30,30,January,2012,39,Adults (35-64),M,Germany,Nordrhein-Westfalen,Bikes,Road Bikes,"Road-150 Red, 56",2,2171,3578,1884,4342,6226
63070,2012-01-30,30,January,2012,32,Young Adults (25-34),F,Australia,Queensland,Bikes,Road Bikes,"Road-250 Red, 58",2,1555,2443,994,3110,4104
64906,2012-01-30,30,January,2012,42,Adults (35-64),F,United States,Washington,Bikes,Road Bikes,"Road-750 Black, 48",2,344,540,154,688,842
64380,2012-01-30,30,January,2012,18,Youth (<25),M,Australia,Victoria,Bikes,Road Bikes,"Road-750 Black, 52",2,344,540,165,688,853
67680,2012-01-30,30,January,2012,36,Adults (35-64),M,United States,California,Bikes,Road Bikes,"Road-350-W Yellow, 42",2,1083,1701,1168,2166,3334
63736,2012-01-30,30,January,2012,27,Young Adults (25-34),F,Germany,Bayern,Bikes,Road Bikes,"Road-550-W Yellow, 42",2,713,1120,792,1426,2218
65288,2012-01-30,30,January,2012,29,Young Adults (25-34),M,United Kingdom,England,Bikes,Road Bikes,"Road-350-W Yellow, 48",2,1083,1701,1100,2166,3266
70332,2012-01-31,31,January,2012,41,Adults (35-64),M,United States,Washington,Bikes,Road Bikes,"Road-650 Black, 58",2,487,783,247,974,1221
63714,2012-01-31,31,January,2012,39,Adults (35-64),M,United States,Washington,Bikes,Road Bikes,"Road-550-W Yellow, 38",2,713,1120,321,1426,1747
71266,2012-01-31,31,January,2012,36,Adults (35-64),M,United States,Oregon,Bikes,Road Bikes,"Road-250 Red, 44",2,1519,2443,1164,3038,4202
61930,2012-01-31,31,January,2012,23,Youth (<25),F,United States,Washington,Bikes,Road Bikes,"Road-150 Red, 48",2,2171,3578,1240,4342,5582
49798,2012-01-31,31,January,2012,25,Young Adults (25-34),M,Australia,New South Wales,Bikes,Mountain Bikes,"Mountain-200 Black, 38",2,1252,2295,1489,2504,3993
51172,2012-01-31,31,January,2012,23,Youth (<25),F,Australia,Victoria,Bikes,Mountain Bikes,"Mountain-200 Silver, 42",2,1266,2320,1134,2532,3666
71464,2012-01-31,31,January,2012,61,Adults (35-64),F,United States,California,Bikes,Road Bikes,"Road-150 Red, 52",2,2171,3578,2671,4342,7013
66386,2012-02-01,1,February,2012,25,Young Adults (25-34),M,Canada,British Columbia,Bikes,Road Bikes,"Road-150 Red, 44",2,2171,3578,2742,4342,7084
60834,2012-02-01,1,February,2012,44,Adults (35-64),M,United States,California,Bikes,Road Bikes,"Road-750 Black, 48",2,344,540,370,688,1058
63898,2012-02-01,1,February,2012,34,Young Adults (25-34),M,Australia,Queensland,Bikes,Road Bikes,"Road-250 Black, 58",2,1555,2443,994,3110,4104
62432,2012-02-01,1,February,2012,36,Adults (35-64),F,United Kingdom,England,Bikes,Road Bikes,"Road-350-W Yellow, 48",2,1083,1701,1100,2166,3266
63016,2012-02-01,1,February,2012,29,Young Adults (25-34),F,Australia,New South Wales,Bikes,Road Bikes,"Road-250 Black, 44",2,1555,2443,1141,3110,4251
67130,2012-02-01,1,February,2012,28,Young Adults (25-34),F,Australia,New South Wales,Bikes,Road Bikes,"Road-250 Black, 52",2,1555,2443,1141,3110,4251
66522,2012-02-02,2,February,2012,28,Young Adults (25-34),F,United Kingdom,England,Bikes,Road Bikes,"Road-750 Black, 48",2,344,540,349,688,1037
71132,2012-02-02,2,February,2012,38,Adults (35-64),M,Canada,British Columbia,Bikes,Road Bikes,"Road-150 Red, 62",2,2171,3578,2742,4342,7084
63984,2012-02-02,2,February,2012,42,Adults (35-64),M,Canada,British Columbia,Bikes,Road Bikes,"Road-550-W Yellow, 42",2,713,1120,792,1426,2218
65106,2012-02-02,2,February,2012,28,Young Adults (25-34),M,Germany,Nordrhein-Westfalen,Bikes,Road Bikes,"Road-350-W Yellow, 48",2,1083,1701,794,2166,2960
69416,2012-02-02,2,February,2012,25,Young Adults (25-34),M,Australia,Victoria,Bikes,Road Bikes,"Road-550-W Yellow, 38",2,713,1120,344,1426,1770
58734,2012-02-02,2,February,2012,21,Youth (<25),M,France,Yveline,Bikes,Road Bikes,"Road-750 Black, 52",2,344,540,133,688,821
57986,2012-02-03,3,February,2012,22,Youth (<25),M,France,Hauts de Seine,Bikes,Mountain Bikes,"Mountain-100 Silver, 38",2,1912,3400,2500,3824,6324
60054,2012-02-03,3,February,2012,43,Adults (35-64),F,Canada,British Columbia,Bikes,Road Bikes,"Road-550-W Yellow, 42",2,713,1120,792,1426,2218
62376,2012-02-03,3,February,2012,19,Youth (<25),M,Australia,New South Wales,Bikes,Road Bikes,"Road-550-W Yellow, 42",2,713,1120,523,1426,1949
70498,2012-02-03,3,February,2012,49,Adults (35-64),M,Canada,British Columbia,Bikes,Road Bikes,"Road-150 Red, 44",2,2171,3578,2742,4342,7084
65836,2012-02-03,3,February,2012,27,Young Adults (25-34),F,Canada,British Columbia,Bikes,Road Bikes,"Road-550-W Yellow, 48",2,713,1120,792,1426,2218
67794,2012-02-03,3,February,2012,46,Adults (35-64),M,United States,California,Bikes,Road Bikes,"Road-150 Red, 52",2,2171,3578,2671,4342,7013
63860,2012-02-03,3,February,2012,29,Young Adults (25-34),F,Australia,Victoria,Bikes,Road Bikes,"Road-350-W Yellow, 44",2,1083,1701,522,2166,2688
59900,2012-02-04,4,February,2012,44,Adults (35-64),F,United States,Washington,Bikes,Road Bikes,"Road-350-W Yellow, 44",2,1083,1701,488,2166,2654
59592,2012-02-04,4,February,2012,28,Young Adults (25-34),M,United Kingdom,England,Bikes,Road Bikes,"Road-150 Red, 44",2,2171,3578,2528,4342,6870
63450,2012-02-04,4,February,2012,18,Youth (<25),M,Australia,South Australia,Bikes,Road Bikes,"Road-750 Black, 58",2,344,540,198,688,886
59652,2012-02-04,4,February,2012,28,Young Adults (25-34),F,Germany,Brandenburg,Bikes,Road Bikes,"Road-750 Black, 48",2,344,540,381,688,1069
64716,2012-02-04,4,February,2012,42,Adults (35-64),M,United Kingdom,England,Bikes,Road Bikes,"Road-650 Red, 58",2,487,783,529,974,1503
62406,2012-02-04,4,February,2012,20,Youth (<25),F,Australia,Victoria,Bikes,Road Bikes,"Road-550-W Yellow, 44",2,713,1120,344,1426,1770
59964,2012-02-04,4,February,2012,32,Young Adults (25-34),M,France,Seine (Paris),Bikes,Road Bikes,"Road-150 Red, 48",2,2171,3578,1526,4342,5868
50052,2012-02-05,5,February,2012,30,Young Adults (25-34),M,Australia,Tasmania,Bikes,Mountain Bikes,"Mountain-200 Black, 38",2,1252,2295,1214,2504,3718
66388,2012-02-05,5,February,2012,25,Young Adults (25-34),M,Canada,British Columbia,Bikes,Road Bikes,"Road-150 Red, 44",2,2171,3578,2742,4342,7084
52842,2012-02-05,5,February,2012,27,Young Adults (25-34),M,France,Essonne,Bikes,Mountain Bikes,"Mountain-200 Black, 42",2,1252,2295,1902,2504,4406
67184,2012-02-05,5,February,2012,34,Young Adults (25-34),M,Australia,New South Wales,Bikes,Road Bikes,"Road-350-W Yellow, 48",2,1083,1701,794,2166,2960
62112,2012-02-05,5,February,2012,37,Adults (35-64),F,United Kingdom,England,Bikes,Road Bikes,"Road-350-W Yellow, 48",2,1083,1701,1100,2166,3266
57306,2012-02-05,5,February,2012,36,Adults (35-64),M,United States,Oregon,Bikes,Mountain Bikes,"Mountain-100 Black, 44",2,1898,3375,2009,3796,5805
71548,2012-02-06,6,February,2012,19,Youth (<25),M,Canada,British Columbia,Bikes,Road Bikes,"Road-150 Red, 56",2,2171,3578,2742,4342,7084
57016,2012-02-06,6,February,2012,26,Young Adults (25-34),M,Canada,British Columbia,Bikes,Mountain Bikes,"Mountain-200 Black, 42",2,1252,2295,2040,2504,4544
70836,2012-02-06,6,February,2012,32,Young Adults (25-34),F,Canada,British Columbia,Bikes,Road Bikes,"Road-150 Red, 52",2,2171,3578,2742,4342,7084
67338,2012-02-06,6,February,2012,44,Adults (35-64),M,United States,Oregon,Bikes,Road Bikes,"Road-750 Black, 52",2,344,540,241,688,929
63886,2012-02-06,6,February,2012,32,Young Adults (25-34),M,Australia,Queensland,Bikes,Road Bikes,"Road-350-W Yellow, 42",2,1083,1701,692,2166,2858
66524,2012-02-06,6,February,2012,28,Young Adults (25-34),F,United Kingdom,England,Bikes,Road Bikes,"Road-750 Black, 48",2,344,540,349,688,1037
63402,2012-02-06,6,February,2012,44,Adults (35-64),F,United States,Oregon,Bikes,Road Bikes,"Road-750 Black, 44",2,344,540,241,688,929
70694,2012-02-06,6,February,2012,30,Young Adults (25-34),F,Canada,British Columbia,Bikes,Road Bikes,"Road-150 Red, 56",2,2171,3578,2742,4342,7084
59490,2012-02-06,6,February,2012,22,Youth (<25),F,United States,Washington,Bikes,Road Bikes,"Road-550-W Yellow, 40",2,713,1120,321,1426,1747
62556,2012-02-06,6,February,2012,32,Young Adults (25-34),M,France,Loiret,Bikes,Road Bikes,"Road-350-W Yellow, 48",2,1083,1701,862,2166,3028
58168,2012-02-07,7,February,2012,46,Adults (35-64),F,United States,Washington,Bikes,Road Bikes,"Road-150 Red, 62",2,2171,3578,1240,4342,5582
64932,2012-02-07,7,February,2012,40,Adults (35-64),M,United States,California,Bikes,Road Bikes,"Road-550-W Yellow, 42",2,713,1120,769,1426,2195
68470,2012-02-07,7,February,2012,29,Young Adults (25-34),M,Australia,Victoria,Bikes,Road Bikes,"Road-550-W Yellow, 42",2,713,1120,344,1426,1770
62688,2012-02-07,7,February,2012,27,Young Adults (25-34),M,Australia,New South Wales,Bikes,Road Bikes,"Road-250 Black, 52",2,1555,2443,1141,3110,4251
54218,2012-02-07,7,February,2012,30,Young Adults (25-34),M,Australia,New South Wales,Bikes,Mountain Bikes,"Mountain-400-W Silver, 38",2,420,769,498,840,1338
57278,2012-02-07,7,February,2012,34,Young Adults (25-34),F,United States,Washington,Bikes,Mountain Bikes,"Mountain-100 Silver, 44",2,1912,3400,1480,3824,5304
59662,2012-02-08,8,February,2012,53,Adults (35-64),F,Germany,Bayern,Bikes,Road Bikes,"Road-250 Red, 52",2,1519,2443,1799,3038,4837
62770,2012-02-08,8,February,2012,34,Young Adults (25-34),F,Australia,Queensland,Bikes,Road Bikes,"Road-250 Red, 58",2,1555,2443,994,3110,4104
51008,2012-02-08,8,February,2012,22,Youth (<25),F,United Kingdom,England,Bikes,Mountain Bikes,"Mountain-200 Silver, 46",2,1266,2320,1922,2532,4454
60272,2012-02-08,8,February,2012,32,Young Adults (25-34),F,United States,California,Bikes,Road Bikes,"Road-650 Red, 62",2,487,783,561,974,1535
59544,2012-02-09,9,February,2012,38,Adults (35-64),F,United Kingdom,England,Bikes,Road Bikes,"Road-250 Red, 44",2,1519,2443,1653,3038,4691
65478,2012-02-09,9,February,2012,35,Adults (35-64),F,Australia,New South Wales,Bikes,Road Bikes,"Road-350-W Yellow, 48",2,1083,1701,794,2166,2960
63474,2012-02-09,9,February,2012,37,Adults (35-64),M,United Kingdom,England,Bikes,Road Bikes,"Road-350-W Yellow, 40",2,1083,1701,1100,2166,3266
67452,2012-02-10,10,February,2012,33,Young Adults (25-34),M,Canada,British Columbia,Bikes,Road Bikes,"Road-750 Black, 44",2,344,540,381,688,1069
59000,2012-02-10,10,February,2012,47,Adults (35-64),F,United States,Oregon,Bikes,Road Bikes,"Road-250 Black, 58",2,1555,2443,1092,3110,4202
63900,2012-02-10,10,February,2012,34,Young Adults (25-34),M,Australia,Queensland,Bikes,Road Bikes,"Road-250 Black, 58",2,1555,2443,994,3110,4104
71094,2012-02-10,10,February,2012,28,Young Adults (25-34),M,Germany,Hessen,Bikes,Road Bikes,"Road-550-W Yellow, 38",2,713,1120,657,1426,2083
66074,2012-02-10,10,February,2012,48,Adults (35-64),M,United States,California,Bikes,Road Bikes,"Road-550-W Yellow, 44",2,713,1120,769,1426,2195
56168,2012-02-10,10,February,2012,35,Adults (35-64),M,United States,California,Bikes,Mountain Bikes,"Mountain-200 Silver, 42",2,1266,2320,2015,2532,4547
61276,2012-02-10,10,February,2012,38,Adults (35-64),M,United Kingdom,England,Bikes,Road Bikes,"Road-250 Black, 52",2,1555,2443,1581,3110,4691
71518,2012-02-10,10,February,2012,17,Youth (<25),F,United States,California,Bikes,Road Bikes,"Road-750 Black, 52",2,344,540,370,688,1058
56840,2012-02-10,10,February,2012,43,Adults (35-64),F,United Kingdom,England,Bikes,Mountain Bikes,"Mountain-200 Black, 42",2,1252,2295,1902,2504,4406
68876,2012-02-10,10,February,2012,24,Youth (<25),F,Canada,British Columbia,Bikes,Road Bikes,"Road-250 Black, 48",2,1555,2443,1727,3110,4837
67534,2012-02-11,11,February,2012,40,Adults (35-64),F,Canada,British Columbia,Bikes,Road Bikes,"Road-750 Black, 52",2,344,540,381,688,1069
69628,2012-02-11,11,February,2012,35,Adults (35-64),F,Canada,British Columbia,Bikes,Road Bikes,"Road-750 Black, 52",2,344,540,381,688,1069
62588,2012-02-11,11,February,2012,22,Youth (<25),F,France,Yveline,Bikes,Road Bikes,"Road-250 Black, 48",2,1555,2443,603,3110,3713
70594,2012-02-11,11,February,2012,19,Youth (<25),F,Canada,British Columbia,Bikes,Road Bikes,"Road-150 Red, 62",2,2171,3578,2742,4342,7084
63878,2012-02-11,11,February,2012,31,Young Adults (25-34),F,Australia,Tasmania,Bikes,Road Bikes,"Road-250 Red, 58",2,1555,2443,848,3110,3958
69328,2012-02-11,11,February,2012,17,Youth (<25),M,Australia,Victoria,Bikes,Road Bikes,"Road-750 Black, 48",2,344,540,165,688,853
68430,2012-02-11,11,February,2012,28,Young Adults (25-34),M,Australia,Victoria,Bikes,Road Bikes,"Road-350-W Yellow, 42",2,1083,1701,522,2166,2688
69646,2012-02-11,11,February,2012,39,Adults (35-64),F,Canada,British Columbia,Bikes,Road Bikes,"Road-250 Red, 58",2,1555,2443,1727,3110,4837
70480,2012-02-11,11,February,2012,52,Adults (35-64),F,United States,California,Bikes,Road Bikes,"Road-150 Red, 56",2,2171,3578,2671,4342,7013
69176,2012-02-11,11,February,2012,37,Adults (35-64),M,Germany,Bayern,Bikes,Road Bikes,"Road-550-W Yellow, 40",2,713,1120,792,1426,2218
70744,2012-02-11,11,February,2012,39,Adults (35-64),M,Canada,British Columbia,Bikes,Road Bikes,"Road-150 Red, 52",2,2171,3578,2742,4342,7084
62690,2012-02-11,11,February,2012,27,Young Adults (25-34),M,Australia,New South Wales,Bikes,Road Bikes,"Road-250 Black, 52",2,1555,2443,1141,3110,4251
64422,2012-02-12,12,February,2012,36,Adults (35-64),F,Canada,British Columbia,Bikes,Road Bikes,"Road-550-W Yellow, 42",2,713,1120,792,1426,2218
70746,2012-02-12,12,February,2012,39,Adults (35-64),M,Canada,British Columbia,Bikes,Road Bikes,"Road-150 Red, 52",2,2171,3578,2742,4342,7084
56938,2012-02-12,12,February,2012,29,Young Adults (25-34),F,Canada,British Columbia,Bikes,Mountain Bikes,"Mountain-200 Black, 38",2,1252,2295,2040,2504,4544
58144,2012-02-13,13,February,2012,37,Adults (35-64),M,Germany,Bayern,Bikes,Mountain Bikes,"Mountain-200 Black, 38",2,1252,2295,2040,2504,4544
68636,2012-02-13,13,February,2012,53,Adults (35-64),M,Canada,British Columbia,Bikes,Road Bikes,"Road-550-W Yellow, 48",2,713,1120,792,1426,2218
50710,2012-02-13,13,February,2012,43,Adults (35-64),M,United Kingdom,England,Bikes,Mountain Bikes,"Mountain-200 Silver, 42",2,1266,2320,1922,2532,4454
70696,2012-02-13,13,February,2012,30,Young Adults (25-34),F,Canada,British Columbia,Bikes,Road Bikes,"Road-150 Red, 56",2,2171,3578,2742,4342,7084
58874,2012-02-13,13,February,2012,23,Youth (<25),M,Canada,British Columbia,Bikes,Road Bikes,"Road-250 Black, 44",2,1555,2443,1727,3110,4837
63760,2012-02-13,13,February,2012,28,Young Adults (25-34),F,Germany,Hessen,Bikes,Road Bikes,"Road-250 Black, 44",2,1555,2443,1434,3110,4544
59546,2012-02-13,13,February,2012,38,Adults (35-64),F,United Kingdom,England,Bikes,Road Bikes,"Road-250 Red, 44",2,1519,2443,1653,3038,4691
67046,2012-02-14,14,February,2012,36,Adults (35-64),M,Canada,British Columbia,Bikes,Road Bikes,"Road-750 Black, 44",2,344,540,381,688,1069
58740,2012-02-14,14,February,2012,41,Adults (35-64),M,France,Essonne,Bikes,Road Bikes,"Road-150 Red, 44",2,2171,3578,2528,4342,6870
64146,2012-02-14,14,February,2012,42,Adults (35-64),F,United Kingdom,England,Bikes,Road Bikes,"Road-650 Black, 62",2,487,783,529,974,1503
63336,2012-02-14,14,February,2012,24,Youth (<25),M,Australia,Victoria,Bikes,Road Bikes,"Road-250 Black, 44",2,1555,2443,750,3110,3860
61536,2012-02-14,14,February,2012,24,Youth (<25),M,Canada,British Columbia,Bikes,Road Bikes,"Road-350-W Yellow, 48",2,1083,1701,1202,2166,3368
71536,2012-02-14,14,February,2012,18,Youth (<25),F,United States,Washington,Bikes,Road Bikes,"Road-150 Red, 56",2,2171,3578,1240,4342,5582
58202,2012-02-14,14,February,2012,65,Seniors (64+),M,United States,California,Bikes,Road Bikes,"Road-750 Black, 52",2,344,540,370,688,1058
59656,2012-02-14,14,February,2012,46,Adults (35-64),F,Germany,Bayern,Bikes,Road Bikes,"Road-150 Red, 56",2,2171,3578,2742,4342,7084
59002,2012-02-15,15,February,2012,47,Adults (35-64),F,United States,Oregon,Bikes,Road Bikes,"Road-250 Black, 58",2,1555,2443,1092,3110,4202
60274,2012-02-15,15,February,2012,32,Young Adults (25-34),F,United States,California,Bikes,Road Bikes,"Road-650 Red, 62",2,487,783,561,974,1535
64754,2012-02-15,15,February,2012,26,Young Adults (25-34),F,Australia,New South Wales,Bikes,Road Bikes,"Road-250 Red, 58",2,1555,2443,1141,3110,4251
70832,2012-02-15,15,February,2012,19,Youth (<25),M,United States,Washington,Bikes,Road Bikes,"Road-750 Black, 52",2,344,540,154,688,842
60222,2012-02-15,15,February,2012,48,Adults (35-64),F,Germany,Hessen,Bikes,Road Bikes,"Road-250 Red, 48",2,1519,2443,1506,3038,4544
69438,2012-02-15,15,February,2012,27,Young Adults (25-34),F,Australia,New South Wales,Bikes,Road Bikes,"Road-550-W Yellow, 48",2,713,1120,523,1426,1949
64782,2012-02-16,16,February,2012,27,Young Adults (25-34),F,Australia,Victoria,Bikes,Road Bikes,"Road-250 Black, 44",2,1555,2443,750,3110,3860
57296,2012-02-16,16,February,2012,35,Adults (35-64),F,United States,Oregon,Bikes,Mountain Bikes,"Mountain-100 Black, 48",2,1898,3375,2009,3796,5805
69384,2012-02-16,16,February,2012,20,Youth (<25),M,Australia,South Australia,Bikes,Road Bikes,"Road-750 Black, 44",2,344,540,198,688,886
70748,2012-02-17,17,February,2012,39,Adults (35-64),M,Canada,British Columbia,Bikes,Road Bikes,"Road-150 Red, 52",2,2171,3578,2742,4342,7084
62692,2012-02-17,17,February,2012,27,Young Adults (25-34),M,Australia,New South Wales,Bikes,Road Bikes,"Road-250 Black, 52",2,1555,2443,1141,3110,4251
59672,2012-02-17,17,February,2012,46,Adults (35-64),F,Germany,Hessen,Bikes,Road Bikes,"Road-250 Black, 52",2,1555,2443,1434,3110,4544
71480,2012-02-17,17,February,2012,44,Adults (35-64),F,United States,California,Bikes,Road Bikes,"Road-150 Red, 62",2,2171,3578,2671,4342,7013
58742,2012-02-18,18,February,2012,42,Adults (35-64),F,France,Seine (Paris),Bikes,Road Bikes,"Road-150 Red, 62",2,2171,3578,1526,4342,5868
65644,2012-02-18,18,February,2012,56,Adults (35-64),F,Canada,British Columbia,Bikes,Road Bikes,"Road-550-W Yellow, 42",2,713,1120,792,1426,2218
61538,2012-02-19,19,February,2012,24,Youth (<25),M,Canada,British Columbia,Bikes,Road Bikes,"Road-350-W Yellow, 48",2,1083,1701,1202,2166,3368
66786,2012-02-19,19,February,2012,28,Young Adults (25-34),F,Germany,Nordrhein-Westfalen,Bikes,Road Bikes,"Road-550-W Yellow, 48",2,713,1120,523,1426,1949
70412,2012-02-19,19,February,2012,22,Youth (<25),M,Canada,British Columbia,Bikes,Road Bikes,"Road-750 Black, 52",2,344,540,381,688,1069
68554,2012-02-19,19,February,2012,36,Adults (35-64),M,Australia,South Australia,Bikes,Road Bikes,"Road-550-W Yellow, 48",2,713,1120,411,1426,1837
68602,2012-02-19,19,February,2012,24,Youth (<25),M,Australia,New South Wales,Bikes,Road Bikes,"Road-350-W Yellow, 44",2,1083,1701,794,2166,2960
67258,2012-02-19,19,February,2012,37,Adults (35-64),M,Australia,New South Wales,Bikes,Road Bikes,"Road-350-W Yellow, 42",2,1083,1701,794,2166,2960
67878,2012-02-20,20,February,2012,24,Youth (<25),M,Australia,Queensland,Bikes,Road Bikes,"Road-350-W Yellow, 42",2,1083,1701,692,2166,2858
71270,2012-02-20,20,February,2012,30,Young Adults (25-34),M,United States,California,Bikes,Road Bikes,"Road-150 Red, 48",2,2171,3578,2671,4342,7013
67090,2012-02-20,20,February,2012,29,Young Adults (25-34),M,Australia,Queensland,Bikes,Road Bikes,"Road-250 Black, 52",2,1555,2443,994,3110,4104
69017,2012-02-20,20,February,2012,25,Young Adults (25-34),F,Canada,British Columbia,Bikes,Road Bikes,"Road-250 Red, 52",2,1519,2443,1799,3038,4837
69016,2012-02-20,20,February,2012,25,Young Adults (25-34),F,Canada,British Columbia,Bikes,Road Bikes,"Road-250 Red, 52",2,1519,2443,1799,3038,4837
62802,2012-02-21,21,February,2012,34,Young Adults (25-34),F,Australia,New South Wales,Bikes,Road Bikes,"Road-250 Black, 44",2,1555,2443,1141,3110,4251
65900,2012-02-22,22,February,2012,30,Young Adults (25-34),M,Canada,British Columbia,Bikes,Road Bikes,"Road-750 Black, 52",2,344,540,381,688,1069
70376,2012-02-22,22,February,2012,36,Adults (35-64),M,Australia,Queensland,Bikes,Road Bikes,"Road-550-W Yellow, 44",2,713,1120,456,1426,1882
57018,2012-02-22,22,February,2012,26,Young Adults (25-34),M,Canada,British Columbia,Bikes,Mountain Bikes,"Mountain-200 Black, 42",2,1252,2295,2040,2504,4544
62804,2012-02-22,22,February,2012,34,Young Adults (25-34),F,Australia,New South Wales,Bikes,Road Bikes,"Road-250 Black, 44",2,1555,2443,1141,3110,4251
66126,2012-02-22,22,February,2012,24,Youth (<25),F,Australia,New South Wales,Bikes,Road Bikes,"Road-250 Black, 52",2,1555,2443,1141,3110,4251
66410,2012-02-22,22,February,2012,28,Young Adults (25-34),M,Canada,British Columbia,Bikes,Road Bikes,"Road-550-W Yellow, 44",2,713,1120,792,1426,2218
62744,2012-02-22,22,February,2012,34,Young Adults (25-34),M,Australia,Victoria,Bikes,Road Bikes,"Road-250 Black, 44",2,1555,2443,750,3110,3860
51132,2012-02-22,22,February,2012,51,Adults (35-64),M,United Kingdom,England,Bikes,Mountain Bikes,"Mountain-200 Black, 46",2,1252,2295,1902,2504,4406
63902,2012-02-22,22,February,2012,34,Young Adults (25-34),M,Australia,Queensland,Bikes,Road Bikes,"Road-250 Black, 58",2,1555,2443,994,3110,4104
58170,2012-02-22,22,February,2012,46,Adults (35-64),F,United States,Washington,Bikes,Road Bikes,"Road-150 Red, 62",2,2171,3578,1240,4342,5582
63532,2012-02-23,23,February,2012,28,Young Adults (25-34),F,Germany,Bayern,Bikes,Road Bikes,"Road-350-W Yellow, 40",2,1083,1701,1202,2166,3368
63360,2012-02-23,23,February,2012,25,Young Adults (25-34),F,Australia,New South Wales,Bikes,Road Bikes,"Road-250 Black, 52",2,1555,2443,1141,3110,4251
63862,2012-02-23,23,February,2012,29,Young Adults (25-34),F,Australia,Victoria,Bikes,Road Bikes,"Road-350-W Yellow, 44",2,1083,1701,522,2166,2688
64876,2012-02-23,23,February,2012,32,Young Adults (25-34),M,United States,Washington,Bikes,Road Bikes,"Road-550-W Yellow, 48",2,713,1120,321,1426,1747
71354,2012-02-23,23,February,2012,29,Young Adults (25-34),M,Australia,New South Wales,Bikes,Road Bikes,"Road-750 Black, 44",2,344,540,252,688,940
63986,2012-02-24,24,February,2012,42,Adults (35-64),M,Canada,British Columbia,Bikes,Road Bikes,"Road-550-W Yellow, 42",2,713,1120,792,1426,2218
65404,2012-02-24,24,February,2012,28,Young Adults (25-34),F,Australia,Victoria,Bikes,Road Bikes,"Road-250 Black, 48",2,1555,2443,750,3110,3860
59666,2012-02-24,24,February,2012,51,Adults (35-64),F,Germany,Hessen,Bikes,Road Bikes,"Road-750 Black, 58",2,344,540,316,688,1004
58736,2012-02-24,24,February,2012,21,Youth (<25),F,France,Seine Saint Denis,Bikes,Road Bikes,"Road-150 Red, 52",2,2171,3578,1526,4342,5868
61844,2012-02-24,24,February,2012,31,Young Adults (25-34),M,Australia,New South Wales,Bikes,Road Bikes,"Road-150 Red, 48",2,2171,3578,1884,4342,6226
61628,2012-02-24,24,February,2012,43,Adults (35-64),M,United States,Washington,Bikes,Road Bikes,"Road-350-W Yellow, 40",2,1083,1701,488,2166,2654
71550,2012-02-24,24,February,2012,19,Youth (<25),M,Canada,British Columbia,Bikes,Road Bikes,"Road-150 Red, 56",2,2171,3578,2742,4342,7084
69674,2012-02-24,24,February,2012,31,Young Adults (25-34),M,Australia,Victoria,Bikes,Road Bikes,"Road-550-W Yellow, 44",2,713,1120,344,1426,1770
59792,2012-02-24,24,February,2012,64,Adults (35-64),F,United States,California,Bikes,Road Bikes,"Road-550-W Yellow, 44",2,713,1120,769,1426,2195
69868,2012-02-25,25,February,2012,24,Youth (<25),F,Australia,Victoria,Bikes,Road Bikes,"Road-550-W Yellow, 40",2,713,1120,344,1426,1770
62166,2012-02-25,25,February,2012,27,Young Adults (25-34),M,Germany,Hessen,Bikes,Road Bikes,"Road-350-W Yellow, 48",2,1083,1701,998,2166,3164
60836,2012-02-25,25,February,2012,44,Adults (35-64),M,United States,California,Bikes,Road Bikes,"Road-750 Black, 48",2,344,540,370,688,1058
70304,2012-02-25,25,February,2012,44,Adults (35-64),M,Canada,British Columbia,Bikes,Road Bikes,"Road-150 Red, 62",2,2171,3578,2742,4342,7084
66182,2012-02-25,25,February,2012,33,Young Adults (25-34),F,Australia,Victoria,Bikes,Road Bikes,"Road-250 Black, 58",2,1555,2443,750,3110,3860
65922,2012-02-26,26,February,2012,32,Young Adults (25-34),M,Canada,British Columbia,Bikes,Road Bikes,"Road-750 Black, 58",2,344,540,381,688,1069
69020,2012-02-26,26,February,2012,25,Young Adults (25-34),F,Canada,British Columbia,Bikes,Road Bikes,"Road-250 Red, 52",2,1519,2443,1799,3038,4837
58866,2012-02-26,26,February,2012,23,Youth (<25),F,Canada,British Columbia,Bikes,Road Bikes,"Road-250 Red, 58",2,1555,2443,1727,3110,4837
69816,2012-02-26,26,February,2012,38,Adults (35-64),F,Canada,British Columbia,Bikes,Road Bikes,"Road-250 Black, 48",2,1555,2443,1727,3110,4837
62772,2012-02-26,26,February,2012,34,Young Adults (25-34),F,Australia,Queensland,Bikes,Road Bikes,"Road-250 Red, 58",2,1555,2443,994,3110,4104
67070,2012-02-26,26,February,2012,37,Adults (35-64),M,Canada,British Columbia,Bikes,Road Bikes,"Road-750 Black, 44",2,344,540,381,688,1069
68576,2012-02-26,26,February,2012,18,Youth (<25),F,Canada,British Columbia,Bikes,Road Bikes,"Road-150 Red, 52",2,2171,3578,2742,4342,7084
60838,2012-02-26,26,February,2012,44,Adults (35-64),M,United States,California,Bikes,Road Bikes,"Road-750 Black, 48",2,344,540,370,688,1058
55968,2012-02-26,26,February,2012,36,Adults (35-64),F,United States,Washington,Bikes,Mountain Bikes,"Mountain-200 Black, 38",2,1252,2295,1076,2504,3580
63930,2012-02-26,26,February,2012,35,Adults (35-64),F,Australia,Tasmania,Bikes,Road Bikes,"Road-350-W Yellow, 42",2,1083,1701,590,2166,2756
65442,2012-02-26,26,February,2012,35,Adults (35-64),M,Australia,New South Wales,Bikes,Road Bikes,"Road-350-W Yellow, 42",2,1083,1701,794,2166,2960
58158,2012-02-26,26,February,2012,53,Adults (35-64),M,United States,Washington,Bikes,Road Bikes,"Road-150 Red, 48",2,2171,3578,1240,4342,5582
59582,2012-02-27,27,February,2012,39,Adults (35-64),M,Germany,Hessen,Bikes,Road Bikes,"Road-150 Red, 62",2,2171,3578,2313,4342,6655
67992,2012-02-27,27,February,2012,29,Young Adults (25-34),F,Canada,British Columbia,Bikes,Road Bikes,"Road-550-W Yellow, 38",2,713,1120,792,1426,2218
58730,2012-02-27,27,February,2012,35,Adults (35-64),M,France,Seine et Marne,Bikes,Road Bikes,"Road-150 Red, 52",2,2171,3578,1526,4342,5868
70540,2012-02-28,28,February,2012,46,Adults (35-64),M,Canada,British Columbia,Bikes,Road Bikes,"Road-150 Red, 44",2,2171,3578,2742,4342,7084
58738,2012-02-28,28,February,2012,21,Youth (<25),M,France,Seine (Paris),Bikes,Road Bikes,"Road-150 Red, 62",2,2171,3578,1526,4342,5868
63018,2012-02-28,28,February,2012,29,Young Adults (25-34),F,Australia,New South Wales,Bikes,Road Bikes,"Road-250 Black, 44",2,1555,2443,1141,3110,4251
54062,2012-02-28,28,February,2012,36,Adults (35-64),F,United States,California,Bikes,Mountain Bikes,"Mountain-200 Silver, 46",2,1266,2320,2015,2532,4547
71402,2012-02-28,28,February,2012,34,Young Adults (25-34),M,United States,California,Bikes,Road Bikes,"Road-150 Red, 56",2,2171,3578,2671,4342,7013
66412,2012-03-01,1,March,2012,28,Young Adults (25-34),M,Canada,British Columbia,Bikes,Road Bikes,"Road-550-W Yellow, 44",2,713,1120,792,1426,2218
62694,2012-03-01,1,March,2012,27,Young Adults (25-34),M,Australia,New South Wales,Bikes,Road Bikes,"Road-250 Black, 52",2,1555,2443,1141,3110,4251
60748,2012-03-01,1,March,2012,42,Adults (35-64),F,Germany,Saarland,Bikes,Road Bikes,"Road-750 Black, 52",2,344,540,198,688,886
51446,2012-03-01,1,March,2012,28,Young Adults (25-34),M,Australia,Tasmania,Bikes,Mountain Bikes,"Mountain-200 Black, 42",2,1252,2295,1214,2504,3718
58234,2012-03-01,1,March,2012,63,Adults (35-64),M,United States,Washington,Bikes,Road Bikes,"Road-150 Red, 44",2,2171,3578,1240,4342,5582
58212,2012-03-01,1,March,2012,33,Young Adults (25-34),F,United States,Washington,Bikes,Road Bikes,"Road-150 Red, 48",2,2171,3578,1240,4342,5582
61040,2012-03-02,2,March,2012,40,Adults (35-64),F,United States,California,Bikes,Road Bikes,"Road-250 Black, 58",2,1555,2443,1678,3110,4788
59014,2012-03-02,2,March,2012,63,Adults (35-64),F,United States,California,Bikes,Road Bikes,"Road-250 Black, 44",2,1555,2443,1678,3110,4788
54204,2012-03-02,2,March,2012,29,Young Adults (25-34),M,Australia,Victoria,Bikes,Mountain Bikes,"Mountain-200 Silver, 46",2,1266,2320,1134,2532,3666
68780,2012-03-02,2,March,2012,26,Young Adults (25-34),M,Australia,Queensland,Bikes,Road Bikes,"Road-550-W Yellow, 42",2,713,1120,456,1426,1882
69912,2012-03-02,2,March,2012,42,Adults (35-64),F,Australia,Queensland,Bikes,Road Bikes,"Road-550-W Yellow, 40",2,713,1120,456,1426,1882
64016,2012-03-02,2,March,2012,47,Adults (35-64),M,Australia,South Australia,Bikes,Road Bikes,"Road-550-W Yellow, 44",2,713,1120,411,1426,1837
61322,2012-03-02,2,March,2012,27,Young Adults (25-34),M,France,Seine Saint Denis,Bikes,Road Bikes,"Road-250 Red, 58",2,1555,2443,897,3110,4007
67384,2012-03-03,3,March,2012,40,Adults (35-64),M,Australia,South Australia,Bikes,Road Bikes,"Road-350-W Yellow, 40",2,1083,1701,624,2166,2790
55296,2012-03-03,3,March,2012,28,Young Adults (25-34),M,Australia,New South Wales,Bikes,Mountain Bikes,"Mountain-400-W Silver, 46",2,420,769,498,840,1338
67482,2012-03-03,3,March,2012,42,Adults (35-64),M,United States,Washington,Bikes,Road Bikes,"Road-750 Black, 44",2,344,540,154,688,842
60226,2012-03-03,3,March,2012,48,Adults (35-64),M,United Kingdom,England,Bikes,Road Bikes,"Road-250 Black, 58",2,1555,2443,1581,3110,4691
62944,2012-03-03,3,March,2012,41,Adults (35-64),F,Australia,Victoria,Bikes,Road Bikes,"Road-250 Black, 52",2,1555,2443,750,3110,3860
70802,2012-03-03,3,March,2012,35,Adults (35-64),M,United States,Washington,Bikes,Road Bikes,"Road-150 Red, 48",2,2171,3578,1240,4342,5582
58236,2012-03-03,3,March,2012,43,Adults (35-64),F,United States,California,Bikes,Road Bikes,"Road-150 Red, 44",2,2171,3578,2671,4342,7013
58237,2012-03-03,3,March,2012,43,Adults (35-64),F,United States,California,Bikes,Road Bikes,"Road-150 Red, 44",2,2171,3578,2671,4342,7013
58586,2012-03-03,3,March,2012,53,Adults (35-64),M,United Kingdom,England,Bikes,Road Bikes,"Road-550-W Yellow, 44",2,713,1120,724,1426,2150
58750,2012-03-04,4,March,2012,37,Adults (35-64),F,France,Essonne,Bikes,Road Bikes,"Road-150 Red, 48",2,2171,3578,2528,4342,6870
62696,2012-03-04,4,March,2012,27,Young Adults (25-34),M,Australia,New South Wales,Bikes,Road Bikes,"Road-250 Black, 52",2,1555,2443,1141,3110,4251
58282,2012-03-04,4,March,2012,45,Adults (35-64),F,United States,Oregon,Bikes,Road Bikes,"Road-150 Red, 56",2,2171,3578,1812,4342,6154
59304,2012-03-04,4,March,2012,29,Young Adults (25-34),M,Germany,Hamburg,Bikes,Road Bikes,"Road-750 Black, 44",2,344,540,316,688,1004
68752,2012-03-04,4,March,2012,25,Young Adults (25-34),M,Australia,New South Wales,Bikes,Road Bikes,"Road-550-W Yellow, 44",2,713,1120,523,1426,1949
61874,2012-03-04,4,March,2012,62,Adults (35-64),F,United States,Washington,Bikes,Road Bikes,"Road-350-W Yellow, 40",2,1083,1701,488,2166,2654
63418,2012-03-04,4,March,2012,24,Youth (<25),F,United States,California,Bikes,Road Bikes,"Road-550-W Yellow, 44",2,713,1120,769,1426,2195
55298,2012-03-04,4,March,2012,28,Young Adults (25-34),M,Australia,New South Wales,Bikes,Mountain Bikes,"Mountain-400-W Silver, 46",2,420,769,498,840,1338
62624,2012-03-05,5,March,2012,37,Adults (35-64),F,United States,Washington,Bikes,Road Bikes,"Road-350-W Yellow, 44",2,1083,1701,488,2166,2654
70910,2012-03-05,5,March,2012,31,Young Adults (25-34),F,Germany,Hessen,Bikes,Road Bikes,"Road-550-W Yellow, 38",2,713,1120,657,1426,2083
70736,2012-03-05,5,March,2012,39,Adults (35-64),M,United States,Oregon,Bikes,Road Bikes,"Road-750 Black, 58",2,344,540,241,688,929
70954,2012-03-06,6,March,2012,28,Young Adults (25-34),F,France,Seine et Marne,Bikes,Road Bikes,"Road-750 Black, 52",2,344,540,198,688,886
62668,2012-03-06,6,March,2012,42,Adults (35-64),M,France,Yveline,Bikes,Road Bikes,"Road-250 Black, 44",2,1555,2443,603,3110,3713
67048,2012-03-06,6,March,2012,36,Adults (35-64),M,Canada,British Columbia,Bikes,Road Bikes,"Road-750 Black, 44",2,344,540,381,688,1069
70142,2012-03-06,6,March,2012,40,Adults (35-64),M,United Kingdom,England,Bikes,Road Bikes,"Road-750 Black, 44",2,344,540,349,688,1037
60754,2012-03-06,6,March,2012,42,Adults (35-64),M,United States,Oregon,Bikes,Road Bikes,"Road-650 Red, 48",2,487,783,373,974,1347
52720,2012-03-06,6,March,2012,31,Young Adults (25-34),M,Australia,South Australia,Bikes,Mountain Bikes,"Mountain-200 Black, 46",2,1252,2295,1260,2504,3764
64232,2012-03-06,6,March,2012,21,Youth (<25),M,Australia,Queensland,Bikes,Road Bikes,"Road-250 Black, 44",2,1555,2443,994,3110,4104
69084,2012-03-06,6,March,2012,33,Young Adults (25-34),F,Germany,Nordrhein-Westfalen,Bikes,Road Bikes,"Road-550-W Yellow, 42",2,713,1120,523,1426,1949
66328,2012-03-06,6,March,2012,41,Adults (35-64),M,Australia,Victoria,Bikes,Road Bikes,"Road-250 Red, 58",2,1555,2443,750,3110,3860
58204,2012-03-07,7,March,2012,32,Young Adults (25-34),F,United States,Oregon,Bikes,Road Bikes,"Road-150 Red, 48",2,2171,3578,1812,4342,6154
57990,2012-03-07,7,March,2012,43,Adults (35-64),F,France,Val de Marne,Bikes,Mountain Bikes,"Mountain-100 Black, 44",2,1898,3375,1537,3796,5333
62834,2012-03-07,7,March,2012,39,Adults (35-64),M,Australia,Victoria,Bikes,Road Bikes,"Road-250 Black, 44",2,1555,2443,750,3110,3860
60318,2012-03-07,7,March,2012,36,Adults (35-64),F,United States,California,Bikes,Road Bikes,"Road-650 Red, 62",2,487,783,561,974,1535
62594,2012-03-07,7,March,2012,22,Youth (<25),M,France,Nord,Bikes,Road Bikes,"Road-350-W Yellow, 48",2,1083,1701,794,2166,2960
71570,2012-03-07,7,March,2012,29,Young Adults (25-34),F,Germany,Nordrhein-Westfalen,Bikes,Road Bikes,"Road-150 Red, 52",2,2171,3578,1884,4342,6226
55300,2012-03-07,7,March,2012,28,Young Adults (25-34),M,Australia,New South Wales,Bikes,Mountain Bikes,"Mountain-400-W Silver, 46",2,420,769,498,840,1338
70982,2012-03-07,7,March,2012,43,Adults (35-64),M,United States,California,Bikes,Road Bikes,"Road-150 Red, 52",2,2171,3578,2671,4342,7013
50032,2012-03-07,7,March,2012,27,Young Adults (25-34),F,Australia,Victoria,Bikes,Mountain Bikes,"Mountain-200 Black, 46",2,1252,2295,1122,2504,3626
50012,2012-03-08,8,March,2012,38,Adults (35-64),F,United States,California,Bikes,Mountain Bikes,"Mountain-200 Silver, 38",2,1266,2320,2015,2532,4547
66796,2012-03-08,8,March,2012,29,Young Adults (25-34),F,Germany,Hamburg,Bikes,Road Bikes,"Road-750 Black, 52",2,344,540,316,688,1004
52002,2012-03-08,8,March,2012,39,Adults (35-64),M,Germany,Nordrhein-Westfalen,Bikes,Mountain Bikes,"Mountain-200 Silver, 46",2,1266,2320,1505,2532,4037
65698,2012-03-08,8,March,2012,46,Adults (35-64),M,Australia,New South Wales,Bikes,Road Bikes,"Road-750 Black, 48",2,344,540,252,688,940
64038,2012-03-09,9,March,2012,42,Adults (35-64),M,Australia,Victoria,Bikes,Road Bikes,"Road-250 Black, 52",2,1555,2443,750,3110,3860
58276,2012-03-09,9,March,2012,37,Adults (35-64),M,United States,Oregon,Bikes,Road Bikes,"Road-150 Red, 62",2,2171,3578,1812,4342,6154
64238,2012-03-09,9,March,2012,24,Youth (<25),F,Australia,South Australia,Bikes,Road Bikes,"Road-250 Black, 48",2,1555,2443,897,3110,4007
59230,2012-03-09,9,March,2012,42,Adults (35-64),F,United States,California,Bikes,Road Bikes,"Road-250 Black, 52",2,1555,2443,1678,3110,4788
64802,2012-03-09,9,March,2012,41,Adults (35-64),F,United States,Oregon,Bikes,Road Bikes,"Road-250 Black, 44",2,1555,2443,1092,3110,4202
58876,2012-03-09,9,March,2012,23,Youth (<25),M,Canada,British Columbia,Bikes,Road Bikes,"Road-250 Black, 44",2,1555,2443,1727,3110,4837
71552,2012-03-10,10,March,2012,19,Youth (<25),M,Canada,British Columbia,Bikes,Road Bikes,"Road-150 Red, 56",2,2171,3578,2742,4342,7084
63420,2012-03-10,10,March,2012,24,Youth (<25),F,United States,California,Bikes,Road Bikes,"Road-550-W Yellow, 44",2,713,1120,769,1426,2195
54064,2012-03-11,11,March,2012,36,Adults (35-64),F,United States,California,Bikes,Mountain Bikes,"Mountain-200 Silver, 46",2,1266,2320,2015,2532,4547
50812,2012-03-11,11,March,2012,25,Young Adults (25-34),F,United Kingdom,England,Bikes,Mountain Bikes,"Mountain-200 Black, 42",2,1252,2295,1902,2504,4406
59810,2012-03-11,11,March,2012,39,Adults (35-64),M,Germany,Saarland,Bikes,Road Bikes,"Road-250 Red, 52",2,1519,2443,969,3038,4007
60320,2012-03-11,11,March,2012,36,Adults (35-64),F,United States,California,Bikes,Road Bikes,"Road-650 Red, 62",2,487,783,561,974,1535
57988,2012-03-11,11,March,2012,35,Adults (35-64),F,France,Seine et Marne,Bikes,Mountain Bikes,"Mountain-100 Black, 38",2,1898,3375,1739,3796,5535
64056,2012-03-11,11,March,2012,41,Adults (35-64),M,Australia,Queensland,Bikes,Road Bikes,"Road-250 Black, 48",2,1555,2443,994,3110,4104
59800,2012-03-12,12,March,2012,60,Adults (35-64),F,United States,California,Bikes,Road Bikes,"Road-550-W Yellow, 44",2,713,1120,769,1426,2195
64028,2012-03-12,12,March,2012,45,Adults (35-64),F,Australia,Queensland,Bikes,Road Bikes,"Road-750 Black, 48",2,344,540,219,688,907
53830,2012-03-12,12,March,2012,30,Young Adults (25-34),F,Australia,New South Wales,Bikes,Mountain Bikes,"Mountain-200 Silver, 38",2,1266,2320,1505,2532,4037
69418,2012-03-12,12,March,2012,25,Young Adults (25-34),M,Australia,Victoria,Bikes,Road Bikes,"Road-550-W Yellow, 38",2,713,1120,344,1426,1770
65838,2012-03-12,12,March,2012,27,Young Adults (25-34),F,Canada,British Columbia,Bikes,Road Bikes,"Road-550-W Yellow, 48",2,713,1120,792,1426,2218
65950,2012-03-13,13,March,2012,33,Young Adults (25-34),M,United States,California,Bikes,Road Bikes,"Road-750 Black, 48",2,344,540,370,688,1058
57994,2012-03-13,13,March,2012,54,Adults (35-64),F,France,Nord,Bikes,Mountain Bikes,"Mountain-100 Black, 44",2,1898,3375,2077,3796,5873
66288,2012-03-13,13,March,2012,59,Adults (35-64),M,United States,California,Bikes,Road Bikes,"Road-750 Black, 48",2,344,540,370,688,1058
54174,2012-03-13,13,March,2012,30,Young Adults (25-34),F,United States,California,Bikes,Mountain Bikes,"Mountain-500 Black, 48",2,295,540,468,590,1058
68394,2012-03-13,13,March,2012,38,Adults (35-64),M,United States,California,Bikes,Road Bikes,"Road-150 Red, 52",2,2171,3578,2671,4342,7013
50122,2012-03-13,13,March,2012,29,Young Adults (25-34),F,Australia,New South Wales,Bikes,Mountain Bikes,"Mountain-200 Silver, 38",2,1266,2320,1505,2532,4037
52686,2012-03-13,13,March,2012,30,Young Adults (25-34),F,Australia,Queensland,Bikes,Mountain Bikes,"Mountain-200 Silver, 46",2,1266,2320,1366,2532,3898
58214,2012-03-13,13,March,2012,33,Young Adults (25-34),F,United States,Washington,Bikes,Road Bikes,"Road-150 Red, 48",2,2171,3578,1240,4342,5582
64756,2012-03-13,13,March,2012,26,Young Adults (25-34),F,Australia,New South Wales,Bikes,Road Bikes,"Road-250 Red, 58",2,1555,2443,1141,3110,4251
62836,2012-03-13,13,March,2012,39,Adults (35-64),M,Australia,Victoria,Bikes,Road Bikes,"Road-250 Black, 44",2,1555,2443,750,3110,3860
58676,2012-03-14,14,March,2012,27,Young Adults (25-34),M,Germany,Saarland,Bikes,Road Bikes,"Road-150 Red, 48",2,2171,3578,1526,4342,5868
70984,2012-03-14,14,March,2012,43,Adults (35-64),M,United States,California,Bikes,Road Bikes,"Road-150 Red, 52",2,2171,3578,2671,4342,7013
70172,2012-03-14,14,March,2012,23,Youth (<25),M,Australia,Queensland,Bikes,Road Bikes,"Road-750 Black, 58",2,344,540,219,688,907
56030,2012-03-14,14,March,2012,37,Adults (35-64),F,United States,California,Bikes,Mountain Bikes,"Mountain-200 Black, 46",2,1252,2295,1994,2504,4498
63762,2012-03-15,15,March,2012,28,Young Adults (25-34),F,Germany,Hessen,Bikes,Road Bikes,"Road-250 Black, 44",2,1555,2443,1434,3110,4544
71454,2012-03-15,15,March,2012,62,Adults (35-64),M,United States,California,Bikes,Road Bikes,"Road-150 Red, 56",2,2171,3578,2671,4342,7013
69440,2012-03-15,15,March,2012,27,Young Adults (25-34),F,Australia,New South Wales,Bikes,Road Bikes,"Road-550-W Yellow, 48",2,713,1120,523,1426,1949
61042,2012-03-15,15,March,2012,40,Adults (35-64),F,United States,California,Bikes,Road Bikes,"Road-250 Black, 58",2,1555,2443,1678,3110,4788
66240,2012-03-15,15,March,2012,25,Young Adults (25-34),F,United States,California,Bikes,Road Bikes,"Road-750 Black, 44",2,344,540,370,688,1058
53372,2012-03-15,15,March,2012,28,Young Adults (25-34),M,Australia,Queensland,Bikes,Mountain Bikes,"Mountain-200 Silver, 42",2,1266,2320,1366,2532,3898
55488,2012-03-15,15,March,2012,31,Young Adults (25-34),M,Australia,New South Wales,Bikes,Mountain Bikes,"Mountain-400-W Silver, 42",2,420,769,498,840,1338
63322,2012-03-15,15,March,2012,22,Youth (<25),F,Australia,Victoria,Bikes,Road Bikes,"Road-250 Black, 48",2,1555,2443,750,3110,3860
71326,2012-03-15,15,March,2012,38,Adults (35-64),M,United States,Oregon,Bikes,Road Bikes,"Road-250 Red, 44",2,1519,2443,1164,3038,4202
61472,2012-03-15,15,March,2012,41,Adults (35-64),F,Australia,New South Wales,Bikes,Road Bikes,"Road-150 Red, 56",2,2171,3578,1884,4342,6226
69648,2012-03-16,16,March,2012,39,Adults (35-64),F,Canada,British Columbia,Bikes,Road Bikes,"Road-250 Red, 58",2,1555,2443,1727,3110,4837
68396,2012-03-16,16,March,2012,38,Adults (35-64),M,United States,California,Bikes,Road Bikes,"Road-150 Red, 52",2,2171,3578,2671,4342,7013
61474,2012-03-16,16,March,2012,41,Adults (35-64),F,Australia,New South Wales,Bikes,Road Bikes,"Road-150 Red, 56",2,2171,3578,1884,4342,6226
64286,2012-03-16,16,March,2012,34,Young Adults (25-34),F,United States,California,Bikes,Road Bikes,"Road-250 Black, 52",2,1555,2443,1678,3110,4788
64220,2012-03-16,16,March,2012,21,Youth (<25),M,Australia,South Australia,Bikes,Road Bikes,"Road-250 Black, 52",2,1555,2443,897,3110,4007
62666,2012-03-17,17,March,2012,41,Adults (35-64),F,France,Hauts de Seine,Bikes,Road Bikes,"Road-650 Red, 58",2,487,783,482,974,1456
64366,2012-03-17,17,March,2012,26,Young Adults (25-34),M,Germany,Saarland,Bikes,Road Bikes,"Road-550-W Yellow, 42",2,713,1120,411,1426,1837
58240,2012-03-17,17,March,2012,43,Adults (35-64),F,United States,California,Bikes,Road Bikes,"Road-150 Red, 44",2,2171,3578,2671,4342,7013
51904,2012-03-17,17,March,2012,37,Adults (35-64),F,United States,Oregon,Bikes,Mountain Bikes,"Mountain-200 Silver, 38",2,1266,2320,1458,2532,3990
61882,2012-03-17,17,March,2012,43,Adults (35-64),M,Australia,Queensland,Bikes,Road Bikes,"Road-750 Black, 52",2,344,540,219,688,907
51432,2012-03-17,17,March,2012,27,Young Adults (25-34),F,Australia,Queensland,Bikes,Mountain Bikes,"Mountain-200 Silver, 38",2,1266,2320,1366,2532,3898
55372,2012-03-17,17,March,2012,25,Young Adults (25-34),M,United Kingdom,England,Bikes,Mountain Bikes,"Mountain-400-W Silver, 38",2,420,769,636,840,1476
57618,2012-03-17,17,March,2012,36,Adults (35-64),M,United States,Washington,Bikes,Mountain Bikes,"Mountain-200 Silver, 38",2,1266,2320,1087,2532,3619
66128,2012-03-17,17,March,2012,24,Youth (<25),F,Australia,New South Wales,Bikes,Road Bikes,"Road-250 Black, 52",2,1555,2443,1141,3110,4251
60208,2012-03-18,18,March,2012,52,Adults (35-64),F,United Kingdom,England,Bikes,Road Bikes,"Road-250 Black, 58",2,1555,2443,1581,3110,4691
67682,2012-03-18,18,March,2012,36,Adults (35-64),M,United States,California,Bikes,Road Bikes,"Road-350-W Yellow, 42",2,1083,1701,1168,2166,3334
59780,2012-03-18,18,March,2012,40,Adults (35-64),M,Germany,Hessen,Bikes,Road Bikes,"Road-250 Black, 44",2,1555,2443,1434,3110,4544
67504,2012-03-18,18,March,2012,41,Adults (35-64),F,United States,California,Bikes,Road Bikes,"Road-750 Black, 52",2,344,540,370,688,1058
66526,2012-03-18,18,March,2012,28,Young Adults (25-34),F,United Kingdom,England,Bikes,Road Bikes,"Road-750 Black, 48",2,344,540,349,688,1037
58242,2012-03-18,18,March,2012,43,Adults (35-64),F,United States,California,Bikes,Road Bikes,"Road-150 Red, 44",2,2171,3578,2671,4342,7013
58294,2012-03-18,18,March,2012,58,Adults (35-64),M,United States,California,Bikes,Road Bikes,"Road-150 Red, 48",2,2171,3578,2671,4342,7013
60994,2012-03-18,18,March,2012,42,Adults (35-64),M,United States,California,Bikes,Road Bikes,"Road-750 Black, 44",2,344,540,370,688,1058
63294,2012-03-19,19,March,2012,22,Youth (<25),M,Australia,Victoria,Bikes,Road Bikes,"Road-650 Black, 44",2,487,783,263,974,1237
62664,2012-03-19,19,March,2012,41,Adults (35-64),F,France,Seine et Marne,Bikes,Road Bikes,"Road-550-W Yellow, 44",2,713,1120,411,1426,1837
65994,2012-03-19,19,March,2012,34,Young Adults (25-34),M,United States,Washington,Bikes,Road Bikes,"Road-750 Black, 48",2,344,540,154,688,842
70708,2012-03-19,19,March,2012,38,Adults (35-64),F,United States,California,Bikes,Road Bikes,"Road-150 Red, 48",2,2171,3578,2671,4342,7013
64022,2012-03-20,20,March,2012,46,Adults (35-64),M,Australia,South Australia,Bikes,Road Bikes,"Road-750 Black, 48",2,344,540,198,688,886
54544,2012-03-20,20,March,2012,31,Young Adults (25-34),F,Australia,Queensland,Bikes,Mountain Bikes,"Mountain-200 Black, 46",2,1252,2295,1352,2504,3856
68604,2012-03-20,20,March,2012,24,Youth (<25),M,Australia,New South Wales,Bikes,Road Bikes,"Road-350-W Yellow, 44",2,1083,1701,794,2166,2960
63940,2012-03-20,20,March,2012,39,Adults (35-64),F,Australia,Queensland,Bikes,Road Bikes,"Road-350-W Yellow, 48",2,1083,1701,692,2166,2858
65952,2012-03-20,20,March,2012,33,Young Adults (25-34),M,United States,California,Bikes,Road Bikes,"Road-750 Black, 48",2,344,540,370,688,1058
64072,2012-03-20,20,March,2012,40,Adults (35-64),F,Australia,New South Wales,Bikes,Road Bikes,"Road-250 Black, 52",2,1555,2443,1141,3110,4251
50148,2012-03-20,20,March,2012,28,Young Adults (25-34),F,Australia,Victoria,Bikes,Mountain Bikes,"Mountain-200 Black, 42",2,1252,2295,1122,2504,3626
59918,2012-03-20,20,March,2012,29,Young Adults (25-34),F,Germany,Bayern,Bikes,Road Bikes,"Road-150 Red, 48",2,2171,3578,2742,4342,7084
67664,2012-03-20,20,March,2012,35,Adults (35-64),M,Canada,British Columbia,Bikes,Road Bikes,"Road-750 Black, 52",2,344,540,381,688,1069
64040,2012-03-21,21,March,2012,42,Adults (35-64),M,Australia,Victoria,Bikes,Road Bikes,"Road-250 Black, 52",2,1555,2443,750,3110,3860
66528,2012-03-21,21,March,2012,28,Young Adults (25-34),F,United Kingdom,England,Bikes,Road Bikes,"Road-750 Black, 48",2,344,540,349,688,1037
62038,2012-03-21,21,March,2012,39,Adults (35-64),M,United States,California,Bikes,Road Bikes,"Road-350-W Yellow, 42",2,1083,1701,1168,2166,3334
62898,2012-03-21,21,March,2012,45,Adults (35-64),F,Australia,New South Wales,Bikes,Road Bikes,"Road-550-W Yellow, 40",2,713,1120,523,1426,1949
64580,2012-03-22,22,March,2012,58,Adults (35-64),M,United States,Washington,Bikes,Road Bikes,"Road-250 Red, 58",2,1555,2443,701,3110,3811
56864,2012-03-22,22,March,2012,27,Young Adults (25-34),M,Canada,British Columbia,Bikes,Mountain Bikes,"Mountain-200 Black, 46",2,1252,2295,2040,2504,4544
54240,2012-03-22,22,March,2012,31,Young Adults (25-34),M,Australia,Victoria,Bikes,Mountain Bikes,"Mountain-200 Silver, 38",2,1266,2320,1134,2532,3666
63972,2012-03-22,22,March,2012,55,Adults (35-64),F,Australia,Queensland,Bikes,Road Bikes,"Road-350-W Yellow, 44",2,1083,1701,692,2166,2858
67506,2012-03-22,22,March,2012,41,Adults (35-64),F,United States,California,Bikes,Road Bikes,"Road-750 Black, 52",2,344,540,370,688,1058
51454,2012-03-22,22,March,2012,31,Young Adults (25-34),F,Australia,Victoria,Bikes,Mountain Bikes,"Mountain-200 Black, 46",2,1252,2295,1122,2504,3626
60892,2012-03-23,23,March,2012,31,Young Adults (25-34),F,Germany,Saarland,Bikes,Road Bikes,"Road-250 Black, 44",2,1555,2443,897,3110,4007
58756,2012-03-23,23,March,2012,27,Young Adults (25-34),M,France,Yveline,Bikes,Road Bikes,"Road-150 Red, 44",2,2171,3578,1097,4342,5439
58762,2012-03-23,23,March,2012,28,Young Adults (25-34),M,France,Nord,Bikes,Road Bikes,"Road-150 Red, 44",2,2171,3578,1884,4342,6226
54546,2012-03-23,23,March,2012,31,Young Adults (25-34),F,Australia,Queensland,Bikes,Mountain Bikes,"Mountain-200 Black, 46",2,1252,2295,1352,2504,3856
60322,2012-03-23,23,March,2012,36,Adults (35-64),F,United States,California,Bikes,Road Bikes,"Road-650 Red, 62",2,487,783,561,974,1535
57992,2012-03-24,24,March,2012,43,Adults (35-64),M,France,Nord,Bikes,Mountain Bikes,"Mountain-100 Silver, 38",2,1912,3400,2092,3824,5916
58356,2012-03-24,24,March,2012,24,Youth (<25),M,United States,California,Bikes,Road Bikes,"Road-150 Red, 44",2,2171,3578,2671,4342,7013
66016,2012-03-24,24,March,2012,35,Adults (35-64),M,United States,California,Bikes,Road Bikes,"Road-150 Red, 56",2,2171,3578,2671,4342,7013
62040,2012-03-24,24,March,2012,39,Adults (35-64),M,United States,California,Bikes,Road Bikes,"Road-350-W Yellow, 42",2,1083,1701,1168,2166,3334
63339,2012-03-24,24,March,2012,24,Youth (<25),M,Australia,Victoria,Bikes,Road Bikes,"Road-250 Black, 44",2,1555,2443,750,3110,3860
63338,2012-03-24,24,March,2012,24,Youth (<25),M,Australia,Victoria,Bikes,Road Bikes,"Road-250 Black, 44",2,1555,2443,750,3110,3860
66530,2012-03-24,24,March,2012,28,Young Adults (25-34),F,United Kingdom,England,Bikes,Road Bikes,"Road-750 Black, 48",2,344,540,349,688,1037
71052,2012-03-24,24,March,2012,26,Young Adults (25-34),F,United States,Washington,Bikes,Road Bikes,"Road-150 Red, 62",2,2171,3578,1240,4342,5582
52114,2012-03-24,24,March,2012,27,Young Adults (25-34),M,Australia,New South Wales,Bikes,Mountain Bikes,"Mountain-200 Black, 38",2,1252,2295,1489,2504,3993
51418,2012-03-24,24,March,2012,28,Young Adults (25-34),F,Australia,Queensland,Bikes,Mountain Bikes,"Mountain-200 Black, 38",2,1252,2295,1352,2504,3856
59790,2012-03-24,24,March,2012,40,Adults (35-64),F,Germany,Bayern,Bikes,Road Bikes,"Road-150 Red, 52",2,2171,3578,2742,4342,7084
64074,2012-03-24,24,March,2012,40,Adults (35-64),F,Australia,New South Wales,Bikes,Road Bikes,"Road-250 Black, 52",2,1555,2443,1141,3110,4251
68936,2012-03-25,25,March,2012,36,Adults (35-64),M,Australia,New South Wales,Bikes,Road Bikes,"Road-550-W Yellow, 48",2,713,1120,523,1426,1949
63136,2012-03-25,25,March,2012,41,Adults (35-64),F,Australia,Queensland,Bikes,Road Bikes,"Road-250 Red, 58",2,1555,2443,994,3110,4104
62946,2012-03-25,25,March,2012,41,Adults (35-64),F,Australia,Victoria,Bikes,Road Bikes,"Road-250 Black, 52",2,1555,2443,750,3110,3860
63948,2012-03-25,25,March,2012,44,Adults (35-64),M,Australia,New South Wales,Bikes,Road Bikes,"Road-250 Red, 58",2,1555,2443,1141,3110,4251
51420,2012-03-25,25,March,2012,28,Young Adults (25-34),F,Australia,Queensland,Bikes,Mountain Bikes,"Mountain-200 Black, 38",2,1252,2295,1352,2504,3856
62606,2012-03-26,26,March,2012,24,Youth (<25),M,France,Essonne,Bikes,Road Bikes,"Road-350-W Yellow, 42",2,1083,1701,1100,2166,3266
70986,2012-03-26,26,March,2012,43,Adults (35-64),M,United States,California,Bikes,Road Bikes,"Road-150 Red, 52",2,2171,3578,2671,4342,7013
63362,2012-03-26,26,March,2012,25,Young Adults (25-34),F,Australia,New South Wales,Bikes,Road Bikes,"Road-250 Black, 52",2,1555,2443,1141,3110,4251
69588,2012-03-26,26,March,2012,43,Adults (35-64),M,Australia,Victoria,Bikes,Road Bikes,"Road-550-W Yellow, 42",2,713,1120,344,1426,1770
59986,2012-03-26,26,March,2012,32,Young Adults (25-34),M,Germany,Hamburg,Bikes,Road Bikes,"Road-250 Black, 58",2,1555,2443,1434,3110,4544
59594,2012-03-26,26,March,2012,28,Young Adults (25-34),M,United Kingdom,England,Bikes,Road Bikes,"Road-150 Red, 44",2,2171,3578,2528,4342,6870
67666,2012-03-26,26,March,2012,35,Adults (35-64),M,Canada,British Columbia,Bikes,Road Bikes,"Road-750 Black, 52",2,344,540,381,688,1069
57308,2012-03-26,26,March,2012,30,Young Adults (25-34),M,United States,Oregon,Bikes,Mountain Bikes,"Mountain-100 Silver, 42",2,1912,3400,2024,3824,5848
68398,2012-03-26,26,March,2012,38,Adults (35-64),M,United States,California,Bikes,Road Bikes,"Road-150 Red, 52",2,2171,3578,2671,4342,7013
59716,2012-03-27,27,March,2012,40,Adults (35-64),M,United States,Oregon,Bikes,Road Bikes,"Road-550-W Yellow, 48",2,713,1120,500,1426,1926
62042,2012-03-27,27,March,2012,39,Adults (35-64),M,United States,California,Bikes,Road Bikes,"Road-350-W Yellow, 42",2,1083,1701,1168,2166,3334
58358,2012-03-27,27,March,2012,24,Youth (<25),M,United States,California,Bikes,Road Bikes,"Road-150 Red, 44",2,2171,3578,2671,4342,7013
71028,2012-03-28,28,March,2012,26,Young Adults (25-34),M,United States,California,Bikes,Road Bikes,"Road-150 Red, 56",2,2171,3578,2671,4342,7013
64584,2012-03-28,28,March,2012,57,Adults (35-64),M,United States,California,Bikes,Road Bikes,"Road-250 Red, 58",2,1555,2443,1678,3110,4788
58244,2012-03-28,28,March,2012,43,Adults (35-64),F,United States,California,Bikes,Road Bikes,"Road-150 Red, 44",2,2171,3578,2671,4342,7013
58748,2012-03-28,28,March,2012,56,Adults (35-64),F,France,Seine Saint Denis,Bikes,Road Bikes,"Road-150 Red, 44",2,2171,3578,1526,4342,5868
58612,2012-03-28,28,March,2012,43,Adults (35-64),M,United Kingdom,England,Bikes,Road Bikes,"Road-550-W Yellow, 48",2,713,1120,724,1426,2150
66232,2012-03-28,28,March,2012,55,Adults (35-64),M,Australia,Victoria,Bikes,Road Bikes,"Road-350-W Yellow, 48",2,1083,1701,522,2166,2688
68146,2012-03-28,28,March,2012,28,Young Adults (25-34),M,France,Seine (Paris),Bikes,Road Bikes,"Road-550-W Yellow, 44",2,713,1120,411,1426,1837
69870,2012-03-28,28,March,2012,24,Youth (<25),F,Australia,Victoria,Bikes,Road Bikes,"Road-550-W Yellow, 40",2,713,1120,344,1426,1770
69872,2012-03-29,29,March,2012,24,Youth (<25),F,Australia,Victoria,Bikes,Road Bikes,"Road-550-W Yellow, 40",2,713,1120,344,1426,1770
50564,2012-03-29,29,March,2012,41,Adults (35-64),M,Germany,Hessen,Bikes,Mountain Bikes,"Mountain-200 Silver, 38",2,1266,2320,1783,2532,4315
64586,2012-03-29,29,March,2012,57,Adults (35-64),M,United States,California,Bikes,Road Bikes,"Road-250 Red, 58",2,1555,2443,1678,3110,4788
71456,2012-03-29,29,March,2012,62,Adults (35-64),M,United States,California,Bikes,Road Bikes,"Road-150 Red, 56",2,2171,3578,2671,4342,7013
58296,2012-03-29,29,March,2012,58,Adults (35-64),M,United States,California,Bikes,Road Bikes,"Road-150 Red, 48",2,2171,3578,2671,4342,7013
67790,2012-03-29,29,March,2012,61,Adults (35-64),M,United States,California,Bikes,Road Bikes,"Road-750 Black, 52",2,344,540,370,688,1058
67614,2012-03-30,30,March,2012,33,Young Adults (25-34),F,United States,California,Bikes,Road Bikes,"Road-750 Black, 44",2,344,540,370,688,1058
64194,2012-03-30,30,March,2012,21,Youth (<25),F,Australia,New South Wales,Bikes,Road Bikes,"Road-250 Black, 58",2,1555,2443,1141,3110,4251
61898,2012-03-30,30,March,2012,42,Adults (35-64),F,Australia,New South Wales,Bikes,Road Bikes,"Road-150 Red, 62",2,2171,3578,1884,4342,6226
60276,2012-03-30,30,March,2012,32,Young Adults (25-34),F,United States,California,Bikes,Road Bikes,"Road-650 Red, 62",2,487,783,561,974,1535
57310,2012-03-31,31,March,2012,30,Young Adults (25-34),M,United States,Oregon,Bikes,Mountain Bikes,"Mountain-100 Silver, 42",2,1912,3400,2024,3824,5848
53832,2012-03-31,31,March,2012,30,Young Adults (25-34),F,Australia,New South Wales,Bikes,Mountain Bikes,"Mountain-200 Silver, 38",2,1266,2320,1505,2532,4037
59678,2012-03-31,31,March,2012,50,Adults (35-64),M,Germany,Hessen,Bikes,Road Bikes,"Road-250 Black, 48",2,1555,2443,1434,3110,4544
67536,2012-03-31,31,March,2012,40,Adults (35-64),F,Canada,British Columbia,Bikes,Road Bikes,"Road-750 Black, 52",2,344,540,381,688,1069
69464,2012-04-01,1,April,2012,26,Young Adults (25-34),M,Australia,New South Wales,Bikes,Road Bikes,"Road-550-W Yellow, 44",2,713,1120,523,1426,1949
67414,2012-04-01,1,April,2012,28,Young Adults (25-34),F,United States,California,Bikes,Road Bikes,"Road-750 Black, 44",2,344,540,370,688,1058
67360,2012-04-01,1,April,2012,22,Youth (<25),F,United States,California,Bikes,Road Bikes,"Road-750 Black, 44",2,344,540,370,688,1058
70026,2012-04-01,1,April,2012,19,Youth (<25),M,Australia,Victoria,Bikes,Road Bikes,"Road-750 Black, 44",2,344,540,165,688,853
59994,2012-04-01,1,April,2012,33,Young Adults (25-34),F,Germany,Hessen,Bikes,Road Bikes,"Road-150 Red, 56",2,2171,3578,2313,4342,6655
61820,2012-04-02,2,April,2012,31,Young Adults (25-34),F,Australia,Queensland,Bikes,Road Bikes,"Road-150 Red, 62",2,2171,3578,1669,4342,6011
56644,2012-04-02,2,April,2012,40,Adults (35-64),F,United States,Washington,Bikes,Mountain Bikes,"Mountain-500 Black, 40",2,295,540,252,590,842
64544,2012-04-02,2,April,2012,32,Young Adults (25-34),F,Australia,South Australia,Bikes,Road Bikes,"Road-350-W Yellow, 44",2,1083,1701,624,2166,2790
59718,2012-04-03,3,April,2012,40,Adults (35-64),M,United States,Oregon,Bikes,Road Bikes,"Road-550-W Yellow, 48",2,713,1120,500,1426,1926
64382,2012-04-03,3,April,2012,18,Youth (<25),M,Australia,Victoria,Bikes,Road Bikes,"Road-750 Black, 52",2,344,540,165,688,853
69892,2012-04-03,3,April,2012,29,Young Adults (25-34),M,Canada,British Columbia,Bikes,Road Bikes,"Road-750 Black, 48",2,344,540,381,688,1069
60136,2012-04-03,3,April,2012,17,Youth (<25),F,Australia,Victoria,Bikes,Road Bikes,"Road-650 Red, 48",2,487,783,263,974,1237
58216,2012-04-03,3,April,2012,33,Young Adults (25-34),F,United States,Washington,Bikes,Road Bikes,"Road-150 Red, 48",2,2171,3578,1240,4342,5582
67934,2012-04-03,3,April,2012,47,Adults (35-64),M,Canada,British Columbia,Bikes,Road Bikes,"Road-750 Black, 58",2,344,540,381,688,1069
50190,2012-04-03,3,April,2012,32,Young Adults (25-34),M,Australia,Victoria,Bikes,Mountain Bikes,"Mountain-200 Silver, 38",2,1266,2320,1134,2532,3666
69676,2012-04-03,3,April,2012,31,Young Adults (25-34),M,Australia,Victoria,Bikes,Road Bikes,"Road-550-W Yellow, 44",2,713,1120,344,1426,1770
59156,2012-04-03,3,April,2012,23,Youth (<25),M,United Kingdom,England,Bikes,Road Bikes,"Road-250 Red, 58",2,1555,2443,1581,3110,4691
69442,2012-04-04,4,April,2012,27,Young Adults (25-34),F,Australia,New South Wales,Bikes,Road Bikes,"Road-550-W Yellow, 48",2,713,1120,523,1426,1949
66426,2012-04-04,4,April,2012,27,Young Adults (25-34),F,United States,Washington,Bikes,Road Bikes,"Road-750 Black, 52",2,344,540,154,688,842
64836,2012-04-04,4,April,2012,27,Young Adults (25-34),M,United States,California,Bikes,Road Bikes,"Road-550-W Yellow, 42",2,713,1120,769,1426,2195
60010,2012-04-04,4,April,2012,34,Young Adults (25-34),M,Germany,Hessen,Bikes,Road Bikes,"Road-150 Red, 62",2,2171,3578,2313,4342,6655
50184,2012-04-04,4,April,2012,29,Young Adults (25-34),M,Australia,New South Wales,Bikes,Mountain Bikes,"Mountain-200 Black, 46",2,1252,2295,1489,2504,3993
54036,2012-04-04,4,April,2012,41,Adults (35-64),M,United States,Washington,Bikes,Mountain Bikes,"Mountain-200 Silver, 46",2,1266,2320,1087,2532,3619
58398,2012-04-04,4,April,2012,32,Young Adults (25-34),F,United States,Washington,Bikes,Road Bikes,"Road-150 Red, 48",2,2171,3578,1240,4342,5582
63422,2012-04-05,5,April,2012,24,Youth (<25),F,United States,California,Bikes,Road Bikes,"Road-550-W Yellow, 44",2,713,1120,769,1426,2195
50478,2012-04-05,5,April,2012,41,Adults (35-64),F,Germany,Hamburg,Bikes,Mountain Bikes,"Mountain-200 Silver, 42",2,1266,2320,1783,2532,4315
63790,2012-04-05,5,April,2012,29,Young Adults (25-34),F,France,Nord,Bikes,Road Bikes,"Road-650 Black, 58",2,487,783,388,974,1362
62044,2012-04-05,5,April,2012,39,Adults (35-64),M,United States,California,Bikes,Road Bikes,"Road-350-W Yellow, 42",2,1083,1701,1168,2166,3334
60446,2012-04-05,5,April,2012,30,Young Adults (25-34),M,United States,Washington,Bikes,Road Bikes,"Road-650 Red, 58",2,487,783,247,974,1221
54784,2012-04-06,6,April,2012,39,Adults (35-64),M,United States,California,Bikes,Mountain Bikes,"Mountain-200 Black, 42",2,1252,2295,1994,2504,4498
66442,2012-04-06,6,April,2012,34,Young Adults (25-34),M,Canada,British Columbia,Bikes,Road Bikes,"Road-750 Black, 52",2,344,540,381,688,1069
68572,2012-04-06,6,April,2012,18,Youth (<25),M,Canada,British Columbia,Bikes,Road Bikes,"Road-150 Red, 48",2,2171,3578,2742,4342,7084
62378,2012-04-06,6,April,2012,19,Youth (<25),M,Australia,New South Wales,Bikes,Road Bikes,"Road-550-W Yellow, 42",2,713,1120,523,1426,1949
59422,2012-04-06,6,April,2012,19,Youth (<25),M,United States,California,Bikes,Road Bikes,"Road-550-W Yellow, 42",2,713,1120,769,1426,2195
54992,2012-04-07,7,April,2012,43,Adults (35-64),M,Australia,Victoria,Bikes,Mountain Bikes,"Mountain-200 Black, 46",2,1252,2295,1122,2504,3626
50216,2012-04-07,7,April,2012,33,Young Adults (25-34),M,Australia,Queensland,Bikes,Mountain Bikes,"Mountain-200 Silver, 46",2,1266,2320,1366,2532,3898
60188,2012-04-07,7,April,2012,53,Adults (35-64),M,France,Seine (Paris),Bikes,Road Bikes,"Road-150 Red, 48",2,2171,3578,1526,4342,5868
70060,2012-04-07,7,April,2012,39,Adults (35-64),F,United Kingdom,England,Bikes,Road Bikes,"Road-750 Black, 48",2,344,540,349,688,1037
58812,2012-04-07,7,April,2012,28,Young Adults (25-34),M,United States,California,Bikes,Road Bikes,"Road-150 Red, 62",2,2171,3578,2671,4342,7013
63880,2012-04-07,7,April,2012,31,Young Adults (25-34),F,Australia,Tasmania,Bikes,Road Bikes,"Road-250 Red, 58",2,1555,2443,848,3110,3958
59184,2012-04-07,7,April,2012,24,Youth (<25),F,United Kingdom,England,Bikes,Road Bikes,"Road-150 Red, 48",2,2171,3578,2528,4342,6870
70318,2012-04-07,7,April,2012,40,Adults (35-64),M,United States,Washington,Bikes,Road Bikes,"Road-650 Black, 48",2,487,783,247,974,1221
58360,2012-04-07,7,April,2012,24,Youth (<25),M,United States,California,Bikes,Road Bikes,"Road-150 Red, 44",2,2171,3578,2671,4342,7013
66390,2012-04-08,8,April,2012,25,Young Adults (25-34),M,Canada,British Columbia,Bikes,Road Bikes,"Road-150 Red, 44",2,2171,3578,2742,4342,7084
60178,2012-04-08,8,April,2012,27,Young Adults (25-34),F,France,Seine Saint Denis,Bikes,Road Bikes,"Road-250 Red, 58",2,1555,2443,897,3110,4007
63276,2012-04-08,8,April,2012,47,Adults (35-64),M,France,Seine Saint Denis,Bikes,Road Bikes,"Road-550-W Yellow, 42",2,713,1120,411,1426,1837
59186,2012-04-09,9,April,2012,24,Youth (<25),F,United Kingdom,England,Bikes,Road Bikes,"Road-150 Red, 48",2,2171,3578,2528,4342,6870
71272,2012-04-09,9,April,2012,30,Young Adults (25-34),M,United States,California,Bikes,Road Bikes,"Road-150 Red, 48",2,2171,3578,2671,4342,7013
60020,2012-04-09,9,April,2012,18,Youth (<25),M,Germany,Saarland,Bikes,Road Bikes,"Road-150 Red, 48",2,2171,3578,1526,4342,5868
68288,2012-04-09,9,April,2012,20,Youth (<25),F,Australia,New South Wales,Bikes,Road Bikes,"Road-750 Black, 58",2,344,540,252,688,940
63364,2012-04-09,9,April,2012,25,Young Adults (25-34),F,Australia,New South Wales,Bikes,Road Bikes,"Road-250 Black, 52",2,1555,2443,1141,3110,4251
54786,2012-04-10,10,April,2012,39,Adults (35-64),M,United States,California,Bikes,Mountain Bikes,"Mountain-200 Black, 42",2,1252,2295,1994,2504,4498
66464,2012-04-10,10,April,2012,24,Youth (<25),M,United States,Washington,Bikes,Road Bikes,"Road-150 Red, 56",2,2171,3578,1240,4342,5582
60390,2012-04-10,10,April,2012,51,Adults (35-64),F,Australia,New South Wales,Bikes,Road Bikes,"Road-350-W Yellow, 40",2,1083,1701,794,2166,2960
68058,2012-04-10,10,April,2012,34,Young Adults (25-34),F,Germany,Hessen,Bikes,Road Bikes,"Road-750 Black, 48",2,344,540,316,688,1004
59996,2012-04-10,10,April,2012,33,Young Adults (25-34),F,Germany,Hessen,Bikes,Road Bikes,"Road-150 Red, 56",2,2171,3578,2313,4342,6655
64540,2012-04-11,11,April,2012,66,Seniors (64+),M,Australia,New South Wales,Bikes,Road Bikes,"Road-350-W Yellow, 48",2,1083,1701,794,2166,2960
65428,2012-04-11,11,April,2012,27,Young Adults (25-34),F,Australia,Queensland,Bikes,Road Bikes,"Road-250 Red, 58",2,1555,2443,994,3110,4104
54694,2012-04-11,11,April,2012,42,Adults (35-64),F,Germany,Saarland,Bikes,Mountain Bikes,"Mountain-200 Silver, 46",2,1266,2320,1273,2532,3805
56872,2012-04-11,11,April,2012,30,Young Adults (25-34),F,Canada,British Columbia,Bikes,Mountain Bikes,"Mountain-200 Silver, 38",2,1266,2320,2062,2532,4594
55320,2012-04-11,11,April,2012,31,Young Adults (25-34),F,Australia,New South Wales,Bikes,Mountain Bikes,"Mountain-400-W Silver, 42",2,420,769,498,840,1338
58442,2012-04-11,11,April,2012,19,Youth (<25),F,United States,Washington,Bikes,Road Bikes,"Road-150 Red, 48",2,2171,3578,1240,4342,5582
71482,2012-04-12,12,April,2012,44,Adults (35-64),F,United States,California,Bikes,Road Bikes,"Road-150 Red, 62",2,2171,3578,2671,4342,7013
64288,2012-04-12,12,April,2012,34,Young Adults (25-34),F,United States,California,Bikes,Road Bikes,"Road-250 Black, 52",2,1555,2443,1678,3110,4788
58774,2012-04-12,12,April,2012,48,Adults (35-64),M,France,Hauts de Seine,Bikes,Road Bikes,"Road-250 Black, 58",2,1555,2443,1434,3110,4544
58396,2012-04-12,12,April,2012,28,Young Adults (25-34),M,United States,Wyoming,Bikes,Road Bikes,"Road-150 Red, 56",2,2171,3578,1240,4342,5582
69930,2012-04-12,12,April,2012,37,Adults (35-64),F,Canada,British Columbia,Bikes,Road Bikes,"Road-650 Black, 60",2,487,783,576,974,1550
71334,2012-04-12,12,April,2012,39,Adults (35-64),F,United States,Washington,Bikes,Road Bikes,"Road-150 Red, 48",2,2171,3578,1240,4342,5582
52732,2012-04-12,12,April,2012,33,Young Adults (25-34),F,Australia,Queensland,Bikes,Mountain Bikes,"Mountain-200 Silver, 38",2,1266,2320,1366,2532,3898
63782,2012-04-12,12,April,2012,46,Adults (35-64),M,Germany,Saarland,Bikes,Road Bikes,"Road-650 Red, 58",2,487,783,310,974,1284
64266,2012-04-12,12,April,2012,28,Young Adults (25-34),M,United States,Washington,Bikes,Road Bikes,"Road-550-W Yellow, 48",2,713,1120,321,1426,1747
50874,2012-04-12,12,April,2012,40,Adults (35-64),M,United States,California,Bikes,Mountain Bikes,"Mountain-200 Black, 42",2,1252,2295,1994,2504,4498
58784,2012-04-12,12,April,2012,27,Young Adults (25-34),F,France,Essonne,Bikes,Road Bikes,"Road-150 Red, 48",2,2171,3578,2528,4342,6870
64484,2012-04-12,12,April,2012,30,Young Adults (25-34),F,Australia,Queensland,Bikes,Road Bikes,"Road-350-W Yellow, 48",2,1083,1701,692,2166,2858
49626,2012-04-13,13,April,2012,36,Adults (35-64),M,Germany,Nordrhein-Westfalen,Bikes,Mountain Bikes,"Mountain-200 Silver, 38",2,1266,2320,1505,2532,4037
70106,2012-04-13,13,April,2012,27,Young Adults (25-34),M,Canada,British Columbia,Bikes,Road Bikes,"Road-650 Red, 44",2,487,783,576,974,1550
64516,2012-04-13,13,April,2012,31,Young Adults (25-34),F,Australia,South Australia,Bikes,Road Bikes,"Road-250 Black, 48",2,1555,2443,897,3110,4007
53628,2012-04-13,13,April,2012,38,Adults (35-64),M,Germany,Saarland,Bikes,Mountain Bikes,"Mountain-500 Black, 40",2,295,540,296,590,886
58770,2012-04-14,14,April,2012,53,Adults (35-64),F,France,Hauts de Seine,Bikes,Road Bikes,"Road-250 Black, 44",2,1555,2443,1434,3110,4544
59326,2012-04-14,14,April,2012,30,Young Adults (25-34),M,Germany,Nordrhein-Westfalen,Bikes,Road Bikes,"Road-150 Red, 48",2,2171,3578,1884,4342,6226
71274,2012-04-14,14,April,2012,30,Young Adults (25-34),M,United States,California,Bikes,Road Bikes,"Road-150 Red, 48",2,2171,3578,2671,4342,7013
58430,2012-04-15,15,April,2012,20,Youth (<25),M,United States,Washington,Bikes,Road Bikes,"Road-150 Red, 56",2,2171,3578,1240,4342,5582
67456,2012-04-15,15,April,2012,24,Youth (<25),M,United Kingdom,England,Bikes,Road Bikes,"Road-750 Black, 44",2,344,540,349,688,1037
60278,2012-04-15,15,April,2012,32,Young Adults (25-34),F,United States,California,Bikes,Road Bikes,"Road-650 Red, 62",2,487,783,561,974,1535
68938,2012-04-15,15,April,2012,36,Adults (35-64),M,Australia,New South Wales,Bikes,Road Bikes,"Road-550-W Yellow, 48",2,713,1120,523,1426,1949
64996,2012-04-15,15,April,2012,18,Youth (<25),M,Australia,New South Wales,Bikes,Road Bikes,"Road-750 Black, 44",2,344,540,252,688,940
60030,2012-04-15,15,April,2012,23,Youth (<25),F,United Kingdom,England,Bikes,Road Bikes,"Road-150 Red, 56",2,2171,3578,2528,4342,6870
66392,2012-04-15,15,April,2012,25,Young Adults (25-34),M,Canada,British Columbia,Bikes,Road Bikes,"Road-150 Red, 44",2,2171,3578,2742,4342,7084
64454,2012-04-15,15,April,2012,29,Young Adults (25-34),F,Australia,Queensland,Bikes,Road Bikes,"Road-250 Black, 44",2,1555,2443,994,3110,4104
65878,2012-04-15,15,April,2012,27,Young Adults (25-34),F,United States,California,Bikes,Road Bikes,"Road-750 Black, 58",2,344,540,370,688,1058
69330,2012-04-15,15,April,2012,17,Youth (<25),M,Australia,Victoria,Bikes,Road Bikes,"Road-750 Black, 48",2,344,540,165,688,853
65879,2012-04-15,15,April,2012,27,Young Adults (25-34),F,United States,California,Bikes,Road Bikes,"Road-750 Black, 58",2,344,540,370,688,1058
52512,2012-04-15,15,April,2012,33,Young Adults (25-34),F,Australia,New South Wales,Bikes,Mountain Bikes,"Mountain-200 Black, 38",2,1252,2295,1489,2504,3993
53596,2012-04-15,15,April,2012,46,Adults (35-64),F,Australia,New South Wales,Bikes,Mountain Bikes,"Mountain-400-W Silver, 40",2,420,769,498,840,1338
68878,2012-04-16,16,April,2012,24,Youth (<25),F,Canada,British Columbia,Bikes,Road Bikes,"Road-250 Black, 48",2,1555,2443,1727,3110,4837
50252,2012-04-16,16,April,2012,41,Adults (35-64),M,Australia,Queensland,Bikes,Mountain Bikes,"Mountain-200 Black, 38",2,1252,2295,1352,2504,3856
55928,2012-04-16,16,April,2012,39,Adults (35-64),F,United States,California,Bikes,Mountain Bikes,"Mountain-200 Black, 46",2,1252,2295,1994,2504,4498
49360,2012-04-16,16,April,2012,50,Adults (35-64),F,Australia,New South Wales,Bikes,Mountain Bikes,"Mountain-200 Silver, 42",2,1266,2320,1505,2532,4037
66242,2012-04-16,16,April,2012,25,Young Adults (25-34),F,United States,California,Bikes,Road Bikes,"Road-750 Black, 44",2,344,540,370,688,1058
58814,2012-04-16,16,April,2012,28,Young Adults (25-34),M,United States,California,Bikes,Road Bikes,"Road-150 Red, 62",2,2171,3578,2671,4342,7013
50224,2012-04-16,16,April,2012,51,Adults (35-64),F,Australia,New South Wales,Bikes,Mountain Bikes,"Mountain-200 Silver, 42",2,1266,2320,1505,2532,4037
69500,2012-04-17,17,April,2012,46,Adults (35-64),F,Canada,British Columbia,Bikes,Road Bikes,"Road-250 Red, 52",2,1519,2443,1799,3038,4837
71054,2012-04-17,17,April,2012,26,Young Adults (25-34),F,United States,Washington,Bikes,Road Bikes,"Road-150 Red, 62",2,2171,3578,1240,4342,5582
60004,2012-04-17,17,April,2012,33,Young Adults (25-34),F,Germany,Hamburg,Bikes,Road Bikes,"Road-250 Red, 48",2,1519,2443,1506,3038,4544
53586,2012-04-17,17,April,2012,48,Adults (35-64),M,Australia,New South Wales,Bikes,Mountain Bikes,"Mountain-200 Black, 38",2,1252,2295,1489,2504,3993
70542,2012-04-17,17,April,2012,46,Adults (35-64),M,Canada,British Columbia,Bikes,Road Bikes,"Road-150 Red, 44",2,2171,3578,2742,4342,7084
64268,2012-04-17,17,April,2012,28,Young Adults (25-34),M,United States,Washington,Bikes,Road Bikes,"Road-550-W Yellow, 48",2,713,1120,321,1426,1747
70710,2012-04-17,17,April,2012,38,Adults (35-64),F,United States,California,Bikes,Road Bikes,"Road-150 Red, 48",2,2171,3578,2671,4342,7013
49606,2012-04-17,17,April,2012,35,Adults (35-64),F,Germany,Nordrhein-Westfalen,Bikes,Mountain Bikes,"Mountain-200 Silver, 42",2,1266,2320,1505,2532,4037
60464,2012-04-17,17,April,2012,30,Young Adults (25-34),F,United States,California,Bikes,Road Bikes,"Road-650 Black, 58",2,487,783,561,974,1535
67436,2012-04-18,18,April,2012,30,Young Adults (25-34),F,United States,Oregon,Bikes,Road Bikes,"Road-750 Black, 58",2,344,540,241,688,929
67416,2012-04-18,18,April,2012,28,Young Adults (25-34),F,United States,California,Bikes,Road Bikes,"Road-750 Black, 44",2,344,540,370,688,1058
67668,2012-04-18,18,April,2012,35,Adults (35-64),M,Canada,British Columbia,Bikes,Road Bikes,"Road-750 Black, 52",2,344,540,381,688,1069
67092,2012-04-18,18,April,2012,29,Young Adults (25-34),M,Australia,Queensland,Bikes,Road Bikes,"Road-250 Black, 52",2,1555,2443,994,3110,4104
69722,2012-04-18,18,April,2012,37,Adults (35-64),F,Australia,New South Wales,Bikes,Road Bikes,"Road-550-W Yellow, 38",2,713,1120,523,1426,1949
60618,2012-04-18,18,April,2012,31,Young Adults (25-34),F,United States,California,Bikes,Road Bikes,"Road-650 Black, 62",2,487,783,561,974,1535
62674,2012-04-18,18,April,2012,52,Adults (35-64),F,France,Hauts de Seine,Bikes,Road Bikes,"Road-250 Black, 44",2,1555,2443,1434,3110,4544
64838,2012-04-19,19,April,2012,27,Young Adults (25-34),M,United States,California,Bikes,Road Bikes,"Road-550-W Yellow, 42",2,713,1120,769,1426,2195
58422,2012-04-19,19,April,2012,26,Young Adults (25-34),F,United States,Oregon,Bikes,Road Bikes,"Road-150 Red, 62",2,2171,3578,1812,4342,6154
65266,2012-04-19,19,April,2012,28,Young Adults (25-34),M,Germany,Brandenburg,Bikes,Road Bikes,"Road-350-W Yellow, 42",2,1083,1701,1202,2166,3368
54788,2012-04-19,19,April,2012,39,Adults (35-64),M,United States,California,Bikes,Mountain Bikes,"Mountain-200 Black, 42",2,1252,2295,1994,2504,4498
71220,2012-04-20,20,April,2012,51,Adults (35-64),M,Australia,Victoria,Bikes,Road Bikes,"Road-750 Black, 44",2,344,540,165,688,853
66942,2012-04-20,20,April,2012,34,Young Adults (25-34),M,Germany,Bayern,Bikes,Road Bikes,"Road-750 Black, 58",2,344,540,381,688,1069
61822,2012-04-20,20,April,2012,31,Young Adults (25-34),F,Australia,Queensland,Bikes,Road Bikes,"Road-150 Red, 62",2,2171,3578,1669,4342,6011
50124,2012-04-20,20,April,2012,29,Young Adults (25-34),F,Australia,New South Wales,Bikes,Mountain Bikes,"Mountain-200 Silver, 38",2,1266,2320,1505,2532,4037
61662,2012-04-20,20,April,2012,31,Young Adults (25-34),F,Australia,New South Wales,Bikes,Road Bikes,"Road-150 Red, 62",2,2171,3578,1884,4342,6226
71160,2012-04-20,20,April,2012,26,Young Adults (25-34),F,United States,California,Bikes,Road Bikes,"Road-150 Red, 62",2,2171,3578,2671,4342,7013
50248,2012-04-20,20,April,2012,48,Adults (35-64),F,Australia,Victoria,Bikes,Mountain Bikes,"Mountain-500 Silver, 40",2,308,565,277,616,893
69840,2012-04-20,20,April,2012,26,Young Adults (25-34),M,Australia,Victoria,Bikes,Road Bikes,"Road-750 Black, 52",2,344,540,165,688,853
67508,2012-04-20,20,April,2012,41,Adults (35-64),F,United States,California,Bikes,Road Bikes,"Road-750 Black, 52",2,344,540,370,688,1058
65406,2012-04-20,20,April,2012,28,Young Adults (25-34),F,Australia,Victoria,Bikes,Road Bikes,"Road-250 Black, 48",2,1555,2443,750,3110,3860
64496,2012-04-20,20,April,2012,28,Young Adults (25-34),F,Australia,Queensland,Bikes,Road Bikes,"Road-250 Black, 48",2,1555,2443,994,3110,4104
50274,2012-04-21,21,April,2012,39,Adults (35-64),M,Australia,South Australia,Bikes,Mountain Bikes,"Mountain-200 Black, 46",2,1252,2295,1260,2504,3764
51500,2012-04-21,21,April,2012,47,Adults (35-64),F,Australia,New South Wales,Bikes,Mountain Bikes,"Mountain-500 Silver, 42",2,308,565,367,616,983
62698,2012-04-21,21,April,2012,27,Young Adults (25-34),M,Australia,New South Wales,Bikes,Road Bikes,"Road-250 Black, 52",2,1555,2443,1141,3110,4251
60620,2012-04-21,21,April,2012,31,Young Adults (25-34),F,United States,California,Bikes,Road Bikes,"Road-650 Black, 62",2,487,783,561,974,1535
64242,2012-04-21,21,April,2012,25,Young Adults (25-34),F,Australia,Queensland,Bikes,Road Bikes,"Road-250 Black, 58",2,1555,2443,994,3110,4104
67994,2012-04-22,22,April,2012,29,Young Adults (25-34),F,Canada,British Columbia,Bikes,Road Bikes,"Road-550-W Yellow, 38",2,713,1120,792,1426,2218
61376,2012-04-22,22,April,2012,26,Young Adults (25-34),F,Australia,Victoria,Bikes,Road Bikes,"Road-150 Red, 44",2,2171,3578,1311,4342,5653
50494,2012-04-22,22,April,2012,32,Young Adults (25-34),M,United States,Washington,Bikes,Mountain Bikes,"Mountain-200 Black, 42",2,1252,2295,1076,2504,3580
60448,2012-04-22,22,April,2012,30,Young Adults (25-34),M,United States,Washington,Bikes,Road Bikes,"Road-650 Red, 58",2,487,783,247,974,1221
64486,2012-04-23,23,April,2012,30,Young Adults (25-34),F,Australia,Queensland,Bikes,Road Bikes,"Road-350-W Yellow, 48",2,1083,1701,692,2166,2858
60622,2012-04-23,23,April,2012,31,Young Adults (25-34),F,United States,California,Bikes,Road Bikes,"Road-650 Black, 62",2,487,783,561,974,1535
61846,2012-04-23,23,April,2012,31,Young Adults (25-34),M,Australia,New South Wales,Bikes,Road Bikes,"Road-150 Red, 48",2,2171,3578,1884,4342,6226
68338,2012-04-23,23,April,2012,50,Adults (35-64),M,Australia,New South Wales,Bikes,Road Bikes,"Road-750 Black, 52",2,344,540,252,688,940
64840,2012-04-23,23,April,2012,27,Young Adults (25-34),M,United States,California,Bikes,Road Bikes,"Road-550-W Yellow, 42",2,713,1120,769,1426,2195
63020,2012-04-23,23,April,2012,29,Young Adults (25-34),F,Australia,New South Wales,Bikes,Road Bikes,"Road-250 Black, 44",2,1555,2443,1141,3110,4251
71276,2012-04-23,23,April,2012,30,Young Adults (25-34),M,United States,California,Bikes,Road Bikes,"Road-150 Red, 48",2,2171,3578,2671,4342,7013
51502,2012-04-23,23,April,2012,47,Adults (35-64),F,Australia,New South Wales,Bikes,Mountain Bikes,"Mountain-500 Silver, 42",2,308,565,367,616,983
66976,2012-04-23,23,April,2012,23,Youth (<25),F,France,Moselle,Bikes,Road Bikes,"Road-750 Black, 58",2,344,540,262,688,950
60466,2012-04-23,23,April,2012,30,Young Adults (25-34),F,United States,California,Bikes,Road Bikes,"Road-650 Black, 58",2,487,783,561,974,1535
66982,2012-04-24,24,April,2012,32,Young Adults (25-34),M,United States,California,Bikes,Road Bikes,"Road-750 Black, 48",2,344,540,370,688,1058
63822,2012-04-24,24,April,2012,30,Young Adults (25-34),M,Germany,Saarland,Bikes,Road Bikes,"Road-650 Red, 52",2,487,783,310,974,1284
68256,2012-04-24,24,April,2012,20,Youth (<25),M,Australia,Victoria,Bikes,Road Bikes,"Road-750 Black, 44",2,344,540,165,688,853
52628,2012-04-24,24,April,2012,42,Adults (35-64),M,Australia,New South Wales,Bikes,Mountain Bikes,"Mountain-200 Black, 42",2,1252,2295,1489,2504,3993
64528,2012-04-25,25,April,2012,30,Young Adults (25-34),F,Australia,New South Wales,Bikes,Road Bikes,"Road-250 Black, 48",2,1555,2443,1141,3110,4251
50266,2012-04-25,25,April,2012,40,Adults (35-64),F,Australia,Queensland,Bikes,Mountain Bikes,"Mountain-200 Black, 38",2,1252,2295,1352,2504,3856
64934,2012-04-25,25,April,2012,40,Adults (35-64),M,United States,California,Bikes,Road Bikes,"Road-550-W Yellow, 42",2,713,1120,769,1426,2195
49610,2012-04-25,25,April,2012,36,Adults (35-64),F,Germany,Bayern,Bikes,Mountain Bikes,"Mountain-200 Silver, 38",2,1266,2320,2062,2532,4594
62560,2012-04-25,25,April,2012,34,Young Adults (25-34),F,Germany,Hamburg,Bikes,Road Bikes,"Road-350-W Yellow, 40",2,1083,1701,998,2166,3164
64474,2012-04-25,25,April,2012,29,Young Adults (25-34),M,Australia,South Australia,Bikes,Road Bikes,"Road-350-W Yellow, 40",2,1083,1701,624,2166,2790
57318,2012-04-25,25,April,2012,39,Adults (35-64),M,United States,Washington,Bikes,Mountain Bikes,"Mountain-100 Black, 42",2,1898,3375,1469,3796,5265
58362,2012-04-25,25,April,2012,24,Youth (<25),M,United States,California,Bikes,Road Bikes,"Road-150 Red, 44",2,2171,3578,2671,4342,7013
64250,2012-04-26,26,April,2012,27,Young Adults (25-34),F,Australia,South Australia,Bikes,Road Bikes,"Road-250 Black, 48",2,1555,2443,897,3110,4007
59284,2012-04-26,26,April,2012,29,Young Adults (25-34),M,France,Hauts de Seine,Bikes,Road Bikes,"Road-150 Red, 62",2,2171,3578,2313,4342,6655
62006,2012-04-26,26,April,2012,26,Young Adults (25-34),F,United Kingdom,England,Bikes,Road Bikes,"Road-350-W Yellow, 44",2,1083,1701,1100,2166,3266
60794,2012-04-26,26,April,2012,26,Young Adults (25-34),M,United Kingdom,England,Bikes,Road Bikes,"Road-250 Black, 44",2,1555,2443,1581,3110,4691
64290,2012-04-27,27,April,2012,34,Young Adults (25-34),F,United States,California,Bikes,Road Bikes,"Road-250 Black, 52",2,1555,2443,1678,3110,4788
62534,2012-04-27,27,April,2012,34,Young Adults (25-34),F,Germany,Saarland,Bikes,Road Bikes,"Road-350-W Yellow, 48",2,1083,1701,624,2166,2790
62046,2012-04-27,27,April,2012,39,Adults (35-64),M,United States,California,Bikes,Road Bikes,"Road-350-W Yellow, 42",2,1083,1701,1168,2166,3334
58400,2012-04-27,27,April,2012,32,Young Adults (25-34),F,United States,Washington,Bikes,Road Bikes,"Road-150 Red, 48",2,2171,3578,1240,4342,5582
59878,2012-04-27,27,April,2012,31,Young Adults (25-34),M,United States,Washington,Bikes,Road Bikes,"Road-650 Black, 48",2,487,783,247,974,1221
71196,2012-04-27,27,April,2012,29,Young Adults (25-34),M,United States,California,Bikes,Road Bikes,"Road-150 Red, 48",2,2171,3578,2671,4342,7013
52646,2012-04-27,27,April,2012,38,Adults (35-64),F,Australia,New South Wales,Bikes,Mountain Bikes,"Mountain-400-W Silver, 42",2,420,769,498,840,1338
58780,2012-04-27,27,April,2012,24,Youth (<25),F,France,Essonne,Bikes,Road Bikes,"Road-150 Red, 62",2,2171,3578,2528,4342,6870
60190,2012-04-27,27,April,2012,53,Adults (35-64),M,France,Seine (Paris),Bikes,Road Bikes,"Road-150 Red, 48",2,2171,3578,1526,4342,5868
63796,2012-04-28,28,April,2012,31,Young Adults (25-34),M,Germany,Saarland,Bikes,Road Bikes,"Road-550-W Yellow, 38",2,713,1120,411,1426,1837
66984,2012-04-28,28,April,2012,32,Young Adults (25-34),M,United States,California,Bikes,Road Bikes,"Road-750 Black, 48",2,344,540,370,688,1058
60392,2012-04-28,28,April,2012,51,Adults (35-64),F,Australia,New South Wales,Bikes,Road Bikes,"Road-350-W Yellow, 40",2,1083,1701,794,2166,2960
63424,2012-04-28,28,April,2012,24,Youth (<25),F,United States,California,Bikes,Road Bikes,"Road-550-W Yellow, 44",2,713,1120,769,1426,2195
66414,2012-04-28,28,April,2012,28,Young Adults (25-34),M,Canada,British Columbia,Bikes,Road Bikes,"Road-550-W Yellow, 44",2,713,1120,792,1426,2218
64936,2012-04-28,28,April,2012,40,Adults (35-64),M,United States,California,Bikes,Road Bikes,"Road-550-W Yellow, 42",2,713,1120,769,1426,2195
64560,2012-04-28,28,April,2012,18,Youth (<25),M,United States,California,Bikes,Road Bikes,"Road-550-W Yellow, 40",2,713,1120,769,1426,2195
62746,2012-04-29,29,April,2012,34,Young Adults (25-34),M,Australia,Victoria,Bikes,Road Bikes,"Road-250 Black, 44",2,1555,2443,750,3110,3860
58782,2012-04-29,29,April,2012,26,Young Adults (25-34),M,France,Yveline,Bikes,Road Bikes,"Road-750 Black, 48",2,344,540,133,688,821
60624,2012-04-29,29,April,2012,31,Young Adults (25-34),F,United States,California,Bikes,Road Bikes,"Road-650 Black, 62",2,487,783,561,974,1535
64498,2012-04-29,29,April,2012,28,Young Adults (25-34),F,Australia,Queensland,Bikes,Road Bikes,"Road-250 Black, 48",2,1555,2443,994,3110,4104
71056,2012-04-29,29,April,2012,26,Young Adults (25-34),F,United States,Washington,Bikes,Road Bikes,"Road-150 Red, 62",2,2171,3578,1240,4342,5582
65882,2012-04-29,29,April,2012,27,Young Adults (25-34),F,United States,California,Bikes,Road Bikes,"Road-750 Black, 58",2,344,540,370,688,1058
69650,2012-04-29,29,April,2012,39,Adults (35-64),F,Canada,British Columbia,Bikes,Road Bikes,"Road-250 Red, 58",2,1555,2443,1727,3110,4837
50162,2012-04-29,29,April,2012,32,Young Adults (25-34),F,Australia,Queensland,Bikes,Mountain Bikes,"Mountain-200 Silver, 42",2,1266,2320,1366,2532,3898
58816,2012-04-29,29,April,2012,28,Young Adults (25-34),M,United States,California,Bikes,Road Bikes,"Road-150 Red, 62",2,2171,3578,2671,4342,7013
50200,2012-04-29,29,April,2012,32,Young Adults (25-34),M,Australia,New South Wales,Bikes,Mountain Bikes,"Mountain-200 Silver, 46",2,1266,2320,1505,2532,4037
68880,2012-04-29,29,April,2012,24,Youth (<25),F,Canada,British Columbia,Bikes,Road Bikes,"Road-250 Black, 48",2,1555,2443,1727,3110,4837
70306,2012-04-30,30,April,2012,44,Adults (35-64),M,Canada,British Columbia,Bikes,Road Bikes,"Road-150 Red, 62",2,2171,3578,2742,4342,7084
63816,2012-04-30,30,April,2012,30,Young Adults (25-34),F,Germany,Saarland,Bikes,Road Bikes,"Road-650 Red, 52",2,487,783,310,974,1284
69466,2012-04-30,30,April,2012,26,Young Adults (25-34),M,Australia,New South Wales,Bikes,Road Bikes,"Road-550-W Yellow, 44",2,713,1120,523,1426,1949
53054,2012-04-30,30,April,2012,39,Adults (35-64),F,Australia,New South Wales,Bikes,Mountain Bikes,"Mountain-400-W Silver, 40",2,420,769,498,840,1338
69932,2012-04-30,30,April,2012,37,Adults (35-64),F,Canada,British Columbia,Bikes,Road Bikes,"Road-650 Black, 60",2,487,783,576,974,1550
54838,2012-04-30,30,April,2012,26,Young Adults (25-34),M,United Kingdom,England,Bikes,Mountain Bikes,"Mountain-200 Black, 38",2,1252,2295,1902,2504,4406
64938,2012-04-30,30,April,2012,40,Adults (35-64),M,United States,California,Bikes,Road Bikes,"Road-550-W Yellow, 42",2,713,1120,769,1426,2195
69678,2012-04-30,30,April,2012,31,Young Adults (25-34),M,Australia,Victoria,Bikes,Road Bikes,"Road-550-W Yellow, 44",2,713,1120,344,1426,1770
70662,2012-04-30,30,April,2012,29,Young Adults (25-34),F,United States,California,Bikes,Road Bikes,"Road-150 Red, 52",2,2171,3578,2671,4342,7013
70760,2012-04-30,30,April,2012,39,Adults (35-64),F,United States,California,Bikes,Road Bikes,"Road-150 Red, 48",2,2171,3578,2671,4342,7013
68400,2012-04-30,30,April,2012,38,Adults (35-64),M,United States,California,Bikes,Road Bikes,"Road-150 Red, 52",2,2171,3578,2671,4342,7013
55600,2012-04-30,30,April,2012,26,Young Adults (25-34),F,United Kingdom,England,Bikes,Mountain Bikes,"Mountain-400-W Silver, 42",2,420,769,636,840,1476
58378,2012-04-30,30,April,2012,27,Young Adults (25-34),M,United States,Washington,Bikes,Road Bikes,"Road-150 Red, 44",2,2171,3578,1240,4342,5582
66130,2012-05-01,1,May,2012,24,Youth (<25),F,Australia,New South Wales,Bikes,Road Bikes,"Road-250 Black, 52",2,1555,2443,1141,3110,4251
64652,2012-05-01,1,May,2012,48,Adults (35-64),F,United States,California,Bikes,Road Bikes,"Road-550-W Yellow, 40",2,713,1120,769,1426,2195
71278,2012-05-01,1,May,2012,30,Young Adults (25-34),M,United States,California,Bikes,Road Bikes,"Road-150 Red, 48",2,2171,3578,2671,4342,7013
61044,2012-05-01,1,May,2012,40,Adults (35-64),F,United States,California,Bikes,Road Bikes,"Road-250 Black, 58",2,1555,2443,1678,3110,4788
67588,2012-05-01,1,May,2012,42,Adults (35-64),M,Australia,Queensland,Bikes,Road Bikes,"Road-350-W Yellow, 48",2,1083,1701,692,2166,2858
60939,2012-05-01,1,May,2012,17,Youth (<25),M,United States,California,Bikes,Road Bikes,"Road-550-W Yellow, 38",2,713,1120,769,1426,2195
58434,2012-05-01,1,May,2012,20,Youth (<25),M,United States,Oregon,Bikes,Road Bikes,"Road-150 Red, 48",2,2171,3578,1812,4342,6154
60938,2012-05-01,1,May,2012,17,Youth (<25),M,United States,California,Bikes,Road Bikes,"Road-550-W Yellow, 38",2,713,1120,769,1426,2195
69528,2012-05-01,1,May,2012,49,Adults (35-64),F,Australia,New South Wales,Bikes,Road Bikes,"Road-750 Black, 58",2,344,540,252,688,940
58884,2012-05-01,1,May,2012,22,Youth (<25),M,United States,California,Bikes,Road Bikes,"Road-250 Red, 44",2,1519,2443,1750,3038,4788
70804,2012-05-01,1,May,2012,35,Adults (35-64),M,United States,Washington,Bikes,Road Bikes,"Road-150 Red, 48",2,2171,3578,1240,4342,5582
60324,2012-05-01,1,May,2012,36,Adults (35-64),F,United States,California,Bikes,Road Bikes,"Road-650 Red, 62",2,487,783,561,974,1535
61476,2012-05-02,2,May,2012,41,Adults (35-64),F,Australia,New South Wales,Bikes,Road Bikes,"Road-150 Red, 56",2,2171,3578,1884,4342,6226
58454,2012-05-02,2,May,2012,53,Adults (35-64),M,United States,California,Bikes,Road Bikes,"Road-150 Red, 56",2,2171,3578,2671,4342,7013
65954,2012-05-02,2,May,2012,33,Young Adults (25-34),M,United States,California,Bikes,Road Bikes,"Road-750 Black, 48",2,344,540,370,688,1058
59424,2012-05-02,2,May,2012,19,Youth (<25),M,United States,California,Bikes,Road Bikes,"Road-550-W Yellow, 42",2,713,1120,769,1426,2195
69806,2012-05-02,2,May,2012,22,Youth (<25),F,Canada,British Columbia,Bikes,Road Bikes,"Road-350-W Yellow, 48",2,1083,1701,1202,2166,3368
71484,2012-05-03,3,May,2012,44,Adults (35-64),F,United States,California,Bikes,Road Bikes,"Road-150 Red, 62",2,2171,3578,2671,4342,7013
60996,2012-05-03,3,May,2012,42,Adults (35-64),M,United States,California,Bikes,Road Bikes,"Road-750 Black, 44",2,344,540,370,688,1058
60078,2012-05-03,3,May,2012,32,Young Adults (25-34),F,Germany,Hessen,Bikes,Road Bikes,"Road-250 Red, 48",2,1519,2443,1506,3038,4544
59696,2012-05-03,3,May,2012,23,Youth (<25),F,United States,California,Bikes,Road Bikes,"Road-550-W Yellow, 42",2,713,1120,769,1426,2195
64608,2012-05-03,3,May,2012,46,Adults (35-64),F,Australia,South Australia,Bikes,Road Bikes,"Road-750 Black, 48",2,344,540,198,688,886
53028,2012-05-04,4,May,2012,35,Adults (35-64),M,Australia,New South Wales,Bikes,Mountain Bikes,"Mountain-200 Black, 42",2,1252,2295,1489,2504,3993
52648,2012-05-04,4,May,2012,38,Adults (35-64),F,Australia,New South Wales,Bikes,Mountain Bikes,"Mountain-400-W Silver, 42",2,420,769,498,840,1338
59008,2012-05-04,4,May,2012,40,Adults (35-64),M,France,Nord,Bikes,Road Bikes,"Road-250 Red, 58",2,1555,2443,1141,3110,4251
64654,2012-05-04,4,May,2012,48,Adults (35-64),F,United States,California,Bikes,Road Bikes,"Road-550-W Yellow, 40",2,713,1120,769,1426,2195
60326,2012-05-04,4,May,2012,36,Adults (35-64),F,United States,California,Bikes,Road Bikes,"Road-650 Red, 62",2,487,783,561,974,1535
61810,2012-05-04,4,May,2012,22,Youth (<25),M,Australia,New South Wales,Bikes,Road Bikes,"Road-150 Red, 44",2,2171,3578,1884,4342,6226
65840,2012-05-04,4,May,2012,27,Young Adults (25-34),F,Canada,British Columbia,Bikes,Road Bikes,"Road-550-W Yellow, 48",2,713,1120,792,1426,2218
64630,2012-05-04,4,May,2012,45,Adults (35-64),M,Australia,Queensland,Bikes,Road Bikes,"Road-750 Black, 58",2,344,540,219,688,907
70220,2012-05-04,4,May,2012,48,Adults (35-64),M,Australia,Queensland,Bikes,Road Bikes,"Road-750 Black, 48",2,344,540,219,688,907
61680,2012-05-04,4,May,2012,34,Young Adults (25-34),F,Australia,Victoria,Bikes,Road Bikes,"Road-150 Red, 48",2,2171,3578,1311,4342,5653
58886,2012-05-04,4,May,2012,22,Youth (<25),M,United States,California,Bikes,Road Bikes,"Road-250 Red, 44",2,1519,2443,1750,3038,4788
58868,2012-05-05,5,May,2012,23,Youth (<25),F,Canada,British Columbia,Bikes,Road Bikes,"Road-250 Red, 58",2,1555,2443,1727,3110,4837
55974,2012-05-05,5,May,2012,36,Adults (35-64),M,United States,California,Bikes,Mountain Bikes,"Mountain-200 Black, 42",2,1252,2295,1994,2504,4498
52260,2012-05-05,5,May,2012,42,Adults (35-64),F,United States,California,Bikes,Mountain Bikes,"Mountain-200 Black, 46",2,1252,2295,1994,2504,4498
63850,2012-05-05,5,May,2012,35,Adults (35-64),F,Germany,Nordrhein-Westfalen,Bikes,Road Bikes,"Road-250 Black, 44",2,1555,2443,1141,3110,4251
59218,2012-05-05,5,May,2012,44,Adults (35-64),M,United States,Washington,Bikes,Road Bikes,"Road-250 Red, 52",2,1519,2443,773,3038,3811
66614,2012-05-06,6,May,2012,31,Young Adults (25-34),F,Germany,Nordrhein-Westfalen,Bikes,Road Bikes,"Road-750 Black, 58",2,344,540,252,688,940
57178,2012-05-06,6,May,2012,51,Adults (35-64),F,Germany,Saarland,Bikes,Mountain Bikes,"Mountain-200 Silver, 38",2,1266,2320,1273,2532,3805
56170,2012-05-06,6,May,2012,35,Adults (35-64),M,United States,California,Bikes,Mountain Bikes,"Mountain-200 Silver, 42",2,1266,2320,2015,2532,4547
64744,2012-05-06,6,May,2012,51,Adults (35-64),F,United Kingdom,England,Bikes,Road Bikes,"Road-650 Red, 52",2,487,783,529,974,1503
58492,2012-05-06,6,May,2012,45,Adults (35-64),M,United States,Washington,Bikes,Road Bikes,"Road-150 Red, 56",2,2171,3578,1240,4342,5582
51590,2012-05-06,6,May,2012,35,Adults (35-64),F,Australia,Queensland,Bikes,Mountain Bikes,"Mountain-200 Silver, 38",2,1266,2320,1366,2532,3898
60468,2012-05-06,6,May,2012,30,Young Adults (25-34),F,United States,California,Bikes,Road Bikes,"Road-650 Black, 58",2,487,783,561,974,1535
64612,2012-05-06,6,May,2012,45,Adults (35-64),F,Australia,Victoria,Bikes,Road Bikes,"Road-750 Black, 48",2,344,540,165,688,853
69532,2012-05-06,6,May,2012,49,Adults (35-64),M,Australia,New South Wales,Bikes,Road Bikes,"Road-750 Black, 52",2,344,540,252,688,940
63162,2012-05-07,7,May,2012,46,Adults (35-64),F,United States,California,Bikes,Road Bikes,"Road-350-W Yellow, 48",2,1083,1701,1168,2166,3334
70472,2012-05-07,7,May,2012,53,Adults (35-64),F,United States,California,Bikes,Road Bikes,"Road-150 Red, 44",2,2171,3578,2671,4342,7013
53994,2012-05-07,7,May,2012,32,Young Adults (25-34),F,United States,California,Bikes,Mountain Bikes,"Mountain-200 Silver, 46",2,1266,2320,2015,2532,4547
69534,2012-05-07,7,May,2012,49,Adults (35-64),M,Australia,New South Wales,Bikes,Road Bikes,"Road-750 Black, 52",2,344,540,252,688,940
50306,2012-05-07,7,May,2012,37,Adults (35-64),F,Australia,Queensland,Bikes,Mountain Bikes,"Mountain-200 Silver, 38",2,1266,2320,1366,2532,3898
66046,2012-05-08,8,May,2012,49,Adults (35-64),F,United States,California,Bikes,Road Bikes,"Road-550-W Yellow, 44",2,713,1120,769,1426,2195
58476,2012-05-08,8,May,2012,52,Adults (35-64),M,United States,California,Bikes,Road Bikes,"Road-150 Red, 52",2,2171,3578,2671,4342,7013
69548,2012-05-08,8,May,2012,48,Adults (35-64),F,Australia,South Australia,Bikes,Road Bikes,"Road-750 Black, 58",2,344,540,198,688,886
58206,2012-05-08,8,May,2012,32,Young Adults (25-34),F,United States,Oregon,Bikes,Road Bikes,"Road-150 Red, 48",2,2171,3578,1812,4342,6154
71404,2012-05-08,8,May,2012,34,Young Adults (25-34),M,United States,California,Bikes,Road Bikes,"Road-150 Red, 56",2,2171,3578,2671,4342,7013
63476,2012-05-08,8,May,2012,37,Adults (35-64),M,United Kingdom,England,Bikes,Road Bikes,"Road-350-W Yellow, 40",2,1083,1701,1100,2166,3266
58796,2012-05-08,8,May,2012,31,Young Adults (25-34),M,France,Yveline,Bikes,Road Bikes,"Road-150 Red, 52",2,2171,3578,1097,4342,5439
58448,2012-05-08,8,May,2012,22,Youth (<25),M,United States,Washington,Bikes,Road Bikes,"Road-150 Red, 52",2,2171,3578,1240,4342,5582
49692,2012-05-08,8,May,2012,43,Adults (35-64),F,Germany,Bayern,Bikes,Mountain Bikes,"Mountain-200 Black, 38",2,1252,2295,2040,2504,4544
50314,2012-05-08,8,May,2012,37,Adults (35-64),F,Australia,New South Wales,Bikes,Mountain Bikes,"Mountain-200 Silver, 46",2,1266,2320,1505,2532,4037
55526,2012-05-09,9,May,2012,34,Young Adults (25-34),F,Australia,Queensland,Bikes,Mountain Bikes,"Mountain-400-W Silver, 46",2,420,769,452,840,1292
69874,2012-05-09,9,May,2012,24,Youth (<25),F,Australia,Victoria,Bikes,Road Bikes,"Road-550-W Yellow, 40",2,713,1120,344,1426,1770
58856,2012-05-09,9,May,2012,20,Youth (<25),F,United States,Washington,Bikes,Road Bikes,"Road-250 Red, 52",2,1519,2443,773,3038,3811
59016,2012-05-09,9,May,2012,63,Adults (35-64),F,United States,California,Bikes,Road Bikes,"Road-250 Black, 44",2,1555,2443,1678,3110,4788
67290,2012-05-09,9,May,2012,57,Adults (35-64),F,Australia,New South Wales,Bikes,Road Bikes,"Road-350-W Yellow, 44",2,1083,1701,794,2166,2960
67050,2012-05-09,9,May,2012,36,Adults (35-64),M,Canada,British Columbia,Bikes,Road Bikes,"Road-750 Black, 44",2,344,540,381,688,1069
66076,2012-05-10,10,May,2012,48,Adults (35-64),M,United States,California,Bikes,Road Bikes,"Road-550-W Yellow, 44",2,713,1120,769,1426,2195
60126,2012-05-10,10,May,2012,48,Adults (35-64),M,Australia,New South Wales,Bikes,Road Bikes,"Road-650 Black, 44",2,487,783,388,974,1362
54840,2012-05-10,10,May,2012,26,Young Adults (25-34),M,United Kingdom,England,Bikes,Mountain Bikes,"Mountain-200 Black, 38",2,1252,2295,1902,2504,4406
50302,2012-05-11,11,May,2012,37,Adults (35-64),M,Australia,Victoria,Bikes,Mountain Bikes,"Mountain-200 Silver, 42",2,1266,2320,1134,2532,3666
49438,2012-05-11,11,May,2012,34,Young Adults (25-34),M,Australia,Victoria,Bikes,Mountain Bikes,"Mountain-200 Black, 42",2,1252,2295,1122,2504,3626
61046,2012-05-11,11,May,2012,40,Adults (35-64),F,United States,California,Bikes,Road Bikes,"Road-250 Black, 58",2,1555,2443,1678,3110,4788
70492,2012-05-11,11,May,2012,50,Adults (35-64),M,United States,Oregon,Bikes,Road Bikes,"Road-150 Red, 62",2,2171,3578,1812,4342,6154
63330,2012-05-12,12,May,2012,23,Youth (<25),F,Australia,Victoria,Bikes,Road Bikes,"Road-250 Black, 44",2,1555,2443,750,3110,3860
58450,2012-05-12,12,May,2012,22,Youth (<25),M,United States,Washington,Bikes,Road Bikes,"Road-150 Red, 52",2,2171,3578,1240,4342,5582
66972,2012-05-12,12,May,2012,19,Youth (<25),F,Germany,Hessen,Bikes,Road Bikes,"Road-350-W Yellow, 44",2,1083,1701,998,2166,3164
69388,2012-05-12,12,May,2012,36,Adults (35-64),M,United Kingdom,England,Bikes,Road Bikes,"Road-750 Black, 48",2,344,540,349,688,1037
57998,2012-05-12,12,May,2012,36,Adults (35-64),F,France,Nord,Bikes,Mountain Bikes,"Mountain-100 Black, 44",2,1898,3375,2077,3796,5873
62008,2012-05-12,12,May,2012,26,Young Adults (25-34),F,United Kingdom,England,Bikes,Road Bikes,"Road-350-W Yellow, 44",2,1083,1701,1100,2166,3266
70596,2012-05-12,12,May,2012,19,Youth (<25),F,Canada,British Columbia,Bikes,Road Bikes,"Road-150 Red, 62",2,2171,3578,2742,4342,7084
62562,2012-05-12,12,May,2012,34,Young Adults (25-34),F,Germany,Hamburg,Bikes,Road Bikes,"Road-350-W Yellow, 40",2,1083,1701,998,2166,3164
61884,2012-05-12,12,May,2012,43,Adults (35-64),M,Australia,Queensland,Bikes,Road Bikes,"Road-750 Black, 52",2,344,540,219,688,907
50092,2012-05-13,13,May,2012,32,Young Adults (25-34),M,United States,California,Bikes,Mountain Bikes,"Mountain-200 Black, 46",2,1252,2295,1994,2504,4498
59476,2012-05-13,13,May,2012,48,Adults (35-64),F,Australia,New South Wales,Bikes,Road Bikes,"Road-550-W Yellow, 38",2,713,1120,523,1426,1949
58802,2012-05-13,13,May,2012,33,Young Adults (25-34),M,France,Seine Saint Denis,Bikes,Road Bikes,"Road-150 Red, 52",2,2171,3578,1526,4342,5868
50318,2012-05-13,13,May,2012,37,Adults (35-64),M,Australia,New South Wales,Bikes,Mountain Bikes,"Mountain-200 Black, 38",2,1252,2295,1489,2504,3993
63008,2012-05-13,13,May,2012,26,Young Adults (25-34),F,France,Yveline,Bikes,Road Bikes,"Road-250 Black, 58",2,1555,2443,603,3110,3713
65600,2012-05-13,13,May,2012,33,Young Adults (25-34),M,Australia,Victoria,Bikes,Road Bikes,"Road-250 Black, 52",2,1555,2443,750,3110,3860
55976,2012-05-13,13,May,2012,36,Adults (35-64),M,United States,California,Bikes,Mountain Bikes,"Mountain-200 Black, 42",2,1252,2295,1994,2504,4498
55172,2012-05-13,13,May,2012,35,Adults (35-64),F,Australia,New South Wales,Bikes,Mountain Bikes,"Mountain-500 Silver, 42",2,308,565,367,616,983
68496,2012-05-13,13,May,2012,35,Adults (35-64),M,Australia,Queensland,Bikes,Road Bikes,"Road-350-W Yellow, 40",2,1083,1701,692,2166,2858
59468,2012-05-13,13,May,2012,20,Youth (<25),M,United States,California,Bikes,Road Bikes,"Road-550-W Yellow, 38",2,713,1120,769,1426,2195
68606,2012-05-13,13,May,2012,24,Youth (<25),M,Australia,New South Wales,Bikes,Road Bikes,"Road-350-W Yellow, 44",2,1083,1701,794,2166,2960
60700,2012-05-13,13,May,2012,47,Adults (35-64),F,United States,Washington,Bikes,Road Bikes,"Road-650 Red, 48",2,487,783,247,974,1221
58444,2012-05-13,13,May,2012,19,Youth (<25),F,United States,Washington,Bikes,Road Bikes,"Road-150 Red, 48",2,2171,3578,1240,4342,5582
65378,2012-05-14,14,May,2012,22,Youth (<25),F,France,Seine (Paris),Bikes,Road Bikes,"Road-350-W Yellow, 40",2,1083,1701,624,2166,2790
71406,2012-05-14,14,May,2012,34,Young Adults (25-34),M,United States,California,Bikes,Road Bikes,"Road-150 Red, 56",2,2171,3578,2671,4342,7013
63104,2012-05-14,14,May,2012,54,Adults (35-64),F,Australia,New South Wales,Bikes,Road Bikes,"Road-350-W Yellow, 40",2,1083,1701,794,2166,2960
66938,2012-05-14,14,May,2012,34,Young Adults (25-34),M,France,Seine Saint Denis,Bikes,Road Bikes,"Road-550-W Yellow, 42",2,713,1120,411,1426,1837
54066,2012-05-14,14,May,2012,36,Adults (35-64),F,United States,California,Bikes,Mountain Bikes,"Mountain-200 Silver, 46",2,1266,2320,2015,2532,4547
57028,2012-05-14,14,May,2012,32,Young Adults (25-34),M,Canada,British Columbia,Bikes,Mountain Bikes,"Mountain-200 Black, 46",2,1252,2295,2040,2504,4544
68608,2012-05-15,15,May,2012,24,Youth (<25),M,Australia,New South Wales,Bikes,Road Bikes,"Road-350-W Yellow, 44",2,1083,1701,794,2166,2960
67684,2012-05-15,15,May,2012,36,Adults (35-64),M,United States,California,Bikes,Road Bikes,"Road-350-W Yellow, 42",2,1083,1701,1168,2166,3334
71280,2012-05-15,15,May,2012,30,Young Adults (25-34),M,United States,California,Bikes,Road Bikes,"Road-150 Red, 48",2,2171,3578,2671,4342,7013
63950,2012-05-15,15,May,2012,44,Adults (35-64),M,Australia,New South Wales,Bikes,Road Bikes,"Road-250 Red, 58",2,1555,2443,1141,3110,4251
58456,2012-05-15,15,May,2012,53,Adults (35-64),M,United States,California,Bikes,Road Bikes,"Road-150 Red, 56",2,2171,3578,2671,4342,7013
62676,2012-05-15,15,May,2012,44,Adults (35-64),M,France,Moselle,Bikes,Road Bikes,"Road-250 Red, 58",2,1555,2443,1190,3110,4300
62838,2012-05-15,15,May,2012,39,Adults (35-64),M,Australia,Victoria,Bikes,Road Bikes,"Road-250 Black, 44",2,1555,2443,750,3110,3860
65902,2012-05-16,16,May,2012,30,Young Adults (25-34),M,Canada,British Columbia,Bikes,Road Bikes,"Road-750 Black, 52",2,344,540,381,688,1069
70108,2012-05-16,16,May,2012,27,Young Adults (25-34),M,Canada,British Columbia,Bikes,Road Bikes,"Road-650 Red, 44",2,487,783,576,974,1550
67510,2012-05-16,16,May,2012,41,Adults (35-64),F,United States,California,Bikes,Road Bikes,"Road-750 Black, 52",2,344,540,370,688,1058
55174,2012-05-16,16,May,2012,35,Adults (35-64),F,Australia,New South Wales,Bikes,Mountain Bikes,"Mountain-500 Silver, 42",2,308,565,367,616,983
59232,2012-05-16,16,May,2012,42,Adults (35-64),F,United States,California,Bikes,Road Bikes,"Road-250 Black, 52",2,1555,2443,1678,3110,4788
70988,2012-05-16,16,May,2012,43,Adults (35-64),M,United States,California,Bikes,Road Bikes,"Road-150 Red, 52",2,2171,3578,2671,4342,7013
50288,2012-05-16,16,May,2012,36,Adults (35-64),F,Australia,New South Wales,Bikes,Mountain Bikes,"Mountain-200 Silver, 42",2,1266,2320,1505,2532,4037
69616,2012-05-16,16,May,2012,34,Young Adults (25-34),F,Canada,British Columbia,Bikes,Road Bikes,"Road-550-W Yellow, 40",2,713,1120,792,1426,2218
58800,2012-05-16,16,May,2012,31,Young Adults (25-34),M,France,Loiret,Bikes,Road Bikes,"Road-150 Red, 44",2,2171,3578,2027,4342,6369
62074,2012-05-16,16,May,2012,41,Adults (35-64),F,France,Nord,Bikes,Road Bikes,"Road-250 Black, 52",2,1555,2443,1141,3110,4251
67200,2012-05-16,16,May,2012,35,Adults (35-64),F,Australia,Queensland,Bikes,Road Bikes,"Road-350-W Yellow, 44",2,1083,1701,692,2166,2858
54318,2012-05-17,17,May,2012,27,Young Adults (25-34),F,United Kingdom,England,Bikes,Mountain Bikes,"Mountain-200 Silver, 38",2,1266,2320,1922,2532,4454
58810,2012-05-17,17,May,2012,32,Young Adults (25-34),F,France,Loir et Cher,Bikes,Road Bikes,"Road-150 Red, 56",2,2171,3578,2027,4342,6369
65842,2012-05-17,17,May,2012,27,Young Adults (25-34),F,Canada,British Columbia,Bikes,Road Bikes,"Road-550-W Yellow, 48",2,713,1120,792,1426,2218
65956,2012-05-17,17,May,2012,33,Young Adults (25-34),M,United States,California,Bikes,Road Bikes,"Road-750 Black, 48",2,344,540,370,688,1058
61574,2012-05-17,17,May,2012,47,Adults (35-64),F,United States,California,Bikes,Road Bikes,"Road-350-W Yellow, 42",2,1083,1701,1168,2166,3334
55342,2012-05-17,17,May,2012,32,Young Adults (25-34),F,Australia,New South Wales,Bikes,Mountain Bikes,"Mountain-400-W Silver, 40",2,420,769,498,840,1338
67362,2012-05-17,17,May,2012,22,Youth (<25),F,United States,California,Bikes,Road Bikes,"Road-750 Black, 44",2,344,540,370,688,1058
52012,2012-05-17,17,May,2012,27,Young Adults (25-34),F,Germany,Bayern,Bikes,Mountain Bikes,"Mountain-200 Black, 42",2,1252,2295,2040,2504,4544
60238,2012-05-17,17,May,2012,54,Adults (35-64),F,United States,California,Bikes,Road Bikes,"Road-650 Red, 62",2,487,783,561,974,1535
60084,2012-05-18,18,May,2012,33,Young Adults (25-34),F,Germany,Saarland,Bikes,Road Bikes,"Road-150 Red, 44",2,2171,3578,1526,4342,5868
59386,2012-05-18,18,May,2012,20,Youth (<25),M,Germany,Bayern,Bikes,Road Bikes,"Road-750 Black, 44",2,344,540,381,688,1069
59036,2012-05-18,18,May,2012,41,Adults (35-64),F,France,Yveline,Bikes,Road Bikes,"Road-250 Red, 58",2,1555,2443,603,3110,3713
65844,2012-05-18,18,May,2012,27,Young Adults (25-34),F,Canada,British Columbia,Bikes,Road Bikes,"Road-550-W Yellow, 48",2,713,1120,792,1426,2218
65274,2012-05-18,18,May,2012,29,Young Adults (25-34),F,Germany,Saarland,Bikes,Road Bikes,"Road-350-W Yellow, 42",2,1083,1701,624,2166,2790
57050,2012-05-18,18,May,2012,34,Young Adults (25-34),M,Canada,British Columbia,Bikes,Mountain Bikes,"Mountain-500 Black, 44",2,295,540,479,590,1069
68732,2012-05-18,18,May,2012,24,Youth (<25),F,Australia,Queensland,Bikes,Road Bikes,"Road-550-W Yellow, 42",2,713,1120,456,1426,1882
62900,2012-05-18,18,May,2012,45,Adults (35-64),F,Australia,New South Wales,Bikes,Road Bikes,"Road-550-W Yellow, 40",2,713,1120,523,1426,1949
50164,2012-05-19,19,May,2012,32,Young Adults (25-34),F,Australia,Queensland,Bikes,Mountain Bikes,"Mountain-200 Silver, 42",2,1266,2320,1366,2532,3898
59234,2012-05-19,19,May,2012,42,Adults (35-64),F,United States,California,Bikes,Road Bikes,"Road-250 Black, 52",2,1555,2443,1678,3110,4788
71486,2012-05-19,19,May,2012,44,Adults (35-64),F,United States,California,Bikes,Road Bikes,"Road-150 Red, 62",2,2171,3578,2671,4342,7013
50308,2012-05-19,19,May,2012,37,Adults (35-64),F,Australia,Queensland,Bikes,Mountain Bikes,"Mountain-200 Silver, 38",2,1266,2320,1366,2532,3898
64878,2012-05-19,19,May,2012,32,Young Adults (25-34),M,United States,Washington,Bikes,Road Bikes,"Road-550-W Yellow, 48",2,713,1120,321,1426,1747
59342,2012-05-19,19,May,2012,30,Young Adults (25-34),F,Germany,Hamburg,Bikes,Road Bikes,"Road-250 Black, 44",2,1555,2443,1434,3110,4544
64076,2012-05-20,20,May,2012,40,Adults (35-64),F,Australia,New South Wales,Bikes,Road Bikes,"Road-250 Black, 52",2,1555,2443,1141,3110,4251
62434,2012-05-20,20,May,2012,36,Adults (35-64),F,United Kingdom,England,Bikes,Road Bikes,"Road-350-W Yellow, 48",2,1083,1701,1100,2166,3266
66048,2012-05-20,20,May,2012,49,Adults (35-64),F,United States,California,Bikes,Road Bikes,"Road-550-W Yellow, 44",2,713,1120,769,1426,2195
67918,2012-05-20,20,May,2012,51,Adults (35-64),F,United States,California,Bikes,Road Bikes,"Road-750 Black, 44",2,344,540,370,688,1058
68022,2012-05-20,20,May,2012,30,Young Adults (25-34),M,Germany,Bayern,Bikes,Road Bikes,"Road-750 Black, 48",2,344,540,381,688,1069
50280,2012-05-20,20,May,2012,36,Adults (35-64),F,Australia,Queensland,Bikes,Mountain Bikes,"Mountain-200 Silver, 46",2,1266,2320,1366,2532,3898
60712,2012-05-21,21,May,2012,47,Adults (35-64),M,United States,Washington,Bikes,Road Bikes,"Road-650 Black, 62",2,487,783,247,974,1221
60914,2012-05-21,21,May,2012,33,Young Adults (25-34),F,France,Seine (Paris),Bikes,Road Bikes,"Road-250 Black, 44",2,1555,2443,897,3110,4007
58922,2012-05-21,21,May,2012,34,Young Adults (25-34),F,United States,Oregon,Bikes,Road Bikes,"Road-250 Red, 48",2,1519,2443,1164,3038,4202
58438,2012-05-21,21,May,2012,19,Youth (<25),M,United States,Oregon,Bikes,Road Bikes,"Road-150 Red, 52",2,2171,3578,1812,4342,6154
61900,2012-05-21,21,May,2012,42,Adults (35-64),F,Australia,New South Wales,Bikes,Road Bikes,"Road-150 Red, 62",2,2171,3578,1884,4342,6226
57280,2012-05-21,21,May,2012,34,Young Adults (25-34),F,United States,Washington,Bikes,Mountain Bikes,"Mountain-100 Silver, 44",2,1912,3400,1480,3824,5304
61180,2012-05-22,22,May,2012,56,Adults (35-64),F,United Kingdom,England,Bikes,Road Bikes,"Road-750 Black, 44",2,344,540,349,688,1037
66132,2012-05-22,22,May,2012,24,Youth (<25),F,Australia,New South Wales,Bikes,Road Bikes,"Road-250 Black, 52",2,1555,2443,1141,3110,4251
57996,2012-05-22,22,May,2012,36,Adults (35-64),F,France,Seine (Paris),Bikes,Mountain Bikes,"Mountain-100 Black, 38",2,1898,3375,1739,3796,5535
70626,2012-05-22,22,May,2012,41,Adults (35-64),M,Australia,New South Wales,Bikes,Road Bikes,"Road-750 Black, 48",2,344,540,252,688,940
62902,2012-05-22,22,May,2012,45,Adults (35-64),F,Australia,New South Wales,Bikes,Road Bikes,"Road-550-W Yellow, 40",2,713,1120,523,1426,1949
58432,2012-05-22,22,May,2012,20,Youth (<25),M,United States,Washington,Bikes,Road Bikes,"Road-150 Red, 56",2,2171,3578,1240,4342,5582
57648,2012-05-23,23,May,2012,41,Adults (35-64),M,United States,California,Bikes,Mountain Bikes,"Mountain-200 Black, 42",2,1252,2295,1994,2504,4498
58878,2012-05-23,23,May,2012,23,Youth (<25),M,Canada,British Columbia,Bikes,Road Bikes,"Road-250 Black, 44",2,1555,2443,1727,3110,4837
66336,2012-05-23,23,May,2012,40,Adults (35-64),M,Australia,New South Wales,Bikes,Road Bikes,"Road-250 Red, 58",2,1555,2443,1141,3110,4251
50094,2012-05-23,23,May,2012,32,Young Adults (25-34),M,United States,California,Bikes,Mountain Bikes,"Mountain-200 Black, 46",2,1252,2295,1994,2504,4498
68488,2012-05-23,23,May,2012,46,Adults (35-64),F,United States,Oregon,Bikes,Road Bikes,"Road-150 Red, 44",2,2171,3578,1812,4342,6154
67686,2012-05-23,23,May,2012,36,Adults (35-64),M,United States,California,Bikes,Road Bikes,"Road-350-W Yellow, 42",2,1083,1701,1168,2166,3334
63342,2012-05-23,23,May,2012,24,Youth (<25),M,Australia,Victoria,Bikes,Road Bikes,"Road-250 Black, 44",2,1555,2443,750,3110,3860
63120,2012-05-24,24,May,2012,45,Adults (35-64),M,United States,Oregon,Bikes,Road Bikes,"Road-350-W Yellow, 42",2,1083,1701,760,2166,2926
59272,2012-05-24,24,May,2012,41,Adults (35-64),F,United States,Washington,Bikes,Road Bikes,"Road-250 Black, 52",2,1555,2443,701,3110,3811
53996,2012-05-24,24,May,2012,32,Young Adults (25-34),F,United States,California,Bikes,Mountain Bikes,"Mountain-200 Silver, 46",2,1266,2320,2015,2532,4547
60022,2012-05-24,24,May,2012,18,Youth (<25),M,Germany,Saarland,Bikes,Road Bikes,"Road-150 Red, 48",2,2171,3578,1526,4342,5868
52262,2012-05-24,24,May,2012,42,Adults (35-64),F,United States,California,Bikes,Mountain Bikes,"Mountain-200 Black, 46",2,1252,2295,1994,2504,4498
50326,2012-05-24,24,May,2012,35,Adults (35-64),M,Australia,Queensland,Bikes,Mountain Bikes,"Mountain-200 Silver, 46",2,1266,2320,1366,2532,3898
63646,2012-05-24,24,May,2012,35,Adults (35-64),M,Germany,Nordrhein-Westfalen,Bikes,Road Bikes,"Road-650 Red, 60",2,487,783,388,974,1362
58692,2012-05-24,24,May,2012,43,Adults (35-64),F,United States,Washington,Bikes,Road Bikes,"Road-150 Red, 62",2,2171,3578,1240,4342,5582
50096,2012-05-24,24,May,2012,32,Young Adults (25-34),M,United States,California,Bikes,Mountain Bikes,"Mountain-200 Black, 46",2,1252,2295,1994,2504,4498
60006,2012-05-25,25,May,2012,33,Young Adults (25-34),F,Germany,Hamburg,Bikes,Road Bikes,"Road-250 Red, 48",2,1519,2443,1506,3038,4544
62774,2012-05-25,25,May,2012,34,Young Adults (25-34),F,Australia,Queensland,Bikes,Road Bikes,"Road-250 Red, 58",2,1555,2443,994,3110,4104
58160,2012-05-25,25,May,2012,53,Adults (35-64),M,United States,Washington,Bikes,Road Bikes,"Road-150 Red, 48",2,2171,3578,1240,4342,5582
49440,2012-05-25,25,May,2012,34,Young Adults (25-34),M,Australia,Victoria,Bikes,Mountain Bikes,"Mountain-200 Black, 42",2,1252,2295,1122,2504,3626
59426,2012-05-25,25,May,2012,19,Youth (<25),M,United States,California,Bikes,Road Bikes,"Road-550-W Yellow, 42",2,713,1120,769,1426,2195
62678,2012-05-25,25,May,2012,47,Adults (35-64),F,France,Seine (Paris),Bikes,Road Bikes,"Road-250 Red, 44",2,1519,2443,969,3038,4007
56654,2012-05-25,25,May,2012,41,Adults (35-64),F,United States,California,Bikes,Mountain Bikes,"Mountain-500 Silver, 42",2,308,565,491,616,1107
68830,2012-05-25,25,May,2012,47,Adults (35-64),M,Australia,New South Wales,Bikes,Road Bikes,"Road-750 Black, 58",2,344,540,252,688,940
59684,2012-05-25,25,May,2012,54,Adults (35-64),M,United States,Washington,Bikes,Road Bikes,"Road-550-W Yellow, 40",2,713,1120,321,1426,1747
58458,2012-05-26,26,May,2012,53,Adults (35-64),M,United States,California,Bikes,Road Bikes,"Road-150 Red, 56",2,2171,3578,2671,4342,7013
60328,2012-05-26,26,May,2012,36,Adults (35-64),F,United States,California,Bikes,Road Bikes,"Road-650 Red, 62",2,487,783,561,974,1535
68556,2012-05-26,26,May,2012,36,Adults (35-64),M,Australia,South Australia,Bikes,Road Bikes,"Road-550-W Yellow, 48",2,713,1120,411,1426,1837
71538,2012-05-26,26,May,2012,18,Youth (<25),F,United States,Washington,Bikes,Road Bikes,"Road-150 Red, 56",2,2171,3578,1240,4342,5582
61412,2012-05-26,26,May,2012,40,Adults (35-64),F,Australia,Victoria,Bikes,Road Bikes,"Road-150 Red, 56",2,2171,3578,1311,4342,5653
58600,2012-05-26,26,May,2012,52,Adults (35-64),M,United Kingdom,England,Bikes,Road Bikes,"Road-550-W Yellow, 38",2,713,1120,724,1426,2150
69506,2012-05-27,27,May,2012,50,Adults (35-64),F,Australia,New South Wales,Bikes,Road Bikes,"Road-750 Black, 44",2,344,540,252,688,940
67008,2012-05-27,27,May,2012,51,Adults (35-64),F,United States,Washington,Bikes,Road Bikes,"Road-150 Red, 52",2,2171,3578,1240,4342,5582
60086,2012-05-27,27,May,2012,33,Young Adults (25-34),F,Germany,Saarland,Bikes,Road Bikes,"Road-150 Red, 44",2,2171,3578,1526,4342,5868
52514,2012-05-27,27,May,2012,33,Young Adults (25-34),F,Australia,New South Wales,Bikes,Mountain Bikes,"Mountain-200 Black, 38",2,1252,2295,1489,2504,3993
68034,2012-05-27,27,May,2012,31,Young Adults (25-34),M,France,Seine (Paris),Bikes,Road Bikes,"Road-750 Black, 58",2,344,540,198,688,886
54548,2012-05-28,28,May,2012,31,Young Adults (25-34),F,Australia,Queensland,Bikes,Mountain Bikes,"Mountain-200 Black, 46",2,1252,2295,1352,2504,3856
71236,2012-05-28,28,May,2012,44,Adults (35-64),M,Australia,South Australia,Bikes,Road Bikes,"Road-750 Black, 48",2,344,540,198,688,886
70222,2012-05-28,28,May,2012,48,Adults (35-64),M,Australia,Queensland,Bikes,Road Bikes,"Road-750 Black, 48",2,344,540,219,688,907
68610,2012-05-28,28,May,2012,24,Youth (<25),M,Australia,New South Wales,Bikes,Road Bikes,"Road-350-W Yellow, 44",2,1083,1701,794,2166,2960
71408,2012-05-28,28,May,2012,34,Young Adults (25-34),M,United States,California,Bikes,Road Bikes,"Road-150 Red, 56",2,2171,3578,2671,4342,7013
58808,2012-05-29,29,May,2012,32,Young Adults (25-34),F,France,Essonne,Bikes,Road Bikes,"Road-150 Red, 62",2,2171,3578,2528,4342,6870
71488,2012-05-30,30,May,2012,44,Adults (35-64),F,United States,California,Bikes,Road Bikes,"Road-150 Red, 62",2,2171,3578,2671,4342,7013
58208,2012-05-30,30,May,2012,32,Young Adults (25-34),F,United States,Oregon,Bikes,Road Bikes,"Road-150 Red, 48",2,2171,3578,1812,4342,6154
67512,2012-05-30,30,May,2012,41,Adults (35-64),F,United States,California,Bikes,Road Bikes,"Road-750 Black, 52",2,344,540,370,688,1058
63150,2012-05-30,30,May,2012,52,Adults (35-64),M,United States,Washington,Bikes,Road Bikes,"Road-350-W Yellow, 48",2,1083,1701,488,2166,2654
64634,2012-05-30,30,May,2012,42,Adults (35-64),F,Australia,Tasmania,Bikes,Road Bikes,"Road-250 Black, 58",2,1555,2443,848,3110,3958
61576,2012-05-30,30,May,2012,47,Adults (35-64),F,United States,California,Bikes,Road Bikes,"Road-350-W Yellow, 42",2,1083,1701,1168,2166,3334
56512,2012-05-30,30,May,2012,35,Adults (35-64),F,United States,California,Bikes,Mountain Bikes,"Mountain-500 Black, 42",2,295,540,468,590,1058
64656,2012-05-31,31,May,2012,48,Adults (35-64),F,United States,California,Bikes,Road Bikes,"Road-550-W Yellow, 40",2,713,1120,769,1426,2195
56172,2012-05-31,31,May,2012,35,Adults (35-64),M,United States,California,Bikes,Mountain Bikes,"Mountain-200 Silver, 42",2,1266,2320,2015,2532,4547
60756,2012-05-31,31,May,2012,42,Adults (35-64),M,United States,Oregon,Bikes,Road Bikes,"Road-650 Red, 48",2,487,783,373,974,1347
65212,2012-06-01,1,June,2012,18,Youth (<25),M,Australia,Queensland,Bikes,Road Bikes,"Road-750 Black, 58",2,344,540,219,688,907
59046,2012-06-01,1,June,2012,38,Adults (35-64),F,France,Somme,Bikes,Road Bikes,"Road-150 Red, 52",2,2171,3578,1526,4342,5868
66360,2012-06-01,1,June,2012,41,Adults (35-64),M,United States,California,Bikes,Road Bikes,"Road-750 Black, 48",2,344,540,370,688,1058
58614,2012-06-01,1,June,2012,43,Adults (35-64),M,United Kingdom,England,Bikes,Road Bikes,"Road-550-W Yellow, 48",2,713,1120,724,1426,2150
65018,2012-06-02,2,June,2012,18,Youth (<25),F,Australia,South Australia,Bikes,Road Bikes,"Road-750 Black, 44",2,344,540,198,688,886
58616,2012-06-02,2,June,2012,43,Adults (35-64),M,United Kingdom,England,Bikes,Road Bikes,"Road-550-W Yellow, 48",2,713,1120,724,1426,2150
55768,2012-06-02,2,June,2012,27,Young Adults (25-34),M,United Kingdom,England,Bikes,Mountain Bikes,"Mountain-400-W Silver, 46",2,420,769,636,840,1476
60150,2012-06-02,2,June,2012,38,Adults (35-64),M,Germany,Saarland,Bikes,Road Bikes,"Road-150 Red, 52",2,2171,3578,1526,4342,5868
65184,2012-06-02,2,June,2012,21,Youth (<25),M,Germany,Nordrhein-Westfalen,Bikes,Road Bikes,"Road-550-W Yellow, 42",2,713,1120,523,1426,1949
66134,2012-06-02,2,June,2012,24,Youth (<25),F,Australia,New South Wales,Bikes,Road Bikes,"Road-250 Black, 52",2,1555,2443,1141,3110,4251
61218,2012-06-02,2,June,2012,18,Youth (<25),F,Australia,Queensland,Bikes,Road Bikes,"Road-550-W Yellow, 48",2,713,1120,456,1426,1882
63452,2012-06-02,2,June,2012,18,Youth (<25),M,Australia,South Australia,Bikes,Road Bikes,"Road-750 Black, 58",2,344,540,198,688,886
62976,2012-06-02,2,June,2012,31,Young Adults (25-34),M,Canada,British Columbia,Bikes,Road Bikes,"Road-350-W Yellow, 48",2,1083,1701,1202,2166,3368
65214,2012-06-02,2,June,2012,18,Youth (<25),M,Australia,Queensland,Bikes,Road Bikes,"Road-750 Black, 58",2,344,540,219,688,907
61048,2012-06-02,2,June,2012,40,Adults (35-64),F,United States,California,Bikes,Road Bikes,"Road-250 Black, 58",2,1555,2443,1678,3110,4788
68100,2012-06-02,2,June,2012,20,Youth (<25),M,Australia,New South Wales,Bikes,Road Bikes,"Road-750 Black, 52",2,344,540,252,688,940
50338,2012-06-03,3,June,2012,62,Adults (35-64),F,Australia,Victoria,Bikes,Mountain Bikes,"Mountain-200 Silver, 42",2,1266,2320,1134,2532,3666
63988,2012-06-03,3,June,2012,42,Adults (35-64),M,Canada,British Columbia,Bikes,Road Bikes,"Road-550-W Yellow, 42",2,713,1120,792,1426,2218
70334,2012-06-03,3,June,2012,41,Adults (35-64),M,United States,Washington,Bikes,Road Bikes,"Road-650 Black, 58",2,487,783,247,974,1221
50918,2012-06-04,4,June,2012,29,Young Adults (25-34),M,United Kingdom,England,Bikes,Mountain Bikes,"Mountain-200 Black, 38",2,1252,2295,1902,2504,4406
66768,2012-06-04,4,June,2012,27,Young Adults (25-34),F,Germany,Saarland,Bikes,Road Bikes,"Road-750 Black, 48",2,344,540,198,688,886
54714,2012-06-04,4,June,2012,44,Adults (35-64),M,Canada,British Columbia,Bikes,Mountain Bikes,"Mountain-200 Silver, 38",2,1266,2320,2062,2532,4594
68574,2012-06-04,4,June,2012,18,Youth (<25),M,Canada,British Columbia,Bikes,Road Bikes,"Road-150 Red, 48",2,2171,3578,2742,4342,7084
64998,2012-06-04,4,June,2012,18,Youth (<25),M,Australia,New South Wales,Bikes,Road Bikes,"Road-750 Black, 44",2,344,540,252,688,940
68642,2012-06-04,4,June,2012,50,Adults (35-64),F,Canada,British Columbia,Bikes,Road Bikes,"Road-150 Red, 62",2,2171,3578,2742,4342,7084
59502,2012-06-04,4,June,2012,19,Youth (<25),F,United States,California,Bikes,Road Bikes,"Road-350-W Yellow, 42",2,1083,1701,1168,2166,3334
71466,2012-06-05,5,June,2012,61,Adults (35-64),F,United States,California,Bikes,Road Bikes,"Road-150 Red, 52",2,2171,3578,2671,4342,7013
59038,2012-06-05,5,June,2012,56,Adults (35-64),M,France,Hauts de Seine,Bikes,Road Bikes,"Road-150 Red, 62",2,2171,3578,2313,4342,6655
64940,2012-06-05,5,June,2012,40,Adults (35-64),M,United States,California,Bikes,Road Bikes,"Road-550-W Yellow, 42",2,713,1120,769,1426,2195
60972,2012-06-05,5,June,2012,43,Adults (35-64),F,Australia,New South Wales,Bikes,Road Bikes,"Road-150 Red, 52",2,2171,3578,1884,4342,6226
50226,2012-06-05,5,June,2012,51,Adults (35-64),F,Australia,New South Wales,Bikes,Mountain Bikes,"Mountain-200 Silver, 42",2,1266,2320,1505,2532,4037
62408,2012-06-05,5,June,2012,20,Youth (<25),F,Australia,Victoria,Bikes,Road Bikes,"Road-550-W Yellow, 44",2,713,1120,344,1426,1770
59236,2012-06-06,6,June,2012,42,Adults (35-64),F,United States,California,Bikes,Road Bikes,"Road-250 Black, 52",2,1555,2443,1678,3110,4788
69444,2012-06-06,6,June,2012,27,Young Adults (25-34),F,Australia,New South Wales,Bikes,Road Bikes,"Road-550-W Yellow, 48",2,713,1120,523,1426,1949
56032,2012-06-06,6,June,2012,37,Adults (35-64),F,United States,California,Bikes,Mountain Bikes,"Mountain-200 Black, 46",2,1252,2295,1994,2504,4498
70598,2012-06-06,6,June,2012,19,Youth (<25),F,Canada,British Columbia,Bikes,Road Bikes,"Road-150 Red, 62",2,2171,3578,2742,4342,7084
58662,2012-06-06,6,June,2012,56,Adults (35-64),M,United States,California,Bikes,Road Bikes,"Road-250 Red, 58",2,1555,2443,1678,3110,4788
51854,2012-06-06,6,June,2012,35,Adults (35-64),F,Canada,British Columbia,Bikes,Mountain Bikes,"Mountain-200 Silver, 42",2,1266,2320,2062,2532,4594
71162,2012-06-06,6,June,2012,26,Young Adults (25-34),F,United States,California,Bikes,Road Bikes,"Road-150 Red, 62",2,2171,3578,2671,4342,7013
70164,2012-06-07,7,June,2012,21,Youth (<25),M,Australia,Victoria,Bikes,Road Bikes,"Road-750 Black, 44",2,344,540,165,688,853
59090,2012-06-07,7,June,2012,45,Adults (35-64),F,France,Seine (Paris),Bikes,Road Bikes,"Road-150 Red, 62",2,2171,3578,1526,4342,5868
50596,2012-06-07,7,June,2012,20,Youth (<25),M,Australia,Queensland,Bikes,Mountain Bikes,"Mountain-500 Silver, 52",2,308,565,333,616,949
65216,2012-06-07,7,June,2012,18,Youth (<25),M,Australia,Queensland,Bikes,Road Bikes,"Road-750 Black, 58",2,344,540,219,688,907
71072,2012-06-07,7,June,2012,28,Young Adults (25-34),M,United States,Oregon,Bikes,Road Bikes,"Road-150 Red, 48",2,2171,3578,1812,4342,6154
56964,2012-06-07,7,June,2012,44,Adults (35-64),F,Germany,Saarland,Bikes,Mountain Bikes,"Mountain-200 Black, 46",2,1252,2295,1260,2504,3764
60942,2012-06-07,7,June,2012,17,Youth (<25),M,United States,California,Bikes,Road Bikes,"Road-550-W Yellow, 38",2,713,1120,769,1426,2195
53740,2012-06-07,7,June,2012,22,Youth (<25),M,Australia,New South Wales,Bikes,Mountain Bikes,"Mountain-200 Black, 42",2,1252,2295,1489,2504,3993
62456,2012-06-08,8,June,2012,38,Adults (35-64),M,Germany,Hessen,Bikes,Road Bikes,"Road-250 Red, 48",2,1519,2443,1506,3038,4544
67688,2012-06-08,8,June,2012,36,Adults (35-64),M,United States,California,Bikes,Road Bikes,"Road-350-W Yellow, 42",2,1083,1701,1168,2166,3334
62114,2012-06-08,8,June,2012,37,Adults (35-64),F,United Kingdom,England,Bikes,Road Bikes,"Road-350-W Yellow, 48",2,1083,1701,1100,2166,3266
61278,2012-06-08,8,June,2012,38,Adults (35-64),M,United Kingdom,England,Bikes,Road Bikes,"Road-250 Black, 52",2,1555,2443,1581,3110,4691
62298,2012-06-08,8,June,2012,22,Youth (<25),M,Germany,Nordrhein-Westfalen,Bikes,Road Bikes,"Road-250 Black, 44",2,1555,2443,1141,3110,4251
63366,2012-06-08,8,June,2012,25,Young Adults (25-34),F,Australia,New South Wales,Bikes,Road Bikes,"Road-250 Black, 52",2,1555,2443,1141,3110,4251
51058,2012-06-08,8,June,2012,18,Youth (<25),M,Australia,Victoria,Bikes,Mountain Bikes,"Mountain-500 Silver, 44",2,308,565,277,616,893
70028,2012-06-08,8,June,2012,19,Youth (<25),M,Australia,Victoria,Bikes,Road Bikes,"Road-750 Black, 44",2,344,540,165,688,853
70336,2012-06-09,9,June,2012,41,Adults (35-64),M,United States,Washington,Bikes,Road Bikes,"Road-650 Black, 58",2,487,783,247,974,1221
51984,2012-06-09,9,June,2012,20,Youth (<25),F,Australia,Queensland,Bikes,Mountain Bikes,"Mountain-200 Silver, 38",2,1266,2320,1366,2532,3898
50282,2012-06-09,9,June,2012,36,Adults (35-64),F,Australia,Queensland,Bikes,Mountain Bikes,"Mountain-200 Silver, 46",2,1266,2320,1366,2532,3898
64908,2012-06-09,9,June,2012,42,Adults (35-64),F,United States,Washington,Bikes,Road Bikes,"Road-750 Black, 48",2,344,540,154,688,842
60138,2012-06-09,9,June,2012,17,Youth (<25),F,Australia,Victoria,Bikes,Road Bikes,"Road-650 Red, 48",2,487,783,263,974,1237
61050,2012-06-10,10,June,2012,40,Adults (35-64),F,United States,California,Bikes,Road Bikes,"Road-250 Black, 58",2,1555,2443,1678,3110,4788
65060,2012-06-10,10,June,2012,27,Young Adults (25-34),F,United Kingdom,England,Bikes,Road Bikes,"Road-350-W Yellow, 48",2,1083,1701,1100,2166,3266
69468,2012-06-10,10,June,2012,26,Young Adults (25-34),M,Australia,New South Wales,Bikes,Road Bikes,"Road-550-W Yellow, 44",2,713,1120,523,1426,1949
69124,2012-06-10,10,June,2012,17,Youth (<25),M,Australia,New South Wales,Bikes,Road Bikes,"Road-750 Black, 44",2,344,540,252,688,940
50348,2012-06-10,10,June,2012,48,Adults (35-64),M,Australia,Victoria,Bikes,Mountain Bikes,"Mountain-500 Black, 40",2,295,540,263,590,853
69590,2012-06-10,10,June,2012,43,Adults (35-64),M,Australia,Victoria,Bikes,Road Bikes,"Road-550-W Yellow, 42",2,713,1120,344,1426,1770
56554,2012-06-10,10,June,2012,44,Adults (35-64),M,United States,Washington,Bikes,Mountain Bikes,"Mountain-500 Black, 44",2,295,540,252,590,842
58664,2012-06-10,10,June,2012,56,Adults (35-64),M,United States,California,Bikes,Road Bikes,"Road-250 Red, 58",2,1555,2443,1678,3110,4788
50342,2012-06-11,11,June,2012,44,Adults (35-64),F,Australia,Victoria,Bikes,Mountain Bikes,"Mountain-500 Black, 48",2,295,540,263,590,853
59816,2012-06-11,11,June,2012,37,Adults (35-64),M,United States,California,Bikes,Road Bikes,"Road-650 Red, 48",2,487,783,561,974,1535
59238,2012-06-11,11,June,2012,42,Adults (35-64),F,United States,California,Bikes,Road Bikes,"Road-250 Black, 52",2,1555,2443,1678,3110,4788
59239,2012-06-11,11,June,2012,42,Adults (35-64),F,United States,California,Bikes,Road Bikes,"Road-250 Black, 52",2,1555,2443,1678,3110,4788
59526,2012-06-11,11,June,2012,19,Youth (<25),M,Australia,South Australia,Bikes,Road Bikes,"Road-550-W Yellow, 38",2,713,1120,411,1426,1837
60098,2012-06-12,12,June,2012,19,Youth (<25),M,Germany,Hamburg,Bikes,Road Bikes,"Road-150 Red, 44",2,2171,3578,2313,4342,6655
69574,2012-06-12,12,June,2012,45,Adults (35-64),M,Australia,Victoria,Bikes,Road Bikes,"Road-750 Black, 52",2,344,540,165,688,853
71030,2012-06-12,12,June,2012,26,Young Adults (25-34),M,United States,California,Bikes,Road Bikes,"Road-150 Red, 56",2,2171,3578,2671,4342,7013
60012,2012-06-12,12,June,2012,34,Young Adults (25-34),M,Germany,Hessen,Bikes,Road Bikes,"Road-150 Red, 62",2,2171,3578,2313,4342,6655
65884,2012-06-12,12,June,2012,27,Young Adults (25-34),F,United States,California,Bikes,Road Bikes,"Road-750 Black, 58",2,344,540,370,688,1058
49706,2012-06-12,12,June,2012,43,Adults (35-64),F,Germany,Hamburg,Bikes,Mountain Bikes,"Mountain-200 Black, 46",2,1252,2295,1765,2504,4269
60056,2012-06-12,12,June,2012,43,Adults (35-64),F,Canada,British Columbia,Bikes,Road Bikes,"Road-550-W Yellow, 42",2,713,1120,792,1426,2218
60072,2012-06-12,12,June,2012,40,Adults (35-64),F,United States,Oregon,Bikes,Road Bikes,"Road-650 Red, 52",2,487,783,373,974,1347
60662,2012-06-12,12,June,2012,30,Young Adults (25-34),F,United States,Washington,Bikes,Road Bikes,"Road-650 Red, 58",2,487,783,247,974,1221
51968,2012-06-12,12,June,2012,19,Youth (<25),M,Australia,Victoria,Bikes,Mountain Bikes,"Mountain-500 Silver, 52",2,308,565,277,616,893
61624,2012-06-12,12,June,2012,61,Adults (35-64),F,United States,Oregon,Bikes,Road Bikes,"Road-350-W Yellow, 40",2,1083,1701,760,2166,2926
63198,2012-06-12,12,June,2012,41,Adults (35-64),M,France,Seine (Paris),Bikes,Road Bikes,"Road-250 Black, 58",2,1555,2443,897,3110,4007
69552,2012-06-13,13,June,2012,47,Adults (35-64),M,Australia,Victoria,Bikes,Road Bikes,"Road-750 Black, 48",2,344,540,165,688,853
68070,2012-06-13,13,June,2012,43,Adults (35-64),F,United Kingdom,England,Bikes,Road Bikes,"Road-750 Black, 52",2,344,540,349,688,1037
57342,2012-06-13,13,June,2012,43,Adults (35-64),M,United States,Washington,Bikes,Mountain Bikes,"Mountain-200 Black, 42",2,1252,2295,1076,2504,3580
55138,2012-06-13,13,June,2012,40,Adults (35-64),F,Australia,New South Wales,Bikes,Mountain Bikes,"Mountain-200 Black, 38",2,1252,2295,1489,2504,3993
52796,2012-06-14,14,June,2012,19,Youth (<25),M,Australia,New South Wales,Bikes,Mountain Bikes,"Mountain-200 Black, 38",2,1252,2295,1489,2504,3993
57248,2012-06-14,14,June,2012,44,Adults (35-64),M,United States,California,Bikes,Mountain Bikes,"Mountain-100 Black, 42",2,1898,3375,2819,3796,6615
70990,2012-06-14,14,June,2012,43,Adults (35-64),M,United States,California,Bikes,Road Bikes,"Road-150 Red, 52",2,2171,3578,2671,4342,7013
63368,2012-06-14,14,June,2012,25,Young Adults (25-34),F,Australia,New South Wales,Bikes,Road Bikes,"Road-250 Black, 52",2,1555,2443,1141,3110,4251
64120,2012-06-15,15,June,2012,40,Adults (35-64),M,Germany,Saarland,Bikes,Road Bikes,"Road-650 Red, 52",2,487,783,310,974,1284
67364,2012-06-15,15,June,2012,22,Youth (<25),F,United States,California,Bikes,Road Bikes,"Road-750 Black, 44",2,344,540,370,688,1058
61052,2012-06-15,15,June,2012,40,Adults (35-64),F,United States,California,Bikes,Road Bikes,"Road-250 Black, 58",2,1555,2443,1678,3110,4788
71164,2012-06-15,15,June,2012,26,Young Adults (25-34),F,United States,California,Bikes,Road Bikes,"Road-150 Red, 62",2,2171,3578,2671,4342,7013
62700,2012-06-15,15,June,2012,27,Young Adults (25-34),M,Australia,New South Wales,Bikes,Road Bikes,"Road-250 Black, 52",2,1555,2443,1141,3110,4251
60758,2012-06-15,15,June,2012,42,Adults (35-64),M,United States,Oregon,Bikes,Road Bikes,"Road-650 Red, 48",2,487,783,373,974,1347
69494,2012-06-16,16,June,2012,49,Adults (35-64),F,Canada,British Columbia,Bikes,Road Bikes,"Road-250 Red, 48",2,1519,2443,1799,3038,4837
63680,2012-06-16,16,June,2012,37,Adults (35-64),F,United States,California,Bikes,Road Bikes,"Road-550-W Yellow, 48",2,713,1120,769,1426,2195
69818,2012-06-17,17,June,2012,38,Adults (35-64),F,Canada,British Columbia,Bikes,Road Bikes,"Road-250 Black, 48",2,1555,2443,1727,3110,4837
64784,2012-06-17,17,June,2012,27,Young Adults (25-34),F,Australia,Victoria,Bikes,Road Bikes,"Road-250 Black, 44",2,1555,2443,750,3110,3860
65204,2012-06-17,17,June,2012,17,Youth (<25),F,Australia,Queensland,Bikes,Road Bikes,"Road-350-W Yellow, 42",2,1083,1701,692,2166,2858
64196,2012-06-17,17,June,2012,21,Youth (<25),F,Australia,New South Wales,Bikes,Road Bikes,"Road-250 Black, 58",2,1555,2443,1141,3110,4251
67340,2012-06-17,17,June,2012,44,Adults (35-64),M,United States,Oregon,Bikes,Road Bikes,"Road-750 Black, 52",2,344,540,241,688,929
64552,2012-06-17,17,June,2012,18,Youth (<25),M,United States,Washington,Bikes,Road Bikes,"Road-350-W Yellow, 40",2,1083,1701,488,2166,2654
69570,2012-06-18,18,June,2012,46,Adults (35-64),F,Australia,Queensland,Bikes,Road Bikes,"Road-750 Black, 58",2,344,540,219,688,907
59086,2012-06-18,18,June,2012,28,Young Adults (25-34),F,France,Nord,Bikes,Road Bikes,"Road-750 Black, 44",2,344,540,252,688,940
62876,2012-06-18,18,June,2012,62,Adults (35-64),F,United States,Oregon,Bikes,Road Bikes,"Road-350-W Yellow, 40",2,1083,1701,760,2166,2926
63236,2012-06-18,18,June,2012,43,Adults (35-64),F,France,Seine Saint Denis,Bikes,Road Bikes,"Road-250 Red, 48",2,1519,2443,969,3038,4007
54276,2012-06-18,18,June,2012,18,Youth (<25),F,Australia,New South Wales,Bikes,Mountain Bikes,"Mountain-200 Silver, 38",2,1266,2320,1505,2532,4037
58572,2012-06-18,18,June,2012,57,Adults (35-64),F,United States,Washington,Bikes,Road Bikes,"Road-150 Red, 56",2,2171,3578,1240,4342,5582
50588,2012-06-18,18,June,2012,18,Youth (<25),M,Australia,South Australia,Bikes,Mountain Bikes,"Mountain-500 Black, 40",2,295,540,296,590,886
59428,2012-06-18,18,June,2012,19,Youth (<25),M,United States,California,Bikes,Road Bikes,"Road-550-W Yellow, 42",2,713,1120,769,1426,2195
63426,2012-06-18,18,June,2012,24,Youth (<25),F,United States,California,Bikes,Road Bikes,"Road-550-W Yellow, 44",2,713,1120,769,1426,2195
62300,2012-06-18,18,June,2012,22,Youth (<25),M,Germany,Nordrhein-Westfalen,Bikes,Road Bikes,"Road-250 Black, 44",2,1555,2443,1141,3110,4251
59902,2012-06-18,18,June,2012,44,Adults (35-64),F,United States,Washington,Bikes,Road Bikes,"Road-350-W Yellow, 44",2,1083,1701,488,2166,2654
63196,2012-06-19,19,June,2012,40,Adults (35-64),M,France,Essonne,Bikes,Road Bikes,"Road-650 Black, 60",2,487,783,529,974,1503
64638,2012-06-19,19,June,2012,41,Adults (35-64),F,Canada,British Columbia,Bikes,Road Bikes,"Road-250 Black, 58",2,1555,2443,1727,3110,4837
67284,2012-06-19,19,June,2012,17,Youth (<25),F,Canada,British Columbia,Bikes,Road Bikes,"Road-350-W Yellow, 42",2,1083,1701,1202,2166,3368
71166,2012-06-19,19,June,2012,26,Young Adults (25-34),F,United States,California,Bikes,Road Bikes,"Road-150 Red, 62",2,2171,3578,2671,4342,7013
59548,2012-06-19,19,June,2012,38,Adults (35-64),F,United Kingdom,England,Bikes,Road Bikes,"Road-250 Red, 44",2,1519,2443,1653,3038,4691
63206,2012-06-19,19,June,2012,41,Adults (35-64),F,Germany,Bayern,Bikes,Road Bikes,"Road-650 Black, 58",2,487,783,576,974,1550
56070,2012-06-19,19,June,2012,44,Adults (35-64),F,United States,Washington,Bikes,Mountain Bikes,"Mountain-200 Black, 46",2,1252,2295,1076,2504,3580
63990,2012-06-19,19,June,2012,42,Adults (35-64),M,Canada,British Columbia,Bikes,Road Bikes,"Road-550-W Yellow, 42",2,713,1120,792,1426,2218
70180,2012-06-19,19,June,2012,26,Young Adults (25-34),F,Australia,Queensland,Bikes,Road Bikes,"Road-750 Black, 52",2,344,540,219,688,907
58574,2012-06-19,19,June,2012,57,Adults (35-64),F,United States,California,Bikes,Road Bikes,"Road-150 Red, 56",2,2171,3578,2671,4342,7013
67538,2012-06-19,19,June,2012,40,Adults (35-64),F,Canada,British Columbia,Bikes,Road Bikes,"Road-750 Black, 52",2,344,540,381,688,1069
58000,2012-06-19,19,June,2012,39,Adults (35-64),M,France,Seine (Paris),Bikes,Mountain Bikes,"Mountain-100 Black, 48",2,1898,3375,1739,3796,5535
64966,2012-06-19,19,June,2012,18,Youth (<25),F,Australia,New South Wales,Bikes,Road Bikes,"Road-750 Black, 58",2,344,540,252,688,940
69126,2012-06-20,20,June,2012,17,Youth (<25),M,Australia,New South Wales,Bikes,Road Bikes,"Road-750 Black, 44",2,344,540,252,688,940
65700,2012-06-20,20,June,2012,46,Adults (35-64),M,Australia,New South Wales,Bikes,Road Bikes,"Road-750 Black, 48",2,344,540,252,688,940
58364,2012-06-20,20,June,2012,24,Youth (<25),M,United States,California,Bikes,Road Bikes,"Road-150 Red, 44",2,2171,3578,2671,4342,7013
60998,2012-06-20,20,June,2012,42,Adults (35-64),M,United States,California,Bikes,Road Bikes,"Road-750 Black, 44",2,344,540,370,688,1058
51096,2012-06-20,20,June,2012,20,Youth (<25),F,Australia,New South Wales,Bikes,Mountain Bikes,"Mountain-500 Silver, 48",2,308,565,367,616,983
57676,2012-06-20,20,June,2012,43,Adults (35-64),F,United States,California,Bikes,Mountain Bikes,"Mountain-200 Silver, 42",2,1266,2320,2015,2532,4547
58888,2012-06-20,20,June,2012,22,Youth (<25),M,United States,California,Bikes,Road Bikes,"Road-250 Red, 44",2,1519,2443,1750,3038,4788
58788,2012-06-21,21,June,2012,41,Adults (35-64),M,United States,Oregon,Bikes,Road Bikes,"Road-150 Red, 62",2,2171,3578,1812,4342,6154
67026,2012-06-21,21,June,2012,48,Adults (35-64),M,Canada,British Columbia,Bikes,Road Bikes,"Road-750 Black, 48",2,344,540,381,688,1069
63232,2012-06-21,21,June,2012,52,Adults (35-64),F,France,Seine (Paris),Bikes,Road Bikes,"Road-550-W Yellow, 44",2,713,1120,411,1426,1837
60166,2012-06-21,21,June,2012,37,Adults (35-64),F,Germany,Nordrhein-Westfalen,Bikes,Road Bikes,"Road-150 Red, 62",2,2171,3578,1884,4342,6226
70956,2012-06-21,21,June,2012,28,Young Adults (25-34),F,France,Seine et Marne,Bikes,Road Bikes,"Road-750 Black, 52",2,344,540,198,688,886
64758,2012-06-21,21,June,2012,26,Young Adults (25-34),F,Australia,New South Wales,Bikes,Road Bikes,"Road-250 Red, 58",2,1555,2443,1141,3110,4251
58694,2012-06-21,21,June,2012,43,Adults (35-64),F,United States,Washington,Bikes,Road Bikes,"Road-150 Red, 62",2,2171,3578,1240,4342,5582
64968,2012-06-21,21,June,2012,18,Youth (<25),F,Australia,New South Wales,Bikes,Road Bikes,"Road-750 Black, 58",2,344,540,252,688,940
53334,2012-06-21,21,June,2012,37,Adults (35-64),M,United States,California,Bikes,Mountain Bikes,"Mountain-400-W Silver, 46",2,420,769,667,840,1507
56966,2012-06-22,22,June,2012,44,Adults (35-64),F,Germany,Saarland,Bikes,Mountain Bikes,"Mountain-200 Black, 46",2,1252,2295,1260,2504,3764
66662,2012-06-22,22,June,2012,20,Youth (<25),M,Australia,Queensland,Bikes,Road Bikes,"Road-750 Black, 44",2,344,540,219,688,907
67890,2012-06-22,22,June,2012,25,Young Adults (25-34),F,Australia,Victoria,Bikes,Road Bikes,"Road-350-W Yellow, 48",2,1083,1701,522,2166,2688
58554,2012-06-22,22,June,2012,60,Adults (35-64),M,United States,California,Bikes,Road Bikes,"Road-150 Red, 48",2,2171,3578,2671,4342,7013
59242,2012-06-22,22,June,2012,42,Adults (35-64),F,United States,California,Bikes,Road Bikes,"Road-250 Black, 52",2,1555,2443,1678,3110,4788
61054,2012-06-23,23,June,2012,40,Adults (35-64),F,United States,California,Bikes,Road Bikes,"Road-250 Black, 58",2,1555,2443,1678,3110,4788
63716,2012-06-23,23,June,2012,39,Adults (35-64),M,United States,Washington,Bikes,Road Bikes,"Road-550-W Yellow, 38",2,713,1120,321,1426,1747
70338,2012-06-23,23,June,2012,41,Adults (35-64),M,United States,Washington,Bikes,Road Bikes,"Road-650 Black, 58",2,487,783,247,974,1221
68638,2012-06-23,23,June,2012,53,Adults (35-64),M,Canada,British Columbia,Bikes,Road Bikes,"Road-550-W Yellow, 48",2,713,1120,792,1426,2218
60966,2012-06-23,23,June,2012,43,Adults (35-64),F,Australia,Queensland,Bikes,Road Bikes,"Road-150 Red, 62",2,2171,3578,1669,4342,6011
58850,2012-06-23,23,June,2012,27,Young Adults (25-34),F,United States,Oregon,Bikes,Road Bikes,"Road-150 Red, 44",2,2171,3578,1812,4342,6154
64198,2012-06-23,23,June,2012,21,Youth (<25),F,Australia,New South Wales,Bikes,Road Bikes,"Road-250 Black, 58",2,1555,2443,1141,3110,4251
67342,2012-06-23,23,June,2012,44,Adults (35-64),M,United States,Oregon,Bikes,Road Bikes,"Road-750 Black, 52",2,344,540,241,688,929
64576,2012-06-23,23,June,2012,43,Adults (35-64),F,United States,Oregon,Bikes,Road Bikes,"Road-550-W Yellow, 44",2,713,1120,500,1426,1926
69102,2012-06-23,23,June,2012,17,Youth (<25),F,Australia,New South Wales,Bikes,Road Bikes,"Road-550-W Yellow, 38",2,713,1120,523,1426,1949
49716,2012-06-23,23,June,2012,45,Adults (35-64),M,Germany,Bayern,Bikes,Mountain Bikes,"Mountain-500 Silver, 44",2,308,565,503,616,1119
56326,2012-06-23,23,June,2012,29,Young Adults (25-34),F,United Kingdom,England,Bikes,Mountain Bikes,"Mountain-200 Silver, 42",2,1266,2320,1922,2532,4454
71520,2012-06-23,23,June,2012,17,Youth (<25),F,United States,California,Bikes,Road Bikes,"Road-750 Black, 52",2,344,540,370,688,1058
57326,2012-06-23,23,June,2012,62,Adults (35-64),M,United States,California,Bikes,Mountain Bikes,"Mountain-100 Silver, 38",2,1912,3400,2840,3824,6664
50330,2012-06-23,23,June,2012,40,Adults (35-64),M,Australia,Queensland,Bikes,Mountain Bikes,"Mountain-200 Black, 46",2,1252,2295,1352,2504,3856
58278,2012-06-24,24,June,2012,37,Adults (35-64),M,United States,Oregon,Bikes,Road Bikes,"Road-150 Red, 62",2,2171,3578,1812,4342,6154
56006,2012-06-24,24,June,2012,42,Adults (35-64),M,United States,California,Bikes,Mountain Bikes,"Mountain-200 Silver, 42",2,1266,2320,2015,2532,4547
69470,2012-06-24,24,June,2012,26,Young Adults (25-34),M,Australia,New South Wales,Bikes,Road Bikes,"Road-550-W Yellow, 44",2,713,1120,523,1426,1949
58818,2012-06-24,24,June,2012,28,Young Adults (25-34),M,United States,California,Bikes,Road Bikes,"Road-150 Red, 62",2,2171,3578,2671,4342,7013
60840,2012-06-24,24,June,2012,44,Adults (35-64),M,United States,California,Bikes,Road Bikes,"Road-750 Black, 48",2,344,540,370,688,1058
60096,2012-06-24,24,June,2012,19,Youth (<25),M,Germany,Hessen,Bikes,Road Bikes,"Road-250 Black, 48",2,1555,2443,1434,3110,4544
69584,2012-06-24,24,June,2012,45,Adults (35-64),M,Australia,New South Wales,Bikes,Road Bikes,"Road-750 Black, 52",2,344,540,252,688,940
55770,2012-06-25,25,June,2012,27,Young Adults (25-34),M,United Kingdom,England,Bikes,Mountain Bikes,"Mountain-400-W Silver, 46",2,420,769,636,840,1476
67484,2012-06-25,25,June,2012,42,Adults (35-64),M,United States,Washington,Bikes,Road Bikes,"Road-750 Black, 44",2,344,540,154,688,842
70586,2012-06-25,25,June,2012,31,Young Adults (25-34),F,United States,Oregon,Bikes,Road Bikes,"Road-150 Red, 62",2,2171,3578,1812,4342,6154
59144,2012-06-25,25,June,2012,56,Adults (35-64),M,United States,Washington,Bikes,Road Bikes,"Road-250 Red, 52",2,1519,2443,773,3038,3811
61056,2012-06-25,25,June,2012,40,Adults (35-64),F,United States,California,Bikes,Road Bikes,"Road-250 Black, 58",2,1555,2443,1678,3110,4788
59080,2012-06-26,26,June,2012,28,Young Adults (25-34),F,France,Loiret,Bikes,Road Bikes,"Road-150 Red, 56",2,2171,3578,2027,4342,6369
49738,2012-06-26,26,June,2012,21,Youth (<25),F,Australia,Victoria,Bikes,Mountain Bikes,"Mountain-200 Black, 46",2,1252,2295,1122,2504,3626
66716,2012-06-26,26,June,2012,27,Young Adults (25-34),M,United Kingdom,England,Bikes,Road Bikes,"Road-750 Black, 48",2,344,540,349,688,1037
59076,2012-06-26,26,June,2012,28,Young Adults (25-34),M,France,Yveline,Bikes,Road Bikes,"Road-150 Red, 52",2,2171,3578,1097,4342,5439
53606,2012-06-26,26,June,2012,17,Youth (<25),F,Australia,Victoria,Bikes,Mountain Bikes,"Mountain-400-W Silver, 40",2,420,769,375,840,1215
62048,2012-06-26,26,June,2012,39,Adults (35-64),M,United States,California,Bikes,Road Bikes,"Road-350-W Yellow, 42",2,1083,1701,1168,2166,3334
59044,2012-06-26,26,June,2012,38,Adults (35-64),F,France,Yveline,Bikes,Road Bikes,"Road-250 Black, 44",2,1555,2443,603,3110,3713
70826,2012-06-27,27,June,2012,43,Adults (35-64),M,United States,Oregon,Bikes,Road Bikes,"Road-150 Red, 62",2,2171,3578,1812,4342,6154
50598,2012-06-27,27,June,2012,20,Youth (<25),M,Australia,Queensland,Bikes,Mountain Bikes,"Mountain-500 Silver, 52",2,308,565,333,616,949
65856,2012-06-27,27,June,2012,29,Young Adults (25-34),M,United States,Washington,Bikes,Road Bikes,"Road-750 Black, 48",2,344,540,154,688,842
58568,2012-06-27,27,June,2012,57,Adults (35-64),M,United States,Washington,Bikes,Road Bikes,"Road-150 Red, 62",2,2171,3578,1240,4342,5582
68622,2012-06-27,27,June,2012,25,Young Adults (25-34),M,Australia,Queensland,Bikes,Road Bikes,"Road-550-W Yellow, 40",2,713,1120,456,1426,1882
63682,2012-06-27,27,June,2012,37,Adults (35-64),F,United States,California,Bikes,Road Bikes,"Road-550-W Yellow, 48",2,713,1120,769,1426,2195
59819,2012-06-27,27,June,2012,37,Adults (35-64),M,United States,California,Bikes,Road Bikes,"Road-650 Red, 48",2,487,783,561,974,1535
59818,2012-06-27,27,June,2012,37,Adults (35-64),M,United States,California,Bikes,Road Bikes,"Road-650 Red, 48",2,487,783,561,974,1535
68668,2012-06-27,27,June,2012,39,Adults (35-64),F,Canada,Alberta,Bikes,Road Bikes,"Road-350-W Yellow, 44",2,1083,1701,1236,2166,3402
57052,2012-06-28,28,June,2012,34,Young Adults (25-34),M,Canada,British Columbia,Bikes,Mountain Bikes,"Mountain-500 Black, 44",2,295,540,479,590,1069
65652,2012-06-28,28,June,2012,56,Adults (35-64),F,United States,Washington,Bikes,Road Bikes,"Road-750 Black, 52",2,344,540,154,688,842
70260,2012-06-28,28,June,2012,44,Adults (35-64),F,Australia,New South Wales,Bikes,Road Bikes,"Road-750 Black, 44",2,344,540,252,688,940
68132,2012-06-28,28,June,2012,37,Adults (35-64),M,Germany,Nordrhein-Westfalen,Bikes,Road Bikes,"Road-550-W Yellow, 42",2,713,1120,523,1426,1949
64442,2012-06-28,28,June,2012,39,Adults (35-64),F,United States,Oregon,Bikes,Road Bikes,"Road-550-W Yellow, 48",2,713,1120,500,1426,1926
70500,2012-06-29,29,June,2012,49,Adults (35-64),M,Canada,British Columbia,Bikes,Road Bikes,"Road-150 Red, 44",2,2171,3578,2742,4342,7084
64910,2012-06-29,29,June,2012,42,Adults (35-64),F,United States,Washington,Bikes,Road Bikes,"Road-750 Black, 48",2,344,540,154,688,842
64992,2012-06-29,29,June,2012,20,Youth (<25),F,Australia,Queensland,Bikes,Road Bikes,"Road-750 Black, 44",2,344,540,219,688,907
58618,2012-06-29,29,June,2012,43,Adults (35-64),M,United Kingdom,England,Bikes,Road Bikes,"Road-550-W Yellow, 48",2,713,1120,724,1426,2150
50360,2012-06-29,29,June,2012,54,Adults (35-64),F,Australia,Queensland,Bikes,Mountain Bikes,"Mountain-200 Black, 42",2,1252,2295,1352,2504,3856
64828,2012-06-29,29,June,2012,29,Young Adults (25-34),F,United States,Oregon,Bikes,Road Bikes,"Road-550-W Yellow, 38",2,713,1120,500,1426,1926
52854,2012-06-29,29,June,2012,54,Adults (35-64),M,Australia,Victoria,Bikes,Mountain Bikes,"Mountain-200 Black, 38",2,1252,2295,1122,2504,3626
68578,2012-06-29,29,June,2012,18,Youth (<25),F,Canada,British Columbia,Bikes,Road Bikes,"Road-150 Red, 52",2,2171,3578,2742,4342,7084
63764,2012-06-30,30,June,2012,28,Young Adults (25-34),F,Germany,Hessen,Bikes,Road Bikes,"Road-250 Black, 44",2,1555,2443,1434,3110,4544
63194,2012-06-30,30,June,2012,40,Adults (35-64),F,France,Yveline,Bikes,Road Bikes,"Road-350-W Yellow, 40",2,1083,1701,420,2166,2586
66664,2012-06-30,30,June,2012,20,Youth (<25),M,Australia,Queensland,Bikes,Road Bikes,"Road-750 Black, 44",2,344,540,219,688,907
57328,2012-06-30,30,June,2012,62,Adults (35-64),M,United States,California,Bikes,Mountain Bikes,"Mountain-100 Silver, 38",2,1912,3400,2840,3824,6664
58564,2012-06-30,30,June,2012,58,Adults (35-64),F,United States,California,Bikes,Road Bikes,"Road-150 Red, 56",2,2171,3578,2671,4342,7013
49644,2012-06-30,30,June,2012,17,Youth (<25),M,Australia,New South Wales,Bikes,Mountain Bikes,"Mountain-200 Black, 46",2,1252,2295,1489,2504,3993
61706,2012-07-01,1,July,2012,23,Youth (<25),F,Germany,Hamburg,Bikes,Road Bikes,"Road-350-W Yellow, 40",2,1083,1701,998,2166,3164
62352,2012-07-01,1,July,2012,55,Adults (35-64),F,Germany,Saarland,Bikes,Road Bikes,"Road-350-W Yellow, 40",2,1083,1701,624,2166,2790
52966,2012-07-01,1,July,2012,24,Youth (<25),F,Australia,New South Wales,Bikes,Mountain Bikes,"Mountain-200 Black, 46",2,1252,2295,1489,2504,3993
51054,2012-07-01,1,July,2012,17,Youth (<25),F,Australia,New South Wales,Bikes,Mountain Bikes,"Mountain-500 Black, 52",2,295,540,350,590,940
65444,2012-07-01,1,July,2012,35,Adults (35-64),M,Australia,New South Wales,Bikes,Road Bikes,"Road-350-W Yellow, 42",2,1083,1701,794,2166,2960
60586,2012-07-01,1,July,2012,23,Youth (<25),M,United States,Washington,Bikes,Road Bikes,"Road-750 Black, 52",2,344,540,154,688,842
64166,2012-07-01,1,July,2012,44,Adults (35-64),M,Germany,Hamburg,Bikes,Road Bikes,"Road-650 Red, 62",2,487,783,482,974,1456
52948,2012-07-01,1,July,2012,23,Youth (<25),F,Australia,New South Wales,Bikes,Mountain Bikes,"Mountain-200 Silver, 42",2,1266,2320,1505,2532,4037
68072,2012-07-02,2,July,2012,43,Adults (35-64),F,United Kingdom,England,Bikes,Road Bikes,"Road-750 Black, 52",2,344,540,349,688,1037
65958,2012-07-02,2,July,2012,33,Young Adults (25-34),M,United States,California,Bikes,Road Bikes,"Road-750 Black, 48",2,344,540,370,688,1058
62658,2012-07-02,2,July,2012,39,Adults (35-64),F,Germany,Saarland,Bikes,Road Bikes,"Road-350-W Yellow, 48",2,1083,1701,624,2166,2790
70482,2012-07-03,3,July,2012,52,Adults (35-64),F,United States,California,Bikes,Road Bikes,"Road-150 Red, 56",2,2171,3578,2671,4342,7013
65562,2012-07-03,3,July,2012,37,Adults (35-64),M,Australia,South Australia,Bikes,Road Bikes,"Road-250 Black, 48",2,1555,2443,897,3110,4007
71522,2012-07-03,3,July,2012,17,Youth (<25),F,United States,California,Bikes,Road Bikes,"Road-750 Black, 52",2,344,540,370,688,1058
58478,2012-07-03,3,July,2012,52,Adults (35-64),M,United States,California,Bikes,Road Bikes,"Road-150 Red, 52",2,2171,3578,2671,4342,7013
70368,2012-07-03,3,July,2012,30,Young Adults (25-34),M,Australia,New South Wales,Bikes,Road Bikes,"Road-750 Black, 44",2,344,540,252,688,940
59470,2012-07-03,3,July,2012,20,Youth (<25),M,United States,California,Bikes,Road Bikes,"Road-550-W Yellow, 38",2,713,1120,769,1426,2195
58890,2012-07-03,3,July,2012,22,Youth (<25),M,United States,California,Bikes,Road Bikes,"Road-250 Red, 44",2,1519,2443,1750,3038,4788
65408,2012-07-03,3,July,2012,28,Young Adults (25-34),F,Australia,Victoria,Bikes,Road Bikes,"Road-250 Black, 48",2,1555,2443,750,3110,3860
50902,2012-07-03,3,July,2012,39,Adults (35-64),M,Canada,British Columbia,Bikes,Mountain Bikes,"Mountain-200 Black, 38",2,1252,2295,2040,2504,4544
67920,2012-07-03,3,July,2012,51,Adults (35-64),F,United States,California,Bikes,Road Bikes,"Road-750 Black, 44",2,344,540,370,688,1058
60416,2012-07-03,3,July,2012,56,Adults (35-64),F,Germany,Saarland,Bikes,Road Bikes,"Road-250 Black, 48",2,1555,2443,897,3110,4007
58852,2012-07-03,3,July,2012,28,Young Adults (25-34),F,United States,Oregon,Bikes,Road Bikes,"Road-250 Red, 52",2,1519,2443,1164,3038,4202
69602,2012-07-03,3,July,2012,40,Adults (35-64),M,Australia,Victoria,Bikes,Road Bikes,"Road-550-W Yellow, 40",2,713,1120,344,1426,1770
64746,2012-07-04,4,July,2012,46,Adults (35-64),F,Germany,Saarland,Bikes,Road Bikes,"Road-650 Red, 62",2,487,783,310,974,1284
58620,2012-07-04,4,July,2012,43,Adults (35-64),M,United Kingdom,England,Bikes,Road Bikes,"Road-550-W Yellow, 48",2,713,1120,724,1426,2150
60220,2012-07-04,4,July,2012,47,Adults (35-64),F,Germany,Hessen,Bikes,Road Bikes,"Road-250 Black, 48",2,1555,2443,1434,3110,4544
58892,2012-07-04,4,July,2012,22,Youth (<25),M,United States,California,Bikes,Road Bikes,"Road-250 Red, 44",2,1519,2443,1750,3038,4788
65514,2012-07-04,4,July,2012,36,Adults (35-64),F,Australia,Queensland,Bikes,Road Bikes,"Road-350-W Yellow, 44",2,1083,1701,692,2166,2858
53284,2012-07-04,4,July,2012,36,Adults (35-64),M,Canada,British Columbia,Bikes,Mountain Bikes,"Mountain-400-W Silver, 40",2,420,769,683,840,1523
60588,2012-07-04,4,July,2012,23,Youth (<25),M,United States,Washington,Bikes,Road Bikes,"Road-750 Black, 52",2,344,540,154,688,842
64942,2012-07-04,4,July,2012,40,Adults (35-64),M,United States,California,Bikes,Road Bikes,"Road-550-W Yellow, 42",2,713,1120,769,1426,2195
63238,2012-07-04,4,July,2012,43,Adults (35-64),F,France,Seine Saint Denis,Bikes,Road Bikes,"Road-250 Red, 48",2,1519,2443,969,3038,4007
61540,2012-07-05,5,July,2012,24,Youth (<25),M,Canada,British Columbia,Bikes,Road Bikes,"Road-350-W Yellow, 48",2,1083,1701,1202,2166,3368
68036,2012-07-05,5,July,2012,31,Young Adults (25-34),M,France,Seine (Paris),Bikes,Road Bikes,"Road-750 Black, 58",2,344,540,198,688,886
68882,2012-07-05,5,July,2012,24,Youth (<25),F,Canada,British Columbia,Bikes,Road Bikes,"Road-250 Black, 48",2,1555,2443,1727,3110,4837
68806,2012-07-05,5,July,2012,48,Adults (35-64),F,Canada,British Columbia,Bikes,Road Bikes,"Road-750 Black, 58",2,344,540,381,688,1069
49830,2012-07-05,5,July,2012,25,Young Adults (25-34),M,Germany,Saarland,Bikes,Mountain Bikes,"Mountain-200 Silver, 46",2,1266,2320,1273,2532,3805
61336,2012-07-05,5,July,2012,45,Adults (35-64),F,France,Yveline,Bikes,Road Bikes,"Road-350-W Yellow, 40",2,1083,1701,420,2166,2586
51050,2012-07-05,5,July,2012,17,Youth (<25),M,Australia,Queensland,Bikes,Mountain Bikes,"Mountain-200 Black, 46",2,1252,2295,1352,2504,3856
61090,2012-07-05,5,July,2012,40,Adults (35-64),F,United States,Washington,Bikes,Road Bikes,"Road-250 Black, 44",2,1555,2443,701,3110,3811
59158,2012-07-05,5,July,2012,23,Youth (<25),M,United Kingdom,England,Bikes,Road Bikes,"Road-250 Red, 58",2,1555,2443,1581,3110,4691
68670,2012-07-05,5,July,2012,26,Young Adults (25-34),M,Canada,British Columbia,Bikes,Road Bikes,"Road-150 Red, 56",2,2171,3578,2742,4342,7084
50774,2012-07-06,6,July,2012,24,Youth (<25),M,Australia,Victoria,Bikes,Mountain Bikes,"Mountain-200 Black, 42",2,1252,2295,1122,2504,3626
65446,2012-07-06,6,July,2012,35,Adults (35-64),M,Australia,New South Wales,Bikes,Road Bikes,"Road-350-W Yellow, 42",2,1083,1701,794,2166,2960
69366,2012-07-06,6,July,2012,19,Youth (<25),F,Australia,Queensland,Bikes,Road Bikes,"Road-750 Black, 52",2,344,540,219,688,907
66416,2012-07-06,6,July,2012,28,Young Adults (25-34),M,Canada,British Columbia,Bikes,Road Bikes,"Road-550-W Yellow, 44",2,713,1120,792,1426,2218
62608,2012-07-06,6,July,2012,24,Youth (<25),M,France,Essonne,Bikes,Road Bikes,"Road-350-W Yellow, 42",2,1083,1701,1100,2166,3266
68290,2012-07-06,6,July,2012,20,Youth (<25),F,Australia,New South Wales,Bikes,Road Bikes,"Road-750 Black, 58",2,344,540,252,688,940
65886,2012-07-06,6,July,2012,27,Young Adults (25-34),F,United States,California,Bikes,Road Bikes,"Road-750 Black, 58",2,344,540,370,688,1058
54948,2012-07-06,6,July,2012,20,Youth (<25),M,United Kingdom,England,Bikes,Mountain Bikes,"Mountain-400-W Silver, 40",2,420,769,636,840,1476
70062,2012-07-06,6,July,2012,39,Adults (35-64),F,United Kingdom,England,Bikes,Road Bikes,"Road-750 Black, 48",2,344,540,349,688,1037
61722,2012-07-06,6,July,2012,25,Young Adults (25-34),M,France,Yveline,Bikes,Road Bikes,"Road-250 Black, 48",2,1555,2443,603,3110,3713
68432,2012-07-06,6,July,2012,28,Young Adults (25-34),M,Australia,Victoria,Bikes,Road Bikes,"Road-350-W Yellow, 42",2,1083,1701,522,2166,2688
51060,2012-07-07,7,July,2012,18,Youth (<25),M,Australia,Victoria,Bikes,Mountain Bikes,"Mountain-500 Silver, 44",2,308,565,277,616,893
60216,2012-07-07,7,July,2012,51,Adults (35-64),M,Germany,Nordrhein-Westfalen,Bikes,Road Bikes,"Road-250 Black, 58",2,1555,2443,1141,3110,4251
59130,2012-07-07,7,July,2012,51,Adults (35-64),F,Germany,Saarland,Bikes,Road Bikes,"Road-750 Black, 44",2,344,540,198,688,886
58894,2012-07-07,7,July,2012,22,Youth (<25),M,United States,California,Bikes,Road Bikes,"Road-250 Red, 44",2,1519,2443,1750,3038,4788
59430,2012-07-07,7,July,2012,19,Youth (<25),M,United States,California,Bikes,Road Bikes,"Road-550-W Yellow, 42",2,713,1120,769,1426,2195
61560,2012-07-07,7,July,2012,50,Adults (35-64),F,United States,Washington,Bikes,Road Bikes,"Road-350-W Yellow, 42",2,1083,1701,488,2166,2654
68688,2012-07-07,7,July,2012,25,Young Adults (25-34),F,Canada,Alberta,Bikes,Road Bikes,"Road-750 Black, 58",2,344,540,392,688,1080
53742,2012-07-07,7,July,2012,22,Youth (<25),M,Australia,New South Wales,Bikes,Mountain Bikes,"Mountain-200 Black, 42",2,1252,2295,1489,2504,3993
55890,2012-07-07,7,July,2012,21,Youth (<25),F,Australia,New South Wales,Bikes,Mountain Bikes,"Mountain-200 Black, 42",2,1252,2295,1489,2504,3993
67228,2012-07-08,8,July,2012,36,Adults (35-64),F,Australia,New South Wales,Bikes,Road Bikes,"Road-350-W Yellow, 40",2,1083,1701,794,2166,2960
63252,2012-07-08,8,July,2012,44,Adults (35-64),M,United Kingdom,England,Bikes,Road Bikes,"Road-550-W Yellow, 48",2,713,1120,724,1426,2150
64432,2012-07-08,8,July,2012,38,Adults (35-64),M,United States,Washington,Bikes,Road Bikes,"Road-250 Black, 44",2,1555,2443,701,3110,3811
67094,2012-07-08,8,July,2012,29,Young Adults (25-34),M,Australia,Queensland,Bikes,Road Bikes,"Road-250 Black, 52",2,1555,2443,994,3110,4104
51408,2012-07-08,8,July,2012,39,Adults (35-64),F,Canada,British Columbia,Bikes,Mountain Bikes,"Mountain-200 Silver, 42",2,1266,2320,2062,2532,4594
71128,2012-07-08,8,July,2012,22,Youth (<25),M,Canada,Alberta,Bikes,Road Bikes,"Road-150 Red, 48",2,2171,3578,2814,4342,7156
50776,2012-07-09,9,July,2012,24,Youth (<25),M,Australia,Victoria,Bikes,Mountain Bikes,"Mountain-200 Black, 42",2,1252,2295,1122,2504,3626
67366,2012-07-09,9,July,2012,22,Youth (<25),F,United States,California,Bikes,Road Bikes,"Road-750 Black, 44",2,344,540,370,688,1058
57678,2012-07-09,9,July,2012,43,Adults (35-64),F,United States,California,Bikes,Mountain Bikes,"Mountain-200 Silver, 42",2,1266,2320,2015,2532,4547
57336,2012-07-09,9,July,2012,48,Adults (35-64),M,United States,Washington,Bikes,Mountain Bikes,"Mountain-200 Silver, 46",2,1266,2320,1087,2532,3619
58862,2012-07-09,9,July,2012,22,Youth (<25),F,United States,Oregon,Bikes,Road Bikes,"Road-250 Black, 44",2,1555,2443,1092,3110,4202
64170,2012-07-10,10,July,2012,44,Adults (35-64),M,Germany,Hessen,Bikes,Road Bikes,"Road-650 Red, 52",2,487,783,482,974,1456
59432,2012-07-10,10,July,2012,19,Youth (<25),M,United States,California,Bikes,Road Bikes,"Road-550-W Yellow, 42",2,713,1120,769,1426,2195
70628,2012-07-10,10,July,2012,41,Adults (35-64),M,Australia,New South Wales,Bikes,Road Bikes,"Road-750 Black, 48",2,344,540,252,688,940
58820,2012-07-10,10,July,2012,28,Young Adults (25-34),M,United States,California,Bikes,Road Bikes,"Road-150 Red, 62",2,2171,3578,2671,4342,7013
64456,2012-07-10,10,July,2012,29,Young Adults (25-34),F,Australia,Queensland,Bikes,Road Bikes,"Road-250 Black, 44",2,1555,2443,994,3110,4104
65586,2012-07-10,10,July,2012,33,Young Adults (25-34),F,Australia,New South Wales,Bikes,Road Bikes,"Road-250 Black, 52",2,1555,2443,1141,3110,4251
61598,2012-07-10,10,July,2012,41,Adults (35-64),M,United Kingdom,England,Bikes,Road Bikes,"Road-250 Red, 48",2,1519,2443,1653,3038,4691
60762,2012-07-11,11,July,2012,18,Youth (<25),F,United States,California,Bikes,Road Bikes,"Road-650 Black, 62",2,487,783,561,974,1535
59728,2012-07-11,11,July,2012,23,Youth (<25),M,United States,California,Bikes,Road Bikes,"Road-550-W Yellow, 42",2,713,1120,769,1426,2195
53018,2012-07-11,11,July,2012,23,Youth (<25),F,United States,California,Bikes,Mountain Bikes,"Mountain-400-W Silver, 38",2,420,769,667,840,1507
62010,2012-07-11,11,July,2012,26,Young Adults (25-34),F,United Kingdom,England,Bikes,Road Bikes,"Road-350-W Yellow, 44",2,1083,1701,1100,2166,3266
49646,2012-07-11,11,July,2012,17,Youth (<25),M,Australia,New South Wales,Bikes,Mountain Bikes,"Mountain-200 Black, 46",2,1252,2295,1489,2504,3993
65602,2012-07-11,11,July,2012,33,Young Adults (25-34),M,Australia,Victoria,Bikes,Road Bikes,"Road-250 Black, 52",2,1555,2443,750,3110,3860
62662,2012-07-11,11,July,2012,40,Adults (35-64),F,Germany,Saarland,Bikes,Road Bikes,"Road-250 Red, 58",2,1555,2443,897,3110,4007
68434,2012-07-11,11,July,2012,28,Young Adults (25-34),M,Australia,Victoria,Bikes,Road Bikes,"Road-350-W Yellow, 42",2,1083,1701,522,2166,2688
70474,2012-07-11,11,July,2012,53,Adults (35-64),F,United States,California,Bikes,Road Bikes,"Road-150 Red, 44",2,2171,3578,2671,4342,7013
64164,2012-07-11,11,July,2012,43,Adults (35-64),M,Germany,Bayern,Bikes,Road Bikes,"Road-650 Black, 48",2,487,783,576,974,1550
57340,2012-07-11,11,July,2012,17,Youth (<25),M,United States,Oregon,Bikes,Mountain Bikes,"Mountain-200 Black, 42",2,1252,2295,1443,2504,3947
61932,2012-07-11,11,July,2012,23,Youth (<25),F,United States,Washington,Bikes,Road Bikes,"Road-150 Red, 48",2,2171,3578,1240,4342,5582
59698,2012-07-12,12,July,2012,23,Youth (<25),F,United States,California,Bikes,Road Bikes,"Road-550-W Yellow, 42",2,713,1120,769,1426,2195
58916,2012-07-12,12,July,2012,21,Youth (<25),M,United States,Oregon,Bikes,Road Bikes,"Road-250 Black, 58",2,1555,2443,1092,3110,4202
64136,2012-07-12,12,July,2012,42,Adults (35-64),M,Germany,Nordrhein-Westfalen,Bikes,Road Bikes,"Road-650 Black, 48",2,487,783,388,974,1362
57344,2012-07-12,12,July,2012,43,Adults (35-64),M,United States,Washington,Bikes,Mountain Bikes,"Mountain-200 Black, 42",2,1252,2295,1076,2504,3580
61766,2012-07-12,12,July,2012,50,Adults (35-64),M,United States,California,Bikes,Road Bikes,"Road-350-W Yellow, 42",2,1083,1701,1168,2166,3334
69184,2012-07-12,12,July,2012,45,Adults (35-64),F,United Kingdom,England,Bikes,Road Bikes,"Road-750 Black, 48",2,344,540,349,688,1037
51224,2012-07-12,12,July,2012,26,Young Adults (25-34),F,Australia,New South Wales,Bikes,Mountain Bikes,"Mountain-200 Black, 46",2,1252,2295,1489,2504,3993
60424,2012-07-12,12,July,2012,29,Young Adults (25-34),M,United States,Oregon,Bikes,Road Bikes,"Road-650 Black, 44",2,487,783,373,974,1347
60280,2012-07-13,13,July,2012,32,Young Adults (25-34),F,United States,California,Bikes,Road Bikes,"Road-650 Red, 62",2,487,783,561,974,1535
58924,2012-07-13,13,July,2012,34,Young Adults (25-34),F,United States,Oregon,Bikes,Road Bikes,"Road-250 Red, 48",2,1519,2443,1164,3038,4202
63278,2012-07-13,13,July,2012,47,Adults (35-64),M,France,Seine Saint Denis,Bikes,Road Bikes,"Road-550-W Yellow, 42",2,713,1120,411,1426,1837
58938,2012-07-13,13,July,2012,55,Adults (35-64),M,United States,California,Bikes,Road Bikes,"Road-250 Red, 48",2,1519,2443,1750,3038,4788
70546,2012-07-13,13,July,2012,31,Young Adults (25-34),M,United States,California,Bikes,Road Bikes,"Road-150 Red, 62",2,2171,3578,2671,4342,7013
57534,2012-07-13,13,July,2012,29,Young Adults (25-34),M,United States,California,Bikes,Mountain Bikes,"Mountain-200 Black, 38",2,1252,2295,1994,2504,4498
54910,2012-07-13,13,July,2012,31,Young Adults (25-34),F,United Kingdom,England,Bikes,Mountain Bikes,"Mountain-200 Silver, 46",2,1266,2320,1922,2532,4454
71282,2012-07-13,13,July,2012,30,Young Adults (25-34),M,United States,California,Bikes,Road Bikes,"Road-150 Red, 48",2,2171,3578,2671,4342,7013
51158,2012-07-13,13,July,2012,22,Youth (<25),F,Australia,New South Wales,Bikes,Mountain Bikes,"Mountain-200 Black, 46",2,1252,2295,1489,2504,3993
65928,2012-07-13,13,July,2012,33,Young Adults (25-34),F,United States,Oregon,Bikes,Road Bikes,"Road-550-W Yellow, 38",2,713,1120,500,1426,1926
55728,2012-07-13,13,July,2012,22,Youth (<25),M,United Kingdom,England,Bikes,Mountain Bikes,"Mountain-500 Silver, 40",2,308,565,469,616,1085
65780,2012-07-13,13,July,2012,41,Adults (35-64),F,United Kingdom,England,Bikes,Road Bikes,"Road-550-W Yellow, 40",2,713,1120,724,1426,2150
51112,2012-07-14,14,July,2012,37,Adults (35-64),F,France,Essonne,Bikes,Mountain Bikes,"Mountain-200 Black, 42",2,1252,2295,1902,2504,4406
51534,2012-07-14,14,July,2012,22,Youth (<25),M,United States,California,Bikes,Mountain Bikes,"Mountain-400-W Silver, 38",2,420,769,667,840,1507
65858,2012-07-14,14,July,2012,29,Young Adults (25-34),M,United States,Washington,Bikes,Road Bikes,"Road-750 Black, 48",2,344,540,154,688,842
65550,2012-07-14,14,July,2012,68,Seniors (64+),F,Australia,New South Wales,Bikes,Road Bikes,"Road-350-W Yellow, 42",2,1083,1701,794,2166,2960
65516,2012-07-14,14,July,2012,36,Adults (35-64),F,Australia,Queensland,Bikes,Road Bikes,"Road-350-W Yellow, 44",2,1083,1701,692,2166,2858
67910,2012-07-14,14,July,2012,51,Adults (35-64),M,United States,Washington,Bikes,Road Bikes,"Road-750 Black, 44",2,344,540,154,688,842
64254,2012-07-14,14,July,2012,28,Young Adults (25-34),F,United States,Washington,Bikes,Road Bikes,"Road-550-W Yellow, 44",2,713,1120,321,1426,1747
68808,2012-07-14,14,July,2012,48,Adults (35-64),F,Canada,British Columbia,Bikes,Road Bikes,"Road-750 Black, 58",2,344,540,381,688,1069
54448,2012-07-14,14,July,2012,31,Young Adults (25-34),F,United States,California,Bikes,Mountain Bikes,"Mountain-200 Black, 38",2,1252,2295,1994,2504,4498
60260,2012-07-14,14,July,2012,24,Youth (<25),F,United States,Washington,Bikes,Road Bikes,"Road-650 Black, 48",2,487,783,247,974,1221
60590,2012-07-15,15,July,2012,23,Youth (<25),M,United States,Washington,Bikes,Road Bikes,"Road-750 Black, 52",2,344,540,154,688,842
60764,2012-07-15,15,July,2012,18,Youth (<25),F,United States,California,Bikes,Road Bikes,"Road-650 Black, 62",2,487,783,561,974,1535
59152,2012-07-15,15,July,2012,23,Youth (<25),M,France,Nord,Bikes,Road Bikes,"Road-150 Red, 56",2,2171,3578,1884,4342,6226
65904,2012-07-15,15,July,2012,30,Young Adults (25-34),M,Canada,British Columbia,Bikes,Road Bikes,"Road-750 Black, 52",2,344,540,381,688,1069
50756,2012-07-16,16,July,2012,21,Youth (<25),M,Australia,South Australia,Bikes,Mountain Bikes,"Mountain-200 Black, 46",2,1252,2295,1260,2504,3764
67822,2012-07-16,16,July,2012,35,Adults (35-64),M,Australia,Victoria,Bikes,Road Bikes,"Road-550-W Yellow, 44",2,713,1120,344,1426,1770
50770,2012-07-16,16,July,2012,22,Youth (<25),F,Australia,Victoria,Bikes,Mountain Bikes,"Mountain-200 Silver, 38",2,1266,2320,1134,2532,3666
58860,2012-07-16,16,July,2012,22,Youth (<25),M,United States,Oregon,Bikes,Road Bikes,"Road-250 Red, 44",2,1519,2443,1164,3038,4202
58332,2012-07-16,16,July,2012,46,Adults (35-64),M,France,Seine Saint Denis,Bikes,Road Bikes,"Road-750 Black, 44",2,344,540,198,688,886
63244,2012-07-16,16,July,2012,43,Adults (35-64),F,France,Nord,Bikes,Road Bikes,"Road-650 Red, 48",2,487,783,388,974,1362
70698,2012-07-17,17,July,2012,30,Young Adults (25-34),F,Canada,British Columbia,Bikes,Road Bikes,"Road-150 Red, 56",2,2171,3578,2742,4342,7084
62500,2012-07-17,17,July,2012,29,Young Adults (25-34),M,France,Seine (Paris),Bikes,Road Bikes,"Road-250 Red, 58",2,1555,2443,897,3110,4007
58402,2012-07-17,17,July,2012,32,Young Adults (25-34),F,United States,Washington,Bikes,Road Bikes,"Road-150 Red, 48",2,2171,3578,1240,4342,5582
69360,2012-07-17,17,July,2012,19,Youth (<25),M,Australia,Queensland,Bikes,Road Bikes,"Road-750 Black, 48",2,344,540,219,688,907
60504,2012-07-17,17,July,2012,25,Young Adults (25-34),M,Germany,Hamburg,Bikes,Road Bikes,"Road-150 Red, 62",2,2171,3578,2313,4342,6655
59504,2012-07-17,17,July,2012,19,Youth (<25),F,United States,California,Bikes,Road Bikes,"Road-350-W Yellow, 42",2,1083,1701,1168,2166,3334
65574,2012-07-17,17,July,2012,33,Young Adults (25-34),M,Australia,New South Wales,Bikes,Road Bikes,"Road-350-W Yellow, 48",2,1083,1701,794,2166,2960
61562,2012-07-17,17,July,2012,50,Adults (35-64),F,United States,Washington,Bikes,Road Bikes,"Road-350-W Yellow, 42",2,1083,1701,488,2166,2654
58918,2012-07-17,17,July,2012,21,Youth (<25),M,United States,California,Bikes,Road Bikes,"Road-250 Black, 48",2,1555,2443,1678,3110,4788
53118,2012-07-17,17,July,2012,46,Adults (35-64),F,United States,California,Bikes,Mountain Bikes,"Mountain-400-W Silver, 40",2,420,769,667,840,1507
60592,2012-07-17,17,July,2012,23,Youth (<25),M,United States,Washington,Bikes,Road Bikes,"Road-750 Black, 52",2,344,540,154,688,842
70548,2012-07-18,18,July,2012,31,Young Adults (25-34),M,United States,California,Bikes,Road Bikes,"Road-150 Red, 62",2,2171,3578,2671,4342,7013
70838,2012-07-18,18,July,2012,32,Young Adults (25-34),F,Canada,British Columbia,Bikes,Road Bikes,"Road-150 Red, 52",2,2171,3578,2742,4342,7084
63996,2012-07-18,18,July,2012,56,Adults (35-64),F,United States,California,Bikes,Road Bikes,"Road-550-W Yellow, 44",2,713,1120,769,1426,2195
58002,2012-07-18,18,July,2012,38,Adults (35-64),M,France,Yveline,Bikes,Mountain Bikes,"Mountain-200 Black, 38",2,1252,2295,984,2504,3488
54278,2012-07-18,18,July,2012,18,Youth (<25),F,Australia,New South Wales,Bikes,Mountain Bikes,"Mountain-200 Silver, 38",2,1266,2320,1505,2532,4037
49648,2012-07-18,18,July,2012,17,Youth (<25),M,Australia,New South Wales,Bikes,Mountain Bikes,"Mountain-200 Black, 46",2,1252,2295,1489,2504,3993
64244,2012-07-18,18,July,2012,25,Young Adults (25-34),F,Australia,Queensland,Bikes,Road Bikes,"Road-250 Black, 58",2,1555,2443,994,3110,4104
70550,2012-07-19,19,July,2012,31,Young Adults (25-34),M,United States,California,Bikes,Road Bikes,"Road-150 Red, 62",2,2171,3578,2671,4342,7013
59414,2012-07-19,19,July,2012,19,Youth (<25),F,United States,Oregon,Bikes,Road Bikes,"Road-550-W Yellow, 44",2,713,1120,500,1426,1926
55462,2012-07-19,19,July,2012,26,Young Adults (25-34),M,Australia,New South Wales,Bikes,Mountain Bikes,"Mountain-400-W Silver, 46",2,420,769,498,840,1338
54762,2012-07-19,19,July,2012,36,Adults (35-64),F,Canada,British Columbia,Bikes,Mountain Bikes,"Mountain-500 Black, 44",2,295,540,479,590,1069
65846,2012-07-19,19,July,2012,27,Young Adults (25-34),F,Canada,British Columbia,Bikes,Road Bikes,"Road-550-W Yellow, 48",2,713,1120,792,1426,2218
64138,2012-07-19,19,July,2012,42,Adults (35-64),M,Germany,Nordrhein-Westfalen,Bikes,Road Bikes,"Road-650 Black, 48",2,487,783,388,974,1362
59688,2012-07-19,19,July,2012,23,Youth (<25),M,United States,Oregon,Bikes,Road Bikes,"Road-350-W Yellow, 42",2,1083,1701,760,2166,2926
58798,2012-07-19,19,July,2012,31,Young Adults (25-34),M,France,Yveline,Bikes,Road Bikes,"Road-150 Red, 52",2,2171,3578,1097,4342,5439
52950,2012-07-20,20,July,2012,23,Youth (<25),F,Australia,New South Wales,Bikes,Mountain Bikes,"Mountain-200 Silver, 42",2,1266,2320,1505,2532,4037
62702,2012-07-20,20,July,2012,27,Young Adults (25-34),M,Australia,New South Wales,Bikes,Road Bikes,"Road-250 Black, 52",2,1555,2443,1141,3110,4251
69974,2012-07-20,20,July,2012,29,Young Adults (25-34),M,France,Seine et Marne,Bikes,Road Bikes,"Road-550-W Yellow, 42",2,713,1120,411,1426,1837
58896,2012-07-20,20,July,2012,22,Youth (<25),M,United States,California,Bikes,Road Bikes,"Road-250 Red, 44",2,1519,2443,1750,3038,4788
64830,2012-07-20,20,July,2012,29,Young Adults (25-34),F,United States,Oregon,Bikes,Road Bikes,"Road-550-W Yellow, 38",2,713,1120,500,1426,1926
68690,2012-07-20,20,July,2012,28,Young Adults (25-34),F,Canada,British Columbia,Bikes,Road Bikes,"Road-250 Red, 48",2,1519,2443,1799,3038,4837
58436,2012-07-20,20,July,2012,20,Youth (<25),M,United States,Oregon,Bikes,Road Bikes,"Road-150 Red, 48",2,2171,3578,1812,4342,6154
59286,2012-07-20,20,July,2012,29,Young Adults (25-34),M,France,Hauts de Seine,Bikes,Road Bikes,"Road-150 Red, 62",2,2171,3578,2313,4342,6655
60240,2012-07-20,20,July,2012,54,Adults (35-64),F,United States,California,Bikes,Road Bikes,"Road-650 Red, 62",2,487,783,561,974,1535
60626,2012-07-20,20,July,2012,31,Young Adults (25-34),F,United States,California,Bikes,Road Bikes,"Road-650 Black, 62",2,487,783,561,974,1535
70552,2012-07-21,21,July,2012,31,Young Adults (25-34),M,United States,California,Bikes,Road Bikes,"Road-150 Red, 62",2,2171,3578,2671,4342,7013
54950,2012-07-21,21,July,2012,20,Youth (<25),M,United Kingdom,England,Bikes,Mountain Bikes,"Mountain-400-W Silver, 40",2,420,769,636,840,1476
69484,2012-07-21,21,July,2012,51,Adults (35-64),F,Canada,British Columbia,Bikes,Road Bikes,"Road-550-W Yellow, 42",2,713,1120,792,1426,2218
51410,2012-07-21,21,July,2012,39,Adults (35-64),F,Canada,British Columbia,Bikes,Mountain Bikes,"Mountain-200 Silver, 42",2,1266,2320,2062,2532,4594
67922,2012-07-21,21,July,2012,51,Adults (35-64),F,United States,California,Bikes,Road Bikes,"Road-750 Black, 44",2,344,540,370,688,1058
65370,2012-07-21,21,July,2012,32,Young Adults (25-34),M,France,Nord,Bikes,Road Bikes,"Road-750 Black, 48",2,344,540,252,688,940
65480,2012-07-21,21,July,2012,35,Adults (35-64),F,Australia,New South Wales,Bikes,Road Bikes,"Road-350-W Yellow, 48",2,1083,1701,794,2166,2960
59116,2012-07-21,21,July,2012,53,Adults (35-64),F,France,Essonne,Bikes,Road Bikes,"Road-150 Red, 52",2,2171,3578,2528,4342,6870
60796,2012-07-21,21,July,2012,26,Young Adults (25-34),M,United Kingdom,England,Bikes,Road Bikes,"Road-250 Black, 44",2,1555,2443,1581,3110,4691
64970,2012-07-21,21,July,2012,18,Youth (<25),F,Australia,New South Wales,Bikes,Road Bikes,"Road-750 Black, 58",2,344,540,252,688,940
60594,2012-07-22,22,July,2012,23,Youth (<25),M,United States,Washington,Bikes,Road Bikes,"Road-750 Black, 52",2,344,540,154,688,842
65576,2012-07-22,22,July,2012,33,Young Adults (25-34),M,Australia,New South Wales,Bikes,Road Bikes,"Road-350-W Yellow, 48",2,1083,1701,794,2166,2960
68536,2012-07-22,22,July,2012,32,Young Adults (25-34),F,Australia,Victoria,Bikes,Road Bikes,"Road-550-W Yellow, 40",2,713,1120,344,1426,1770
60224,2012-07-22,22,July,2012,48,Adults (35-64),F,Germany,Hessen,Bikes,Road Bikes,"Road-250 Red, 48",2,1519,2443,1506,3038,4544
58822,2012-07-22,22,July,2012,28,Young Adults (25-34),M,United States,California,Bikes,Road Bikes,"Road-150 Red, 62",2,2171,3578,2671,4342,7013
58460,2012-07-22,22,July,2012,53,Adults (35-64),M,United States,California,Bikes,Road Bikes,"Road-150 Red, 56",2,2171,3578,2671,4342,7013
61934,2012-07-22,22,July,2012,23,Youth (<25),F,United States,Washington,Bikes,Road Bikes,"Road-150 Red, 48",2,2171,3578,1240,4342,5582
58858,2012-07-23,23,July,2012,20,Youth (<25),F,United States,Washington,Bikes,Road Bikes,"Road-250 Red, 52",2,1519,2443,773,3038,3811
70064,2012-07-23,23,July,2012,39,Adults (35-64),F,United Kingdom,England,Bikes,Road Bikes,"Road-750 Black, 48",2,344,540,349,688,1037
64594,2012-07-23,23,July,2012,55,Adults (35-64),F,United States,California,Bikes,Road Bikes,"Road-550-W Yellow, 48",2,713,1120,769,1426,2195
56328,2012-07-23,23,July,2012,29,Young Adults (25-34),F,United Kingdom,England,Bikes,Mountain Bikes,"Mountain-200 Silver, 42",2,1266,2320,1922,2532,4454
60414,2012-07-23,23,July,2012,57,Adults (35-64),M,Germany,Saarland,Bikes,Road Bikes,"Road-250 Red, 44",2,1519,2443,969,3038,4007
68402,2012-07-23,23,July,2012,38,Adults (35-64),M,United States,California,Bikes,Road Bikes,"Road-150 Red, 52",2,2171,3578,2671,4342,7013
53538,2012-07-23,23,July,2012,32,Young Adults (25-34),M,United Kingdom,England,Bikes,Mountain Bikes,"Mountain-500 Black, 44",2,295,540,447,590,1037
67132,2012-07-24,24,July,2012,28,Young Adults (25-34),F,Australia,New South Wales,Bikes,Road Bikes,"Road-250 Black, 52",2,1555,2443,1141,3110,4251
59356,2012-07-24,24,July,2012,34,Young Adults (25-34),M,France,Nord,Bikes,Road Bikes,"Road-250 Black, 44",2,1555,2443,1141,3110,4251
60798,2012-07-24,24,July,2012,26,Young Adults (25-34),M,United Kingdom,England,Bikes,Road Bikes,"Road-250 Black, 44",2,1555,2443,1581,3110,4691
67892,2012-07-24,24,July,2012,25,Young Adults (25-34),F,Australia,Victoria,Bikes,Road Bikes,"Road-350-W Yellow, 48",2,1083,1701,522,2166,2688
59136,2012-07-24,24,July,2012,48,Adults (35-64),M,France,Moselle,Bikes,Road Bikes,"Road-150 Red, 44",2,2171,3578,1955,4342,6297
59120,2012-07-24,24,July,2012,52,Adults (35-64),M,France,Seine (Paris),Bikes,Road Bikes,"Road-150 Red, 56",2,2171,3578,1526,4342,5868
60628,2012-07-25,25,July,2012,31,Young Adults (25-34),F,United States,California,Bikes,Road Bikes,"Road-650 Black, 62",2,487,783,561,974,1535
49822,2012-07-25,25,July,2012,24,Youth (<25),M,Germany,Saarland,Bikes,Mountain Bikes,"Mountain-200 Silver, 38",2,1266,2320,1273,2532,3805
69596,2012-07-25,25,July,2012,40,Adults (35-64),M,Australia,Tasmania,Bikes,Road Bikes,"Road-550-W Yellow, 44",2,713,1120,388,1426,1814
58870,2012-07-25,25,July,2012,23,Youth (<25),F,Canada,British Columbia,Bikes,Road Bikes,"Road-250 Red, 58",2,1555,2443,1727,3110,4837
51056,2012-07-25,25,July,2012,17,Youth (<25),F,Australia,South Australia,Bikes,Mountain Bikes,"Mountain-500 Black, 48",2,295,540,296,590,886
67010,2012-07-25,25,July,2012,51,Adults (35-64),F,United States,Washington,Bikes,Road Bikes,"Road-150 Red, 52",2,2171,3578,1240,4342,5582
49482,2012-07-25,25,July,2012,23,Youth (<25),M,United States,California,Bikes,Mountain Bikes,"Mountain-200 Silver, 38",2,1266,2320,2015,2532,4547
63766,2012-07-25,25,July,2012,28,Young Adults (25-34),F,Germany,Hessen,Bikes,Road Bikes,"Road-250 Black, 44",2,1555,2443,1434,3110,4544
60248,2012-07-25,25,July,2012,54,Adults (35-64),F,United States,Washington,Bikes,Road Bikes,"Road-650 Red, 58",2,487,783,247,974,1221
50760,2012-07-26,26,July,2012,21,Youth (<25),F,Australia,Queensland,Bikes,Mountain Bikes,"Mountain-200 Silver, 46",2,1266,2320,1366,2532,3898
67134,2012-07-26,26,July,2012,28,Young Adults (25-34),F,Australia,New South Wales,Bikes,Road Bikes,"Road-250 Black, 52",2,1555,2443,1141,3110,4251
59096,2012-07-26,26,July,2012,46,Adults (35-64),F,France,Hauts de Seine,Bikes,Road Bikes,"Road-150 Red, 56",2,2171,3578,2313,4342,6655
64718,2012-07-26,26,July,2012,42,Adults (35-64),M,United Kingdom,England,Bikes,Road Bikes,"Road-650 Red, 58",2,487,783,529,974,1503
70110,2012-07-26,26,July,2012,27,Young Adults (25-34),M,Canada,British Columbia,Bikes,Road Bikes,"Road-650 Red, 44",2,487,783,576,974,1550
60228,2012-07-27,27,July,2012,48,Adults (35-64),M,United Kingdom,England,Bikes,Road Bikes,"Road-250 Black, 58",2,1555,2443,1581,3110,4691
70554,2012-07-27,27,July,2012,31,Young Adults (25-34),M,United States,California,Bikes,Road Bikes,"Road-150 Red, 62",2,2171,3578,2671,4342,7013
68692,2012-07-27,27,July,2012,28,Young Adults (25-34),F,Canada,British Columbia,Bikes,Road Bikes,"Road-250 Red, 48",2,1519,2443,1799,3038,4837
60596,2012-07-27,27,July,2012,23,Youth (<25),M,United States,Washington,Bikes,Road Bikes,"Road-750 Black, 52",2,344,540,154,688,842
52614,2012-07-27,27,July,2012,20,Youth (<25),M,United States,California,Bikes,Mountain Bikes,"Mountain-500 Black, 44",2,295,540,468,590,1058
61664,2012-07-27,27,July,2012,31,Young Adults (25-34),F,Australia,New South Wales,Bikes,Road Bikes,"Road-150 Red, 62",2,2171,3578,1884,4342,6226
60032,2012-07-27,27,July,2012,23,Youth (<25),F,United Kingdom,England,Bikes,Road Bikes,"Road-150 Red, 56",2,2171,3578,2528,4342,6870
61936,2012-07-27,27,July,2012,23,Youth (<25),F,United States,Washington,Bikes,Road Bikes,"Road-150 Red, 48",2,2171,3578,1240,4342,5582
53142,2012-07-27,27,July,2012,46,Adults (35-64),M,United States,California,Bikes,Mountain Bikes,"Mountain-400-W Silver, 40",2,420,769,667,840,1507
61824,2012-07-27,27,July,2012,31,Young Adults (25-34),F,Australia,Queensland,Bikes,Road Bikes,"Road-150 Red, 62",2,2171,3578,1669,4342,6011
59434,2012-07-28,28,July,2012,19,Youth (<25),M,United States,California,Bikes,Road Bikes,"Road-550-W Yellow, 42",2,713,1120,769,1426,2195
65482,2012-07-28,28,July,2012,35,Adults (35-64),F,Australia,New South Wales,Bikes,Road Bikes,"Road-350-W Yellow, 48",2,1083,1701,794,2166,2960
62380,2012-07-28,28,July,2012,19,Youth (<25),M,Australia,New South Wales,Bikes,Road Bikes,"Road-550-W Yellow, 42",2,713,1120,523,1426,1949
61826,2012-07-28,28,July,2012,31,Young Adults (25-34),F,Australia,Queensland,Bikes,Road Bikes,"Road-150 Red, 62",2,2171,3578,1669,4342,6011
53754,2012-07-28,28,July,2012,24,Youth (<25),M,Australia,Queensland,Bikes,Mountain Bikes,"Mountain-200 Silver, 46",2,1266,2320,1366,2532,3898
66666,2012-07-29,29,July,2012,20,Youth (<25),M,Australia,Queensland,Bikes,Road Bikes,"Road-750 Black, 44",2,344,540,219,688,907
61700,2012-07-29,29,July,2012,24,Youth (<25),F,France,Yveline,Bikes,Road Bikes,"Road-150 Red, 44",2,2171,3578,1097,4342,5439
65930,2012-07-29,29,July,2012,33,Young Adults (25-34),F,United States,Oregon,Bikes,Road Bikes,"Road-550-W Yellow, 38",2,713,1120,500,1426,1926
59690,2012-07-29,29,July,2012,23,Youth (<25),M,United States,Oregon,Bikes,Road Bikes,"Road-350-W Yellow, 42",2,1083,1701,760,2166,2926
62776,2012-07-29,29,July,2012,34,Young Adults (25-34),F,Australia,Queensland,Bikes,Road Bikes,"Road-250 Red, 58",2,1555,2443,994,3110,4104
61600,2012-07-29,29,July,2012,41,Adults (35-64),M,United Kingdom,England,Bikes,Road Bikes,"Road-250 Red, 48",2,1519,2443,1653,3038,4691
65554,2012-07-30,30,July,2012,31,Young Adults (25-34),F,Australia,Victoria,Bikes,Road Bikes,"Road-250 Black, 58",2,1555,2443,750,3110,3860
70840,2012-07-30,30,July,2012,32,Young Adults (25-34),F,Canada,British Columbia,Bikes,Road Bikes,"Road-150 Red, 52",2,2171,3578,2742,4342,7084
58480,2012-07-30,30,July,2012,52,Adults (35-64),M,United States,California,Bikes,Road Bikes,"Road-150 Red, 52",2,2171,3578,2671,4342,7013
51254,2012-07-30,30,July,2012,24,Youth (<25),F,Germany,Nordrhein-Westfalen,Bikes,Mountain Bikes,"Mountain-200 Silver, 42",2,1266,2320,1505,2532,4037
70556,2012-07-30,30,July,2012,31,Young Adults (25-34),M,United States,California,Bikes,Road Bikes,"Road-150 Red, 62",2,2171,3578,2671,4342,7013
58926,2012-07-30,30,July,2012,34,Young Adults (25-34),F,United States,Oregon,Bikes,Road Bikes,"Road-250 Red, 48",2,1519,2443,1164,3038,4202
54500,2012-07-30,30,July,2012,31,Young Adults (25-34),M,United States,California,Bikes,Mountain Bikes,"Mountain-200 Silver, 38",2,1266,2320,2015,2532,4547
59160,2012-07-30,30,July,2012,23,Youth (<25),M,United Kingdom,England,Bikes,Road Bikes,"Road-250 Red, 58",2,1555,2443,1581,3110,4691
57710,2012-07-30,30,July,2012,39,Adults (35-64),F,United States,Oregon,Bikes,Mountain Bikes,"Mountain-200 Black, 42",2,1252,2295,1443,2504,3947
64500,2012-07-30,30,July,2012,28,Young Adults (25-34),F,Australia,Queensland,Bikes,Road Bikes,"Road-250 Black, 48",2,1555,2443,994,3110,4104
67136,2012-07-31,31,July,2012,28,Young Adults (25-34),F,Australia,New South Wales,Bikes,Road Bikes,"Road-250 Black, 52",2,1555,2443,1141,3110,4251
64140,2012-07-31,31,July,2012,42,Adults (35-64),M,Germany,Nordrhein-Westfalen,Bikes,Road Bikes,"Road-650 Black, 48",2,487,783,388,974,1362
50784,2012-07-31,31,July,2012,27,Young Adults (25-34),F,Australia,New South Wales,Bikes,Mountain Bikes,"Mountain-200 Silver, 46",2,1266,2320,1505,2532,4037
71284,2012-07-31,31,July,2012,30,Young Adults (25-34),M,United States,California,Bikes,Road Bikes,"Road-150 Red, 48",2,2171,3578,2671,4342,7013
49764,2012-07-31,31,July,2012,23,Youth (<25),M,Australia,New South Wales,Bikes,Mountain Bikes,"Mountain-200 Silver, 38",2,1266,2320,1505,2532,4037
55720,2012-07-31,31,July,2012,21,Youth (<25),M,United Kingdom,England,Bikes,Mountain Bikes,"Mountain-200 Silver, 42",2,1266,2320,1922,2532,4454
65430,2012-07-31,31,July,2012,27,Young Adults (25-34),F,Australia,Queensland,Bikes,Road Bikes,"Road-250 Red, 58",2,1555,2443,994,3110,4104
61938,2012-07-31,31,July,2012,23,Youth (<25),F,United States,Washington,Bikes,Road Bikes,"Road-150 Red, 48",2,2171,3578,1240,4342,5582
59754,2012-07-31,31,July,2012,53,Adults (35-64),F,United States,Washington,Bikes,Road Bikes,"Road-550-W Yellow, 44",2,713,1120,321,1426,1747
64368,2012-08-01,1,August,2012,26,Young Adults (25-34),M,Germany,Saarland,Bikes,Road Bikes,"Road-550-W Yellow, 42",2,713,1120,411,1426,1837
51098,2012-08-01,1,August,2012,20,Youth (<25),F,Australia,New South Wales,Bikes,Mountain Bikes,"Mountain-500 Silver, 48",2,308,565,367,616,983
60598,2012-08-01,1,August,2012,23,Youth (<25),M,United States,Washington,Bikes,Road Bikes,"Road-750 Black, 52",2,344,540,154,688,842
67938,2012-08-01,1,August,2012,45,Adults (35-64),F,United States,California,Bikes,Road Bikes,"Road-750 Black, 52",2,344,540,370,688,1058
69022,2012-08-01,1,August,2012,25,Young Adults (25-34),F,Canada,British Columbia,Bikes,Road Bikes,"Road-250 Red, 52",2,1519,2443,1799,3038,4837
51194,2012-08-01,1,August,2012,25,Young Adults (25-34),F,Australia,Victoria,Bikes,Mountain Bikes,"Mountain-200 Silver, 38",2,1266,2320,1134,2532,3666
71524,2012-08-01,1,August,2012,17,Youth (<25),F,United States,California,Bikes,Road Bikes,"Road-750 Black, 52",2,344,540,370,688,1058
57768,2012-08-01,1,August,2012,26,Young Adults (25-34),M,United States,Washington,Bikes,Mountain Bikes,"Mountain-200 Black, 46",2,1252,2295,1076,2504,3580
60536,2012-08-01,1,August,2012,27,Young Adults (25-34),M,Germany,Hamburg,Bikes,Road Bikes,"Road-250 Red, 48",2,1519,2443,1506,3038,4544
59188,2012-08-02,2,August,2012,24,Youth (<25),F,United Kingdom,England,Bikes,Road Bikes,"Road-150 Red, 48",2,2171,3578,2528,4342,6870
64944,2012-08-02,2,August,2012,40,Adults (35-64),M,United States,California,Bikes,Road Bikes,"Road-550-W Yellow, 42",2,713,1120,769,1426,2195
60258,2012-08-02,2,August,2012,17,Youth (<25),F,United States,Georgia,Bikes,Road Bikes,"Road-650 Black, 58",2,487,783,498,974,1472
64680,2012-08-02,2,August,2012,45,Adults (35-64),F,United States,Washington,Bikes,Road Bikes,"Road-250 Black, 52",2,1555,2443,701,3110,3811
58366,2012-08-02,2,August,2012,24,Youth (<25),M,United States,California,Bikes,Road Bikes,"Road-150 Red, 44",2,2171,3578,2671,4342,7013
57410,2012-08-02,2,August,2012,27,Young Adults (25-34),M,United States,California,Bikes,Mountain Bikes,"Mountain-200 Silver, 38",2,1266,2320,2015,2532,4547
68754,2012-08-02,2,August,2012,25,Young Adults (25-34),M,Australia,New South Wales,Bikes,Road Bikes,"Road-550-W Yellow, 44",2,713,1120,523,1426,1949
58482,2012-08-02,2,August,2012,52,Adults (35-64),M,United States,California,Bikes,Road Bikes,"Road-150 Red, 52",2,2171,3578,2671,4342,7013
62234,2012-08-03,3,August,2012,35,Adults (35-64),M,United Kingdom,England,Bikes,Road Bikes,"Road-250 Red, 48",2,1519,2443,1653,3038,4691
64880,2012-08-03,3,August,2012,32,Young Adults (25-34),M,United States,Washington,Bikes,Road Bikes,"Road-550-W Yellow, 48",2,713,1120,321,1426,1747
67304,2012-08-03,3,August,2012,25,Young Adults (25-34),M,United States,California,Bikes,Road Bikes,"Road-750 Black, 52",2,344,540,370,688,1058
66050,2012-08-03,3,August,2012,49,Adults (35-64),F,United States,California,Bikes,Road Bikes,"Road-550-W Yellow, 44",2,713,1120,769,1426,2195
62928,2012-08-03,3,August,2012,43,Adults (35-64),F,Australia,Victoria,Bikes,Road Bikes,"Road-350-W Yellow, 44",2,1083,1701,522,2166,2688
59004,2012-08-03,3,August,2012,47,Adults (35-64),F,United States,Oregon,Bikes,Road Bikes,"Road-250 Black, 58",2,1555,2443,1092,3110,4202
65906,2012-08-04,4,August,2012,30,Young Adults (25-34),M,Canada,British Columbia,Bikes,Road Bikes,"Road-750 Black, 52",2,344,540,381,688,1069
64658,2012-08-04,4,August,2012,48,Adults (35-64),F,United States,California,Bikes,Road Bikes,"Road-550-W Yellow, 40",2,713,1120,769,1426,2195
51152,2012-08-04,4,August,2012,21,Youth (<25),F,Australia,Tasmania,Bikes,Mountain Bikes,"Mountain-200 Silver, 46",2,1266,2320,1226,2532,3758
57744,2012-08-04,4,August,2012,25,Young Adults (25-34),M,United States,California,Bikes,Mountain Bikes,"Mountain-200 Silver, 46",2,1266,2320,2015,2532,4547
60532,2012-08-04,4,August,2012,38,Adults (35-64),F,Germany,Saarland,Bikes,Road Bikes,"Road-250 Black, 44",2,1555,2443,897,3110,4007
69024,2012-08-04,4,August,2012,25,Young Adults (25-34),F,Canada,British Columbia,Bikes,Road Bikes,"Road-250 Red, 52",2,1519,2443,1799,3038,4837
65624,2012-08-04,4,August,2012,56,Adults (35-64),F,Australia,Queensland,Bikes,Road Bikes,"Road-350-W Yellow, 48",2,1083,1701,692,2166,2858
64488,2012-08-04,4,August,2012,30,Young Adults (25-34),F,Australia,Queensland,Bikes,Road Bikes,"Road-350-W Yellow, 48",2,1083,1701,692,2166,2858
58016,2012-08-04,4,August,2012,29,Young Adults (25-34),M,France,Seine (Paris),Bikes,Mountain Bikes,"Mountain-200 Black, 46",2,1252,2295,1260,2504,3764
69652,2012-08-05,5,August,2012,39,Adults (35-64),F,Canada,British Columbia,Bikes,Road Bikes,"Road-250 Red, 58",2,1555,2443,1727,3110,4837
69982,2012-08-05,5,August,2012,31,Young Adults (25-34),F,United Kingdom,England,Bikes,Road Bikes,"Road-750 Black, 52",2,344,540,349,688,1037
61564,2012-08-05,5,August,2012,50,Adults (35-64),F,United States,Washington,Bikes,Road Bikes,"Road-350-W Yellow, 42",2,1083,1701,488,2166,2654
65932,2012-08-05,5,August,2012,33,Young Adults (25-34),F,United States,Oregon,Bikes,Road Bikes,"Road-550-W Yellow, 38",2,713,1120,500,1426,1926
52172,2012-08-05,5,August,2012,23,Youth (<25),M,United Kingdom,England,Bikes,Mountain Bikes,"Mountain-400-W Silver, 46",2,420,769,636,840,1476
61630,2012-08-05,5,August,2012,43,Adults (35-64),M,United States,Washington,Bikes,Road Bikes,"Road-350-W Yellow, 40",2,1083,1701,488,2166,2654
60282,2012-08-05,5,August,2012,32,Young Adults (25-34),F,United States,California,Bikes,Road Bikes,"Road-650 Red, 62",2,487,783,561,974,1535
70454,2012-08-06,6,August,2012,26,Young Adults (25-34),M,Australia,South Australia,Bikes,Road Bikes,"Road-750 Black, 58",2,344,540,198,688,886
51094,2012-08-06,6,August,2012,18,Youth (<25),F,Australia,Queensland,Bikes,Mountain Bikes,"Mountain-500 Silver, 48",2,308,565,333,616,949
51010,2012-08-06,6,August,2012,22,Youth (<25),F,United Kingdom,England,Bikes,Mountain Bikes,"Mountain-200 Silver, 46",2,1266,2320,1922,2532,4454
70112,2012-08-06,6,August,2012,27,Young Adults (25-34),M,Canada,British Columbia,Bikes,Road Bikes,"Road-650 Red, 44",2,487,783,576,974,1550
59436,2012-08-06,6,August,2012,19,Youth (<25),M,United States,California,Bikes,Road Bikes,"Road-550-W Yellow, 42",2,713,1120,769,1426,2195
68360,2012-08-06,6,August,2012,46,Adults (35-64),M,Australia,Queensland,Bikes,Road Bikes,"Road-750 Black, 52",2,344,540,219,688,907
62930,2012-08-06,6,August,2012,43,Adults (35-64),F,Australia,Victoria,Bikes,Road Bikes,"Road-350-W Yellow, 44",2,1083,1701,522,2166,2688
69026,2012-08-06,6,August,2012,25,Young Adults (25-34),F,Canada,British Columbia,Bikes,Road Bikes,"Road-250 Red, 52",2,1519,2443,1799,3038,4837
58028,2012-08-06,6,August,2012,23,Youth (<25),F,France,Yveline,Bikes,Mountain Bikes,"Mountain-200 Black, 46",2,1252,2295,984,2504,3488
69820,2012-08-06,6,August,2012,38,Adults (35-64),F,Canada,British Columbia,Bikes,Road Bikes,"Road-250 Black, 48",2,1555,2443,1727,3110,4837
56770,2012-08-06,6,August,2012,26,Young Adults (25-34),F,Canada,British Columbia,Bikes,Mountain Bikes,"Mountain-500 Black, 44",2,295,540,479,590,1069
58578,2012-08-06,6,August,2012,23,Youth (<25),M,France,Seine et Marne,Bikes,Road Bikes,"Road-150 Red, 44",2,2171,3578,1526,4342,5868
69242,2012-08-07,7,August,2012,34,Young Adults (25-34),F,United Kingdom,England,Bikes,Road Bikes,"Road-350-W Yellow, 42",2,1083,1701,1100,2166,3266
68982,2012-08-07,7,August,2012,54,Adults (35-64),M,Australia,New South Wales,Bikes,Road Bikes,"Road-550-W Yellow, 44",2,713,1120,523,1426,1949
60714,2012-08-07,7,August,2012,47,Adults (35-64),M,United States,Washington,Bikes,Road Bikes,"Road-650 Black, 62",2,487,783,247,974,1221
58556,2012-08-07,7,August,2012,60,Adults (35-64),M,United States,California,Bikes,Road Bikes,"Road-150 Red, 48",2,2171,3578,2671,4342,7013
71216,2012-08-07,7,August,2012,20,Youth (<25),F,United States,California,Bikes,Road Bikes,"Road-150 Red, 48",2,2171,3578,2671,4342,7013
67996,2012-08-07,7,August,2012,29,Young Adults (25-34),F,Canada,British Columbia,Bikes,Road Bikes,"Road-550-W Yellow, 38",2,713,1120,792,1426,2218
67862,2012-08-07,7,August,2012,23,Youth (<25),F,Australia,New South Wales,Bikes,Road Bikes,"Road-350-W Yellow, 42",2,1083,1701,794,2166,2960
67924,2012-08-07,7,August,2012,51,Adults (35-64),F,United States,California,Bikes,Road Bikes,"Road-750 Black, 44",2,344,540,370,688,1058
66290,2012-08-07,7,August,2012,59,Adults (35-64),M,United States,California,Bikes,Road Bikes,"Road-750 Black, 48",2,344,540,370,688,1058
70114,2012-08-07,7,August,2012,27,Young Adults (25-34),M,Canada,British Columbia,Bikes,Road Bikes,"Road-650 Red, 44",2,487,783,576,974,1550
49766,2012-08-07,7,August,2012,23,Youth (<25),M,Australia,New South Wales,Bikes,Mountain Bikes,"Mountain-200 Silver, 38",2,1266,2320,1505,2532,4037
70844,2012-08-08,8,August,2012,30,Young Adults (25-34),M,United Kingdom,England,Bikes,Road Bikes,"Road-750 Black, 48",2,344,540,349,688,1037
64614,2012-08-08,8,August,2012,45,Adults (35-64),F,Australia,Victoria,Bikes,Road Bikes,"Road-750 Black, 48",2,344,540,165,688,853
58484,2012-08-08,8,August,2012,52,Adults (35-64),M,United States,California,Bikes,Road Bikes,"Road-150 Red, 52",2,2171,3578,2671,4342,7013
68490,2012-08-08,8,August,2012,46,Adults (35-64),F,United States,Oregon,Bikes,Road Bikes,"Road-150 Red, 44",2,2171,3578,1812,4342,6154
64646,2012-08-08,8,August,2012,54,Adults (35-64),M,United States,California,Bikes,Road Bikes,"Road-550-W Yellow, 44",2,713,1120,769,1426,2195
58790,2012-08-08,8,August,2012,41,Adults (35-64),M,United States,Oregon,Bikes,Road Bikes,"Road-150 Red, 62",2,2171,3578,1812,4342,6154
61026,2012-08-08,8,August,2012,42,Adults (35-64),F,Canada,British Columbia,Bikes,Road Bikes,"Road-250 Black, 58",2,1555,2443,1727,3110,4837
57352,2012-08-08,8,August,2012,25,Young Adults (25-34),F,United States,Washington,Bikes,Mountain Bikes,"Mountain-200 Black, 46",2,1252,2295,1076,2504,3580
63888,2012-08-09,9,August,2012,32,Young Adults (25-34),M,Australia,Queensland,Bikes,Road Bikes,"Road-350-W Yellow, 42",2,1083,1701,692,2166,2858
70602,2012-08-09,9,August,2012,44,Adults (35-64),F,Australia,Queensland,Bikes,Road Bikes,"Road-750 Black, 48",2,344,540,219,688,907
69244,2012-08-09,9,August,2012,34,Young Adults (25-34),F,United Kingdom,England,Bikes,Road Bikes,"Road-350-W Yellow, 42",2,1083,1701,1100,2166,3266
70504,2012-08-09,9,August,2012,49,Adults (35-64),M,United States,California,Bikes,Road Bikes,"Road-150 Red, 48",2,2171,3578,2671,4342,7013
62748,2012-08-09,9,August,2012,34,Young Adults (25-34),M,Australia,Victoria,Bikes,Road Bikes,"Road-250 Black, 44",2,1555,2443,750,3110,3860
54398,2012-08-09,9,August,2012,24,Youth (<25),M,Australia,New South Wales,Bikes,Mountain Bikes,"Mountain-200 Black, 38",2,1252,2295,1489,2504,3993
68962,2012-08-09,9,August,2012,39,Adults (35-64),F,Australia,New South Wales,Bikes,Road Bikes,"Road-550-W Yellow, 48",2,713,1120,523,1426,1949
49944,2012-08-09,9,August,2012,24,Youth (<25),M,United States,California,Bikes,Mountain Bikes,"Mountain-200 Silver, 42",2,1266,2320,2015,2532,4547
59802,2012-08-10,10,August,2012,60,Adults (35-64),F,United States,California,Bikes,Road Bikes,"Road-550-W Yellow, 44",2,713,1120,769,1426,2195
51078,2012-08-10,10,August,2012,21,Youth (<25),M,Australia,New South Wales,Bikes,Mountain Bikes,"Mountain-500 Silver, 40",2,308,565,367,616,983
58538,2012-08-10,10,August,2012,41,Adults (35-64),F,Germany,Hessen,Bikes,Road Bikes,"Road-350-W Yellow, 48",2,1083,1701,998,2166,3164
68984,2012-08-10,10,August,2012,54,Adults (35-64),M,Australia,New South Wales,Bikes,Road Bikes,"Road-550-W Yellow, 44",2,713,1120,523,1426,1949
58030,2012-08-11,11,August,2012,17,Youth (<25),F,France,Seine (Paris),Bikes,Mountain Bikes,"Mountain-200 Black, 46",2,1252,2295,1260,2504,3764
69446,2012-08-11,11,August,2012,27,Young Adults (25-34),F,Australia,New South Wales,Bikes,Road Bikes,"Road-550-W Yellow, 48",2,713,1120,523,1426,1949
60506,2012-08-11,11,August,2012,25,Young Adults (25-34),M,Germany,Hamburg,Bikes,Road Bikes,"Road-150 Red, 62",2,2171,3578,2313,4342,6655
62750,2012-08-11,11,August,2012,34,Young Adults (25-34),M,Australia,Victoria,Bikes,Road Bikes,"Road-250 Black, 44",2,1555,2443,750,3110,3860
69654,2012-08-11,11,August,2012,39,Adults (35-64),F,Canada,British Columbia,Bikes,Road Bikes,"Road-250 Red, 58",2,1555,2443,1727,3110,4837
66204,2012-08-12,12,August,2012,38,Adults (35-64),F,Australia,Victoria,Bikes,Road Bikes,"Road-250 Red, 58",2,1555,2443,750,3110,3860
58348,2012-08-12,12,August,2012,34,Young Adults (25-34),F,France,Yveline,Bikes,Road Bikes,"Road-150 Red, 44",2,2171,3578,1097,4342,5439
65720,2012-08-12,12,August,2012,40,Adults (35-64),M,Australia,Queensland,Bikes,Road Bikes,"Road-250 Black, 48",2,1555,2443,994,3110,4104
69486,2012-08-12,12,August,2012,51,Adults (35-64),F,Canada,British Columbia,Bikes,Road Bikes,"Road-550-W Yellow, 42",2,713,1120,792,1426,2218
71152,2012-08-12,12,August,2012,26,Young Adults (25-34),F,Canada,British Columbia,Bikes,Road Bikes,"Road-250 Red, 44",2,1519,2443,1799,3038,4837
65736,2012-08-12,12,August,2012,38,Adults (35-64),F,Australia,Queensland,Bikes,Road Bikes,"Road-550-W Yellow, 38",2,713,1120,456,1426,1882
54616,2012-08-12,12,August,2012,25,Young Adults (25-34),F,United States,California,Bikes,Mountain Bikes,"Mountain-500 Black, 44",2,295,540,468,590,1058
54392,2012-08-12,12,August,2012,23,Youth (<25),M,Australia,Queensland,Bikes,Mountain Bikes,"Mountain-200 Silver, 42",2,1266,2320,1366,2532,3898
57796,2012-08-12,12,August,2012,38,Adults (35-64),M,United States,California,Bikes,Mountain Bikes,"Mountain-200 Silver, 42",2,1266,2320,2015,2532,4547
50762,2012-08-13,13,August,2012,21,Youth (<25),F,Australia,Queensland,Bikes,Mountain Bikes,"Mountain-200 Silver, 46",2,1266,2320,1366,2532,3898
55892,2012-08-13,13,August,2012,21,Youth (<25),F,Australia,New South Wales,Bikes,Mountain Bikes,"Mountain-200 Black, 42",2,1252,2295,1489,2504,3993
58404,2012-08-13,13,August,2012,32,Young Adults (25-34),F,United States,Washington,Bikes,Road Bikes,"Road-150 Red, 48",2,2171,3578,1240,4342,5582
58928,2012-08-13,13,August,2012,34,Young Adults (25-34),F,United States,Oregon,Bikes,Road Bikes,"Road-250 Red, 48",2,1519,2443,1164,3038,4202
51168,2012-08-13,13,August,2012,24,Youth (<25),F,Australia,Victoria,Bikes,Mountain Bikes,"Mountain-200 Silver, 42",2,1266,2320,1134,2532,3666
59372,2012-08-13,13,August,2012,34,Young Adults (25-34),F,France,Loiret,Bikes,Road Bikes,"Road-250 Black, 58",2,1555,2443,1239,3110,4349
66490,2012-08-13,13,August,2012,54,Adults (35-64),F,Germany,Nordrhein-Westfalen,Bikes,Road Bikes,"Road-750 Black, 58",2,344,540,252,688,940
61364,2012-08-13,13,August,2012,22,Youth (<25),M,Australia,Queensland,Bikes,Road Bikes,"Road-150 Red, 44",2,2171,3578,1669,4342,6011
71230,2012-08-13,13,August,2012,44,Adults (35-64),F,Australia,Victoria,Bikes,Road Bikes,"Road-150 Red, 44",2,2171,3578,1311,4342,5653
57798,2012-08-13,13,August,2012,38,Adults (35-64),M,United States,California,Bikes,Mountain Bikes,"Mountain-200 Silver, 42",2,1266,2320,2015,2532,4547
50438,2012-08-13,13,August,2012,39,Adults (35-64),M,United Kingdom,England,Bikes,Mountain Bikes,"Mountain-200 Black, 42",2,1252,2295,1902,2504,4406
68310,2012-08-13,13,August,2012,37,Adults (35-64),M,Germany,Saarland,Bikes,Road Bikes,"Road-550-W Yellow, 38",2,713,1120,411,1426,1837
62880,2012-08-14,14,August,2012,47,Adults (35-64),F,Australia,New South Wales,Bikes,Road Bikes,"Road-550-W Yellow, 44",2,713,1120,523,1426,1949
56718,2012-08-14,14,August,2012,42,Adults (35-64),F,United Kingdom,England,Bikes,Mountain Bikes,"Mountain-200 Silver, 38",2,1266,2320,1922,2532,4454
61058,2012-08-14,14,August,2012,40,Adults (35-64),F,United States,California,Bikes,Road Bikes,"Road-250 Black, 58",2,1555,2443,1678,3110,4788
57354,2012-08-14,14,August,2012,25,Young Adults (25-34),F,United States,Washington,Bikes,Mountain Bikes,"Mountain-200 Black, 46",2,1252,2295,1076,2504,3580
59492,2012-08-14,14,August,2012,22,Youth (<25),F,United States,Washington,Bikes,Road Bikes,"Road-550-W Yellow, 40",2,713,1120,321,1426,1747
61940,2012-08-14,14,August,2012,23,Youth (<25),F,United States,Washington,Bikes,Road Bikes,"Road-150 Red, 48",2,2171,3578,1240,4342,5582
49834,2012-08-14,14,August,2012,26,Young Adults (25-34),M,Germany,Brandenburg,Bikes,Mountain Bikes,"Mountain-200 Silver, 42",2,1266,2320,2062,2532,4594
71410,2012-08-14,14,August,2012,34,Young Adults (25-34),M,United States,California,Bikes,Road Bikes,"Road-150 Red, 56",2,2171,3578,2671,4342,7013
65908,2012-08-14,14,August,2012,30,Young Adults (25-34),M,Canada,British Columbia,Bikes,Road Bikes,"Road-750 Black, 52",2,344,540,381,688,1069
58298,2012-08-14,14,August,2012,58,Adults (35-64),M,United States,California,Bikes,Road Bikes,"Road-150 Red, 48",2,2171,3578,2671,4342,7013
58992,2012-08-15,15,August,2012,65,Seniors (64+),F,United States,Washington,Bikes,Road Bikes,"Road-750 Black, 58",2,344,540,154,688,842
66394,2012-08-15,15,August,2012,25,Young Adults (25-34),M,Canada,British Columbia,Bikes,Road Bikes,"Road-150 Red, 44",2,2171,3578,2742,4342,7084
66078,2012-08-15,15,August,2012,48,Adults (35-64),M,United States,California,Bikes,Road Bikes,"Road-550-W Yellow, 44",2,713,1120,769,1426,2195
59364,2012-08-15,15,August,2012,33,Young Adults (25-34),M,France,Val de Marne,Bikes,Road Bikes,"Road-250 Red, 52",2,1519,2443,822,3038,3860
58162,2012-08-15,15,August,2012,53,Adults (35-64),M,United States,Washington,Bikes,Road Bikes,"Road-150 Red, 48",2,2171,3578,1240,4342,5582
67458,2012-08-15,15,August,2012,24,Youth (<25),M,United Kingdom,England,Bikes,Road Bikes,"Road-750 Black, 44",2,344,540,349,688,1037
57746,2012-08-15,15,August,2012,25,Young Adults (25-34),M,United States,California,Bikes,Mountain Bikes,"Mountain-200 Silver, 46",2,1266,2320,2015,2532,4547
65782,2012-08-15,15,August,2012,41,Adults (35-64),F,United Kingdom,England,Bikes,Road Bikes,"Road-550-W Yellow, 40",2,713,1120,724,1426,2150
63904,2012-08-15,15,August,2012,34,Young Adults (25-34),M,Australia,Queensland,Bikes,Road Bikes,"Road-250 Black, 58",2,1555,2443,994,3110,4104
63208,2012-08-15,15,August,2012,41,Adults (35-64),F,Germany,Bayern,Bikes,Road Bikes,"Road-650 Black, 58",2,487,783,576,974,1550
66492,2012-08-15,15,August,2012,54,Adults (35-64),F,Germany,Nordrhein-Westfalen,Bikes,Road Bikes,"Road-750 Black, 58",2,344,540,252,688,940
69502,2012-08-15,15,August,2012,46,Adults (35-64),F,Canada,British Columbia,Bikes,Road Bikes,"Road-250 Red, 52",2,1519,2443,1799,3038,4837
59658,2012-08-16,16,August,2012,29,Young Adults (25-34),F,France,Yveline,Bikes,Road Bikes,"Road-150 Red, 48",2,2171,3578,1097,4342,5439
57356,2012-08-16,16,August,2012,25,Young Adults (25-34),F,United States,Washington,Bikes,Mountain Bikes,"Mountain-200 Black, 46",2,1252,2295,1076,2504,3580
58954,2012-08-16,16,August,2012,45,Adults (35-64),M,United States,California,Bikes,Road Bikes,"Road-250 Red, 52",2,1519,2443,1750,3038,4788
57638,2012-08-16,16,August,2012,39,Adults (35-64),F,United States,Washington,Bikes,Mountain Bikes,"Mountain-200 Silver, 38",2,1266,2320,1087,2532,3619
64350,2012-08-16,16,August,2012,25,Young Adults (25-34),F,Germany,Saarland,Bikes,Road Bikes,"Road-250 Black, 48",2,1555,2443,897,3110,4007
59438,2012-08-17,17,August,2012,19,Youth (<25),M,United States,California,Bikes,Road Bikes,"Road-550-W Yellow, 42",2,713,1120,769,1426,2195
62882,2012-08-17,17,August,2012,47,Adults (35-64),F,Australia,New South Wales,Bikes,Road Bikes,"Road-550-W Yellow, 44",2,713,1120,523,1426,1949
57748,2012-08-17,17,August,2012,25,Young Adults (25-34),M,United States,California,Bikes,Mountain Bikes,"Mountain-200 Silver, 46",2,1266,2320,2015,2532,4547
67894,2012-08-17,17,August,2012,25,Young Adults (25-34),F,Australia,Victoria,Bikes,Road Bikes,"Road-350-W Yellow, 48",2,1083,1701,522,2166,2688
70750,2012-08-17,17,August,2012,39,Adults (35-64),M,Canada,British Columbia,Bikes,Road Bikes,"Road-150 Red, 52",2,2171,3578,2742,4342,7084
51970,2012-08-17,17,August,2012,19,Youth (<25),M,Australia,Victoria,Bikes,Mountain Bikes,"Mountain-500 Silver, 52",2,308,565,277,616,893
53612,2012-08-17,17,August,2012,17,Youth (<25),M,Australia,Victoria,Bikes,Mountain Bikes,"Mountain-200 Silver, 42",2,1266,2320,1134,2532,3666
69028,2012-08-17,17,August,2012,25,Young Adults (25-34),F,Canada,British Columbia,Bikes,Road Bikes,"Road-250 Red, 52",2,1519,2443,1799,3038,4837
65668,2012-08-17,17,August,2012,51,Adults (35-64),M,Australia,New South Wales,Bikes,Road Bikes,"Road-550-W Yellow, 48",2,713,1120,523,1426,1949
67028,2012-08-17,17,August,2012,48,Adults (35-64),M,Canada,British Columbia,Bikes,Road Bikes,"Road-750 Black, 48",2,344,540,381,688,1069
69984,2012-08-18,18,August,2012,31,Young Adults (25-34),F,United Kingdom,England,Bikes,Road Bikes,"Road-750 Black, 52",2,344,540,349,688,1037
66718,2012-08-18,18,August,2012,27,Young Adults (25-34),M,United Kingdom,England,Bikes,Road Bikes,"Road-750 Black, 48",2,344,540,349,688,1037
65684,2012-08-18,18,August,2012,50,Adults (35-64),M,Australia,Victoria,Bikes,Road Bikes,"Road-750 Black, 58",2,344,540,165,688,853
70378,2012-08-18,18,August,2012,36,Adults (35-64),M,Australia,Queensland,Bikes,Road Bikes,"Road-550-W Yellow, 44",2,713,1120,456,1426,1882
71154,2012-08-18,18,August,2012,26,Young Adults (25-34),F,Canada,British Columbia,Bikes,Road Bikes,"Road-250 Red, 44",2,1519,2443,1799,3038,4837
51066,2012-08-18,18,August,2012,19,Youth (<25),F,Australia,New South Wales,Bikes,Mountain Bikes,"Mountain-500 Silver, 42",2,308,565,367,616,983
57364,2012-08-18,18,August,2012,25,Young Adults (25-34),M,United States,Washington,Bikes,Mountain Bikes,"Mountain-200 Silver, 42",2,1266,2320,1087,2532,3619
54288,2012-08-18,18,August,2012,18,Youth (<25),M,Australia,New South Wales,Bikes,Mountain Bikes,"Mountain-200 Silver, 46",2,1266,2320,1505,2532,4037
59048,2012-08-19,19,August,2012,38,Adults (35-64),F,Germany,Hessen,Bikes,Road Bikes,"Road-150 Red, 52",2,2171,3578,2313,4342,6655
67444,2012-08-19,19,August,2012,32,Young Adults (25-34),M,United States,Oregon,Bikes,Road Bikes,"Road-750 Black, 52",2,344,540,241,688,929
51300,2012-08-19,19,August,2012,31,Young Adults (25-34),M,Germany,Hamburg,Bikes,Mountain Bikes,"Mountain-200 Silver, 42",2,1266,2320,1783,2532,4315
70506,2012-08-19,19,August,2012,49,Adults (35-64),M,United States,California,Bikes,Road Bikes,"Road-150 Red, 48",2,2171,3578,2671,4342,7013
59376,2012-08-19,19,August,2012,35,Adults (35-64),F,France,Essonne,Bikes,Road Bikes,"Road-750 Black, 58",2,344,540,349,688,1037
67998,2012-08-19,19,August,2012,29,Young Adults (25-34),F,Canada,British Columbia,Bikes,Road Bikes,"Road-550-W Yellow, 38",2,713,1120,792,1426,2218
59822,2012-08-19,19,August,2012,37,Adults (35-64),M,United States,California,Bikes,Road Bikes,"Road-650 Red, 48",2,487,783,561,974,1535
65616,2012-08-19,19,August,2012,56,Adults (35-64),F,Australia,New South Wales,Bikes,Road Bikes,"Road-550-W Yellow, 44",2,713,1120,523,1426,1949
69496,2012-08-19,19,August,2012,49,Adults (35-64),F,Canada,British Columbia,Bikes,Road Bikes,"Road-250 Red, 48",2,1519,2443,1799,3038,4837
57358,2012-08-19,19,August,2012,25,Young Adults (25-34),F,United States,Washington,Bikes,Mountain Bikes,"Mountain-200 Black, 46",2,1252,2295,1076,2504,3580
68694,2012-08-19,19,August,2012,28,Young Adults (25-34),F,Canada,British Columbia,Bikes,Road Bikes,"Road-250 Red, 48",2,1519,2443,1799,3038,4837
65290,2012-08-20,20,August,2012,29,Young Adults (25-34),M,United Kingdom,England,Bikes,Road Bikes,"Road-350-W Yellow, 48",2,1083,1701,1100,2166,3266
70920,2012-08-20,20,August,2012,20,Youth (<25),M,United Kingdom,England,Bikes,Road Bikes,"Road-550-W Yellow, 38",2,713,1120,724,1426,2150
65702,2012-08-20,20,August,2012,46,Adults (35-64),M,Australia,New South Wales,Bikes,Road Bikes,"Road-750 Black, 48",2,344,540,252,688,940
67368,2012-08-20,20,August,2012,22,Youth (<25),F,United States,California,Bikes,Road Bikes,"Road-750 Black, 44",2,344,540,370,688,1058
67880,2012-08-20,20,August,2012,24,Youth (<25),M,Australia,Queensland,Bikes,Road Bikes,"Road-350-W Yellow, 42",2,1083,1701,692,2166,2858
58026,2012-08-20,20,August,2012,23,Youth (<25),F,France,Hauts de Seine,Bikes,Mountain Bikes,"Mountain-200 Silver, 42",2,1266,2320,1783,2532,4315
70460,2012-08-20,20,August,2012,27,Young Adults (25-34),M,Australia,Victoria,Bikes,Road Bikes,"Road-750 Black, 58",2,344,540,165,688,853
63446,2012-08-20,20,August,2012,58,Adults (35-64),F,United Kingdom,England,Bikes,Road Bikes,"Road-550-W Yellow, 38",2,713,1120,724,1426,2150
68696,2012-08-20,20,August,2012,28,Young Adults (25-34),F,Canada,British Columbia,Bikes,Road Bikes,"Road-250 Red, 48",2,1519,2443,1799,3038,4837
60508,2012-08-20,20,August,2012,25,Young Adults (25-34),M,Germany,Hamburg,Bikes,Road Bikes,"Road-150 Red, 62",2,2171,3578,2313,4342,6655
59162,2012-08-20,20,August,2012,23,Youth (<25),M,United Kingdom,England,Bikes,Road Bikes,"Road-250 Red, 58",2,1555,2443,1581,3110,4691
59930,2012-08-20,20,August,2012,30,Young Adults (25-34),F,United Kingdom,England,Bikes,Road Bikes,"Road-150 Red, 48",2,2171,3578,2528,4342,6870
51184,2012-08-21,21,August,2012,24,Youth (<25),F,Australia,Queensland,Bikes,Mountain Bikes,"Mountain-200 Silver, 38",2,1266,2320,1366,2532,3898
70630,2012-08-21,21,August,2012,41,Adults (35-64),M,Australia,New South Wales,Bikes,Road Bikes,"Road-750 Black, 48",2,344,540,252,688,940
64596,2012-08-21,21,August,2012,55,Adults (35-64),F,United States,California,Bikes,Road Bikes,"Road-550-W Yellow, 48",2,713,1120,769,1426,2195
71244,2012-08-21,21,August,2012,35,Adults (35-64),F,United States,Washington,Bikes,Road Bikes,"Road-150 Red, 56",2,2171,3578,1240,4342,5582
66882,2012-08-21,21,August,2012,34,Young Adults (25-34),M,United Kingdom,England,Bikes,Road Bikes,"Road-550-W Yellow, 44",2,713,1120,724,1426,2150
66720,2012-08-21,21,August,2012,27,Young Adults (25-34),M,United Kingdom,England,Bikes,Road Bikes,"Road-750 Black, 48",2,344,540,349,688,1037
58994,2012-08-21,21,August,2012,54,Adults (35-64),M,United States,Oregon,Bikes,Road Bikes,"Road-250 Black, 48",2,1555,2443,1092,3110,4202
64328,2012-08-21,21,August,2012,25,Young Adults (25-34),F,United Kingdom,England,Bikes,Road Bikes,"Road-650 Black, 60",2,487,783,529,974,1503
65608,2012-08-21,21,August,2012,38,Adults (35-64),F,Australia,South Australia,Bikes,Road Bikes,"Road-250 Black, 58",2,1555,2443,897,3110,4007
51174,2012-08-21,21,August,2012,23,Youth (<25),F,Australia,Victoria,Bikes,Mountain Bikes,"Mountain-200 Silver, 42",2,1266,2320,1134,2532,3666
51102,2012-08-22,22,August,2012,20,Youth (<25),M,Australia,Victoria,Bikes,Mountain Bikes,"Mountain-500 Silver, 52",2,308,565,277,616,893
58942,2012-08-22,22,August,2012,49,Adults (35-64),M,United States,Washington,Bikes,Road Bikes,"Road-250 Red, 52",2,1519,2443,773,3038,3811
59756,2012-08-22,22,August,2012,53,Adults (35-64),F,United States,Washington,Bikes,Road Bikes,"Road-550-W Yellow, 44",2,713,1120,321,1426,1747
59700,2012-08-22,22,August,2012,23,Youth (<25),F,United States,California,Bikes,Road Bikes,"Road-550-W Yellow, 42",2,713,1120,769,1426,2195
60330,2012-08-22,22,August,2012,36,Adults (35-64),F,United States,California,Bikes,Road Bikes,"Road-650 Red, 62",2,487,783,561,974,1535
66862,2012-08-22,22,August,2012,33,Young Adults (25-34),M,United Kingdom,England,Bikes,Road Bikes,"Road-750 Black, 44",2,344,540,349,688,1037
51392,2012-08-22,22,August,2012,28,Young Adults (25-34),F,United States,Oregon,Bikes,Mountain Bikes,"Mountain-200 Silver, 38",2,1266,2320,1458,2532,3990
58582,2012-08-22,22,August,2012,37,Adults (35-64),F,France,Nord,Bikes,Road Bikes,"Road-150 Red, 44",2,2171,3578,1884,4342,6226
63344,2012-08-22,22,August,2012,24,Youth (<25),M,Australia,Victoria,Bikes,Road Bikes,"Road-250 Black, 44",2,1555,2443,750,3110,3860
56426,2012-08-22,22,August,2012,31,Young Adults (25-34),F,Germany,Nordrhein-Westfalen,Bikes,Mountain Bikes,"Mountain-500 Black, 40",2,295,540,350,590,940
70632,2012-08-23,23,August,2012,41,Adults (35-64),M,Australia,New South Wales,Bikes,Road Bikes,"Road-750 Black, 48",2,344,540,252,688,940
54386,2012-08-23,23,August,2012,22,Youth (<25),M,Australia,Queensland,Bikes,Mountain Bikes,"Mountain-200 Silver, 42",2,1266,2320,1366,2532,3898
68188,2012-08-23,23,August,2012,33,Young Adults (25-34),F,United Kingdom,England,Bikes,Road Bikes,"Road-350-W Yellow, 48",2,1083,1701,1100,2166,3266
65834,2012-08-23,23,August,2012,23,Youth (<25),M,Australia,Victoria,Bikes,Road Bikes,"Road-250 Black, 44",2,1555,2443,750,3110,3860
67940,2012-08-23,23,August,2012,45,Adults (35-64),F,United States,California,Bikes,Road Bikes,"Road-750 Black, 52",2,344,540,370,688,1058
61682,2012-08-24,24,August,2012,34,Young Adults (25-34),F,Australia,Victoria,Bikes,Road Bikes,"Road-150 Red, 48",2,2171,3578,1311,4342,5653
49800,2012-08-24,24,August,2012,25,Young Adults (25-34),M,Australia,New South Wales,Bikes,Mountain Bikes,"Mountain-200 Black, 38",2,1252,2295,1489,2504,3993
62672,2012-08-24,24,August,2012,42,Adults (35-64),M,Germany,Saarland,Bikes,Road Bikes,"Road-550-W Yellow, 40",2,713,1120,411,1426,1837
66244,2012-08-24,24,August,2012,25,Young Adults (25-34),F,United States,California,Bikes,Road Bikes,"Road-750 Black, 44",2,344,540,370,688,1058
70196,2012-08-24,24,August,2012,47,Adults (35-64),F,Canada,British Columbia,Bikes,Road Bikes,"Road-750 Black, 44",2,344,540,381,688,1069
50660,2012-08-24,24,August,2012,27,Young Adults (25-34),M,France,Seine (Paris),Bikes,Mountain Bikes,"Mountain-200 Silver, 46",2,1266,2320,1273,2532,3805
69986,2012-08-24,24,August,2012,31,Young Adults (25-34),F,United Kingdom,England,Bikes,Road Bikes,"Road-750 Black, 52",2,344,540,349,688,1037
60284,2012-08-24,24,August,2012,32,Young Adults (25-34),F,United States,California,Bikes,Road Bikes,"Road-650 Red, 62",2,487,783,561,974,1535
63286,2012-08-24,24,August,2012,49,Adults (35-64),F,France,Nord,Bikes,Road Bikes,"Road-250 Red, 52",2,1519,2443,1213,3038,4251
58004,2012-08-24,24,August,2012,28,Young Adults (25-34),M,France,Hauts de Seine,Bikes,Mountain Bikes,"Mountain-200 Black, 46",2,1252,2295,1765,2504,4269
65722,2012-08-24,24,August,2012,40,Adults (35-64),M,Australia,Queensland,Bikes,Road Bikes,"Road-250 Black, 48",2,1555,2443,994,3110,4104
66136,2012-08-25,25,August,2012,24,Youth (<25),F,Australia,New South Wales,Bikes,Road Bikes,"Road-250 Black, 52",2,1555,2443,1141,3110,4251
59758,2012-08-25,25,August,2012,53,Adults (35-64),F,United States,Washington,Bikes,Road Bikes,"Road-550-W Yellow, 44",2,713,1120,321,1426,1747
61256,2012-08-25,25,August,2012,37,Adults (35-64),F,Germany,Hamburg,Bikes,Road Bikes,"Road-250 Black, 48",2,1555,2443,1434,3110,4544
58218,2012-08-25,25,August,2012,33,Young Adults (25-34),F,United States,Washington,Bikes,Road Bikes,"Road-150 Red, 48",2,2171,3578,1240,4342,5582
67454,2012-08-25,25,August,2012,33,Young Adults (25-34),M,Canada,British Columbia,Bikes,Road Bikes,"Road-750 Black, 44",2,344,540,381,688,1069
55730,2012-08-25,25,August,2012,22,Youth (<25),M,United Kingdom,England,Bikes,Mountain Bikes,"Mountain-500 Silver, 40",2,308,565,469,616,1085
57864,2012-08-25,25,August,2012,25,Young Adults (25-34),M,United States,Oregon,Bikes,Mountain Bikes,"Mountain-200 Black, 42",2,1252,2295,1443,2504,3947
58956,2012-08-25,25,August,2012,45,Adults (35-64),M,United States,California,Bikes,Road Bikes,"Road-250 Red, 52",2,1519,2443,1750,3038,4788
64188,2012-08-25,25,August,2012,49,Adults (35-64),M,Germany,Nordrhein-Westfalen,Bikes,Road Bikes,"Road-650 Black, 48",2,487,783,388,974,1362
58622,2012-08-25,25,August,2012,43,Adults (35-64),M,United Kingdom,England,Bikes,Road Bikes,"Road-550-W Yellow, 48",2,713,1120,724,1426,2150
60516,2012-08-25,25,August,2012,25,Young Adults (25-34),M,France,Hauts de Seine,Bikes,Road Bikes,"Road-250 Red, 48",2,1519,2443,1506,3038,4544
59190,2012-08-26,26,August,2012,24,Youth (<25),F,United Kingdom,England,Bikes,Road Bikes,"Road-150 Red, 52",2,2171,3578,2528,4342,6870
59472,2012-08-26,26,August,2012,20,Youth (<25),M,United States,California,Bikes,Road Bikes,"Road-550-W Yellow, 38",2,713,1120,769,1426,2195
62670,2012-08-26,26,August,2012,42,Adults (35-64),F,Germany,Hamburg,Bikes,Road Bikes,"Road-650 Black, 52",2,487,783,482,974,1456
67370,2012-08-26,26,August,2012,22,Youth (<25),F,United States,California,Bikes,Road Bikes,"Road-750 Black, 44",2,344,540,370,688,1058
58284,2012-08-26,26,August,2012,45,Adults (35-64),F,United States,Oregon,Bikes,Road Bikes,"Road-150 Red, 56",2,2171,3578,1812,4342,6154
60702,2012-08-26,26,August,2012,47,Adults (35-64),F,United States,Washington,Bikes,Road Bikes,"Road-650 Red, 48",2,487,783,247,974,1221
59370,2012-08-26,26,August,2012,34,Young Adults (25-34),F,France,Seine Saint Denis,Bikes,Road Bikes,"Road-150 Red, 48",2,2171,3578,1526,4342,5868
62984,2012-08-26,26,August,2012,33,Young Adults (25-34),M,United States,Washington,Bikes,Road Bikes,"Road-350-W Yellow, 44",2,1083,1701,488,2166,2654
69680,2012-08-26,26,August,2012,31,Young Adults (25-34),M,Australia,Victoria,Bikes,Road Bikes,"Road-550-W Yellow, 44",2,713,1120,344,1426,1770
70928,2012-08-26,26,August,2012,20,Youth (<25),F,United Kingdom,England,Bikes,Road Bikes,"Road-750 Black, 52",2,344,540,349,688,1037
51160,2012-08-26,26,August,2012,22,Youth (<25),F,Australia,New South Wales,Bikes,Mountain Bikes,"Mountain-200 Black, 46",2,1252,2295,1489,2504,3993
57844,2012-08-26,26,August,2012,26,Young Adults (25-34),F,United States,Washington,Bikes,Mountain Bikes,"Mountain-200 Black, 38",2,1252,2295,1076,2504,3580
65062,2012-08-26,26,August,2012,27,Young Adults (25-34),F,United Kingdom,England,Bikes,Road Bikes,"Road-350-W Yellow, 48",2,1083,1701,1100,2166,3266
57412,2012-08-27,27,August,2012,27,Young Adults (25-34),M,United States,California,Bikes,Mountain Bikes,"Mountain-200 Silver, 38",2,1266,2320,2015,2532,4547
49750,2012-08-27,27,August,2012,22,Youth (<25),M,Australia,Victoria,Bikes,Mountain Bikes,"Mountain-200 Black, 46",2,1252,2295,1122,2504,3626
60034,2012-08-27,27,August,2012,23,Youth (<25),F,United Kingdom,England,Bikes,Road Bikes,"Road-150 Red, 56",2,2171,3578,2528,4342,6870
60254,2012-08-27,27,August,2012,17,Youth (<25),F,United States,Oregon,Bikes,Road Bikes,"Road-650 Black, 48",2,487,783,373,974,1347
61732,2012-08-27,27,August,2012,25,Young Adults (25-34),M,United Kingdom,England,Bikes,Road Bikes,"Road-250 Red, 58",2,1555,2443,1581,3110,4691
68672,2012-08-27,27,August,2012,26,Young Adults (25-34),M,Canada,British Columbia,Bikes,Road Bikes,"Road-150 Red, 56",2,2171,3578,2742,4342,7084
70992,2012-08-27,27,August,2012,43,Adults (35-64),M,United States,California,Bikes,Road Bikes,"Road-150 Red, 52",2,2171,3578,2671,4342,7013
69066,2012-08-27,27,August,2012,32,Young Adults (25-34),M,United Kingdom,England,Bikes,Road Bikes,"Road-550-W Yellow, 38",2,713,1120,724,1426,2150
70604,2012-08-27,27,August,2012,44,Adults (35-64),F,Australia,Queensland,Bikes,Road Bikes,"Road-750 Black, 48",2,344,540,219,688,907
71134,2012-08-27,27,August,2012,38,Adults (35-64),M,Canada,British Columbia,Bikes,Road Bikes,"Road-150 Red, 62",2,2171,3578,2742,4342,7084
70664,2012-08-27,27,August,2012,29,Young Adults (25-34),F,United States,California,Bikes,Road Bikes,"Road-150 Red, 52",2,2171,3578,2671,4342,7013
58164,2012-08-28,28,August,2012,53,Adults (35-64),M,United States,Washington,Bikes,Road Bikes,"Road-150 Red, 48",2,2171,3578,1240,4342,5582
58996,2012-08-28,28,August,2012,51,Adults (35-64),M,United States,Oregon,Bikes,Road Bikes,"Road-250 Black, 48",2,1555,2443,1092,3110,4202
59588,2012-08-28,28,August,2012,27,Young Adults (25-34),M,France,Essonne,Bikes,Road Bikes,"Road-150 Red, 56",2,2171,3578,2528,4342,6870
70994,2012-08-28,28,August,2012,43,Adults (35-64),M,United States,California,Bikes,Road Bikes,"Road-150 Red, 52",2,2171,3578,2671,4342,7013
60332,2012-08-28,28,August,2012,36,Adults (35-64),F,United States,California,Bikes,Road Bikes,"Road-650 Red, 62",2,487,783,561,974,1535
60262,2012-08-28,28,August,2012,24,Youth (<25),F,United States,Washington,Bikes,Road Bikes,"Road-650 Black, 48",2,487,783,247,974,1221
59388,2012-08-28,28,August,2012,23,Youth (<25),M,France,Pas de Calais,Bikes,Road Bikes,"Road-250 Red, 48",2,1519,2443,1115,3038,4153
59794,2012-08-28,28,August,2012,64,Adults (35-64),F,United States,California,Bikes,Road Bikes,"Road-550-W Yellow, 44",2,713,1120,769,1426,2195
71412,2012-08-29,29,August,2012,34,Young Adults (25-34),M,United States,California,Bikes,Road Bikes,"Road-150 Red, 56",2,2171,3578,2671,4342,7013
66986,2012-08-29,29,August,2012,32,Young Adults (25-34),M,United States,California,Bikes,Road Bikes,"Road-750 Black, 48",2,344,540,370,688,1058
63164,2012-08-29,29,August,2012,46,Adults (35-64),F,United States,California,Bikes,Road Bikes,"Road-350-W Yellow, 48",2,1083,1701,1168,2166,3334
58014,2012-08-29,29,August,2012,29,Young Adults (25-34),F,France,Loiret,Bikes,Mountain Bikes,"Mountain-200 Silver, 42",2,1266,2320,1598,2532,4130
51204,2012-08-29,29,August,2012,25,Young Adults (25-34),F,Australia,Queensland,Bikes,Mountain Bikes,"Mountain-200 Silver, 38",2,1266,2320,1366,2532,3898
64912,2012-08-29,29,August,2012,42,Adults (35-64),F,United States,Washington,Bikes,Road Bikes,"Road-750 Black, 48",2,344,540,154,688,842
51074,2012-08-30,30,August,2012,19,Youth (<25),F,Australia,Victoria,Bikes,Mountain Bikes,"Mountain-500 Black, 44",2,295,540,263,590,853
61566,2012-08-30,30,August,2012,50,Adults (35-64),F,United States,Washington,Bikes,Road Bikes,"Road-350-W Yellow, 42",2,1083,1701,488,2166,2654
70606,2012-08-30,30,August,2012,44,Adults (35-64),F,Australia,Queensland,Bikes,Road Bikes,"Road-750 Black, 48",2,344,540,219,688,907
67864,2012-08-30,30,August,2012,23,Youth (<25),F,Australia,New South Wales,Bikes,Road Bikes,"Road-350-W Yellow, 42",2,1083,1701,794,2166,2960
62314,2012-08-30,30,August,2012,22,Youth (<25),M,United Kingdom,England,Bikes,Road Bikes,"Road-350-W Yellow, 40",2,1083,1701,1100,2166,3266
54116,2012-08-30,30,August,2012,42,Adults (35-64),F,Canada,British Columbia,Bikes,Mountain Bikes,"Mountain-200 Black, 38",2,1252,2295,2040,2504,4544
69668,2012-08-30,30,August,2012,28,Young Adults (25-34),F,Australia,South Australia,Bikes,Road Bikes,"Road-550-W Yellow, 38",2,713,1120,411,1426,1837
64720,2012-08-30,30,August,2012,42,Adults (35-64),M,United Kingdom,England,Bikes,Road Bikes,"Road-650 Red, 58",2,487,783,529,974,1503
68190,2012-08-31,31,August,2012,33,Young Adults (25-34),F,United Kingdom,England,Bikes,Road Bikes,"Road-350-W Yellow, 48",2,1083,1701,1100,2166,3266
69822,2012-08-31,31,August,2012,38,Adults (35-64),F,Canada,British Columbia,Bikes,Road Bikes,"Road-250 Black, 48",2,1555,2443,1727,3110,4837
67942,2012-08-31,31,August,2012,45,Adults (35-64),F,United States,California,Bikes,Road Bikes,"Road-750 Black, 52",2,344,540,370,688,1058
60524,2012-08-31,31,August,2012,25,Young Adults (25-34),M,Germany,Nordrhein-Westfalen,Bikes,Road Bikes,"Road-250 Red, 52",2,1519,2443,1213,3038,4251
51196,2012-08-31,31,August,2012,25,Young Adults (25-34),F,Australia,Victoria,Bikes,Mountain Bikes,"Mountain-200 Silver, 38",2,1266,2320,1134,2532,3666
61366,2012-08-31,31,August,2012,22,Youth (<25),M,Australia,Queensland,Bikes,Road Bikes,"Road-150 Red, 44",2,2171,3578,1669,4342,6011
65432,2012-08-31,31,August,2012,27,Young Adults (25-34),F,Australia,Queensland,Bikes,Road Bikes,"Road-250 Red, 58",2,1555,2443,994,3110,4104
67138,2012-08-31,31,August,2012,28,Young Adults (25-34),F,Australia,New South Wales,Bikes,Road Bikes,"Road-250 Black, 52",2,1555,2443,1141,3110,4251
53268,2012-08-31,31,August,2012,27,Young Adults (25-34),F,United States,Washington,Bikes,Mountain Bikes,"Mountain-400-W Silver, 38",2,420,769,360,840,1200
51080,2012-08-31,31,August,2012,21,Youth (<25),M,Australia,New South Wales,Bikes,Mountain Bikes,"Mountain-500 Silver, 40",2,308,565,367,616,983
58006,2012-08-31,31,August,2012,28,Young Adults (25-34),F,France,Seine et Marne,Bikes,Mountain Bikes,"Mountain-200 Black, 42",2,1252,2295,1260,2504,3764
51090,2012-08-31,31,August,2012,18,Youth (<25),M,Australia,Tasmania,Bikes,Mountain Bikes,"Mountain-500 Black, 48",2,295,540,285,590,875
63436,2012-09-01,1,September,2012,42,Adults (35-64),M,France,Somme,Bikes,Road Bikes,"Road-350-W Yellow, 48",2,1083,1701,624,2166,2790
57954,2012-09-01,1,September,2012,29,Young Adults (25-34),F,United States,California,Bikes,Mountain Bikes,"Mountain-200 Silver, 42",2,1266,2320,2015,2532,4547
65746,2012-09-02,2,September,2012,35,Adults (35-64),F,United States,California,Bikes,Road Bikes,"Road-550-W Yellow, 48",2,713,1120,769,1426,2195
62806,2012-09-02,2,September,2012,34,Young Adults (25-34),F,Australia,New South Wales,Bikes,Road Bikes,"Road-250 Black, 44",2,1555,2443,1141,3110,4251
68726,2012-09-02,2,September,2012,22,Youth (<25),M,Australia,South Australia,Bikes,Road Bikes,"Road-250 Black, 44",2,1555,2443,897,3110,4007
70476,2012-09-02,2,September,2012,53,Adults (35-64),F,United States,California,Bikes,Road Bikes,"Road-150 Red, 44",2,2171,3578,2671,4342,7013
62574,2012-09-02,2,September,2012,21,Youth (<25),F,United Kingdom,England,Bikes,Road Bikes,"Road-250 Black, 52",2,1555,2443,1581,3110,4691
58542,2012-09-02,2,September,2012,41,Adults (35-64),F,Germany,Nordrhein-Westfalen,Bikes,Road Bikes,"Road-350-W Yellow, 48",2,1083,1701,794,2166,2960
59674,2012-09-02,2,September,2012,50,Adults (35-64),M,France,Seine Saint Denis,Bikes,Road Bikes,"Road-250 Black, 44",2,1555,2443,897,3110,4007
58042,2012-09-03,3,September,2012,27,Young Adults (25-34),M,France,Seine Saint Denis,Bikes,Mountain Bikes,"Mountain-200 Black, 42",2,1252,2295,1260,2504,3764
51226,2012-09-03,3,September,2012,26,Young Adults (25-34),F,Australia,New South Wales,Bikes,Mountain Bikes,"Mountain-200 Black, 46",2,1252,2295,1489,2504,3993
69186,2012-09-03,3,September,2012,45,Adults (35-64),F,United Kingdom,England,Bikes,Road Bikes,"Road-750 Black, 48",2,344,540,349,688,1037
67774,2012-09-03,3,September,2012,34,Young Adults (25-34),F,United States,Washington,Bikes,Road Bikes,"Road-750 Black, 44",2,344,540,154,688,842
66096,2012-09-03,3,September,2012,21,Youth (<25),M,Australia,New South Wales,Bikes,Road Bikes,"Road-250 Black, 58",2,1555,2443,1141,3110,4251
64760,2012-09-03,3,September,2012,26,Young Adults (25-34),F,Australia,New South Wales,Bikes,Road Bikes,"Road-250 Red, 58",2,1555,2443,1141,3110,4251
65410,2012-09-03,3,September,2012,28,Young Adults (25-34),F,Australia,Victoria,Bikes,Road Bikes,"Road-250 Black, 48",2,1555,2443,750,3110,3860
62276,2012-09-03,3,September,2012,35,Adults (35-64),F,France,Seine (Paris),Bikes,Road Bikes,"Road-250 Red, 48",2,1519,2443,969,3038,4007
64762,2012-09-04,4,September,2012,26,Young Adults (25-34),F,Australia,New South Wales,Bikes,Road Bikes,"Road-250 Red, 58",2,1555,2443,1141,3110,4251
69390,2012-09-04,4,September,2012,36,Adults (35-64),M,United Kingdom,England,Bikes,Road Bikes,"Road-750 Black, 48",2,344,540,349,688,1037
70182,2012-09-04,4,September,2012,26,Young Adults (25-34),F,Australia,Queensland,Bikes,Road Bikes,"Road-750 Black, 52",2,344,540,219,688,907
61190,2012-09-04,4,September,2012,55,Adults (35-64),M,United Kingdom,England,Bikes,Road Bikes,"Road-250 Red, 48",2,1519,2443,1653,3038,4691
58034,2012-09-04,4,September,2012,25,Young Adults (25-34),F,France,Nord,Bikes,Mountain Bikes,"Mountain-200 Black, 42",2,1252,2295,1489,2504,3993
69670,2012-09-04,4,September,2012,28,Young Adults (25-34),F,Australia,South Australia,Bikes,Road Bikes,"Road-550-W Yellow, 38",2,713,1120,411,1426,1837
66960,2012-09-05,5,September,2012,35,Adults (35-64),F,France,Nord,Bikes,Road Bikes,"Road-250 Black, 48",2,1555,2443,1141,3110,4251
70930,2012-09-05,5,September,2012,20,Youth (<25),F,United Kingdom,England,Bikes,Road Bikes,"Road-750 Black, 52",2,344,540,349,688,1037
59808,2012-09-05,5,September,2012,19,Youth (<25),F,France,Essonne,Bikes,Road Bikes,"Road-350-W Yellow, 42",2,1083,1701,1100,2166,3266
59774,2012-09-05,5,September,2012,40,Adults (35-64),F,France,Essonne,Bikes,Road Bikes,"Road-550-W Yellow, 38",2,713,1120,724,1426,2150
67616,2012-09-06,6,September,2012,33,Young Adults (25-34),F,United States,California,Bikes,Road Bikes,"Road-750 Black, 44",2,344,540,370,688,1058
67882,2012-09-06,6,September,2012,24,Youth (<25),M,Australia,Queensland,Bikes,Road Bikes,"Road-350-W Yellow, 42",2,1083,1701,692,2166,2858
69988,2012-09-06,6,September,2012,31,Young Adults (25-34),F,United Kingdom,England,Bikes,Road Bikes,"Road-750 Black, 52",2,344,540,349,688,1037
65434,2012-09-06,6,September,2012,27,Young Adults (25-34),F,Australia,Queensland,Bikes,Road Bikes,"Road-250 Red, 58",2,1555,2443,994,3110,4104
60750,2012-09-07,7,September,2012,42,Adults (35-64),F,Germany,Saarland,Bikes,Road Bikes,"Road-750 Black, 52",2,344,540,198,688,886
63394,2012-09-07,7,September,2012,25,Young Adults (25-34),M,France,Seine Saint Denis,Bikes,Road Bikes,"Road-350-W Yellow, 48",2,1083,1701,624,2166,2790
66168,2012-09-08,8,September,2012,27,Young Adults (25-34),M,Australia,Queensland,Bikes,Road Bikes,"Road-250 Black, 44",2,1555,2443,994,3110,4104
68674,2012-09-08,8,September,2012,26,Young Adults (25-34),M,Canada,British Columbia,Bikes,Road Bikes,"Road-150 Red, 56",2,2171,3578,2742,4342,7084
69472,2012-09-08,8,September,2012,26,Young Adults (25-34),M,Australia,New South Wales,Bikes,Road Bikes,"Road-550-W Yellow, 44",2,713,1120,523,1426,1949
62316,2012-09-08,8,September,2012,22,Youth (<25),M,United Kingdom,England,Bikes,Road Bikes,"Road-350-W Yellow, 40",2,1083,1701,1100,2166,3266
51352,2012-09-08,8,September,2012,35,Adults (35-64),F,United Kingdom,England,Bikes,Mountain Bikes,"Mountain-200 Black, 42",2,1252,2295,1902,2504,4406
60740,2012-09-08,8,September,2012,41,Adults (35-64),M,Germany,Saarland,Bikes,Road Bikes,"Road-250 Black, 48",2,1555,2443,897,3110,4007
60782,2012-09-08,8,September,2012,24,Youth (<25),M,Germany,Hamburg,Bikes,Road Bikes,"Road-250 Black, 44",2,1555,2443,1434,3110,4544
59660,2012-09-08,8,September,2012,29,Young Adults (25-34),F,France,Somme,Bikes,Road Bikes,"Road-250 Red, 52",2,1519,2443,969,3038,4007
58090,2012-09-08,8,September,2012,26,Young Adults (25-34),M,France,Seine (Paris),Bikes,Mountain Bikes,"Mountain-200 Black, 46",2,1252,2295,1260,2504,3764
51206,2012-09-09,9,September,2012,25,Young Adults (25-34),F,Australia,Queensland,Bikes,Mountain Bikes,"Mountain-200 Silver, 38",2,1266,2320,1366,2532,3898
53270,2012-09-09,9,September,2012,27,Young Adults (25-34),F,United States,Washington,Bikes,Mountain Bikes,"Mountain-400-W Silver, 38",2,420,769,360,840,1200
63478,2012-09-09,9,September,2012,37,Adults (35-64),M,United Kingdom,England,Bikes,Road Bikes,"Road-350-W Yellow, 40",2,1083,1701,1100,2166,3266
63152,2012-09-09,9,September,2012,52,Adults (35-64),M,United States,Washington,Bikes,Road Bikes,"Road-350-W Yellow, 48",2,1083,1701,488,2166,2654
66532,2012-09-09,9,September,2012,28,Young Adults (25-34),F,United Kingdom,England,Bikes,Road Bikes,"Road-750 Black, 48",2,344,540,349,688,1037
57912,2012-09-09,9,September,2012,28,Young Adults (25-34),M,United States,California,Bikes,Mountain Bikes,"Mountain-200 Black, 38",2,1252,2295,1994,2504,4498
67140,2012-09-09,9,September,2012,28,Young Adults (25-34),F,Australia,New South Wales,Bikes,Road Bikes,"Road-250 Black, 52",2,1555,2443,1141,3110,4251
64764,2012-09-09,9,September,2012,26,Young Adults (25-34),F,Australia,New South Wales,Bikes,Road Bikes,"Road-250 Red, 58",2,1555,2443,1141,3110,4251
49926,2012-09-09,9,September,2012,21,Youth (<25),F,Germany,Saarland,Bikes,Mountain Bikes,"Mountain-200 Silver, 46",2,1266,2320,1273,2532,3805
60542,2012-09-10,10,September,2012,28,Young Adults (25-34),M,Germany,Bayern,Bikes,Road Bikes,"Road-150 Red, 56",2,2171,3578,2742,4342,7084
70484,2012-09-10,10,September,2012,52,Adults (35-64),F,United States,California,Bikes,Road Bikes,"Road-150 Red, 48",2,2171,3578,2671,4342,7013
58338,2012-09-10,10,September,2012,49,Adults (35-64),F,France,Hauts de Seine,Bikes,Road Bikes,"Road-250 Black, 44",2,1555,2443,1434,3110,4544
57872,2012-09-10,10,September,2012,28,Young Adults (25-34),F,United States,Washington,Bikes,Mountain Bikes,"Mountain-200 Black, 38",2,1252,2295,1076,2504,3580
69286,2012-09-10,10,September,2012,35,Adults (35-64),F,United Kingdom,England,Bikes,Road Bikes,"Road-750 Black, 44",2,344,540,349,688,1037
60560,2012-09-10,10,September,2012,53,Adults (35-64),M,Germany,Saarland,Bikes,Road Bikes,"Road-250 Red, 52",2,1519,2443,969,3038,4007
67202,2012-09-10,10,September,2012,35,Adults (35-64),F,Australia,Queensland,Bikes,Road Bikes,"Road-350-W Yellow, 44",2,1083,1701,692,2166,2858
57914,2012-09-10,10,September,2012,28,Young Adults (25-34),M,United States,California,Bikes,Mountain Bikes,"Mountain-200 Black, 38",2,1252,2295,1994,2504,4498
63022,2012-09-10,10,September,2012,29,Young Adults (25-34),F,Australia,New South Wales,Bikes,Road Bikes,"Road-250 Black, 44",2,1555,2443,1141,3110,4251
66138,2012-09-11,11,September,2012,24,Youth (<25),F,Australia,New South Wales,Bikes,Road Bikes,"Road-250 Black, 52",2,1555,2443,1141,3110,4251
64766,2012-09-11,11,September,2012,26,Young Adults (25-34),F,Australia,New South Wales,Bikes,Road Bikes,"Road-250 Red, 58",2,1555,2443,1141,3110,4251
69322,2012-09-11,11,September,2012,55,Adults (35-64),F,United Kingdom,England,Bikes,Road Bikes,"Road-750 Black, 58",2,344,540,349,688,1037
69288,2012-09-11,11,September,2012,35,Adults (35-64),F,United Kingdom,England,Bikes,Road Bikes,"Road-750 Black, 44",2,344,540,349,688,1037
58074,2012-09-11,11,September,2012,25,Young Adults (25-34),M,France,Seine Saint Denis,Bikes,Mountain Bikes,"Mountain-200 Silver, 42",2,1266,2320,1273,2532,3805
59506,2012-09-11,11,September,2012,19,Youth (<25),F,United States,California,Bikes,Road Bikes,"Road-350-W Yellow, 42",2,1083,1701,1168,2166,3334
51354,2012-09-11,11,September,2012,35,Adults (35-64),F,United Kingdom,England,Bikes,Mountain Bikes,"Mountain-200 Black, 42",2,1252,2295,1902,2504,4406
64416,2012-09-11,11,September,2012,35,Adults (35-64),F,United States,Oregon,Bikes,Road Bikes,"Road-250 Black, 44",2,1555,2443,1092,3110,4202
70486,2012-09-12,12,September,2012,52,Adults (35-64),F,United States,California,Bikes,Road Bikes,"Road-150 Red, 48",2,2171,3578,2671,4342,7013
63296,2012-09-12,12,September,2012,22,Youth (<25),M,Australia,Victoria,Bikes,Road Bikes,"Road-650 Black, 44",2,487,783,263,974,1237
67618,2012-09-12,12,September,2012,33,Young Adults (25-34),F,United States,California,Bikes,Road Bikes,"Road-750 Black, 44",2,344,540,370,688,1058
49918,2012-09-12,12,September,2012,19,Youth (<25),F,Germany,Saarland,Bikes,Mountain Bikes,"Mountain-200 Silver, 42",2,1266,2320,1273,2532,3805
67866,2012-09-12,12,September,2012,23,Youth (<25),F,Australia,New South Wales,Bikes,Road Bikes,"Road-350-W Yellow, 42",2,1083,1701,794,2166,2960
58944,2012-09-12,12,September,2012,49,Adults (35-64),M,United States,Washington,Bikes,Road Bikes,"Road-250 Red, 52",2,1519,2443,773,3038,3811
69704,2012-09-12,12,September,2012,32,Young Adults (25-34),M,Australia,Victoria,Bikes,Road Bikes,"Road-550-W Yellow, 38",2,713,1120,344,1426,1770
66218,2012-09-13,13,September,2012,17,Youth (<25),M,United States,Washington,Bikes,Road Bikes,"Road-750 Black, 48",2,344,540,154,688,842
60682,2012-09-13,13,September,2012,51,Adults (35-64),M,United States,California,Bikes,Road Bikes,"Road-650 Black, 62",2,487,783,561,974,1535
62704,2012-09-13,13,September,2012,27,Young Adults (25-34),M,Australia,New South Wales,Bikes,Road Bikes,"Road-250 Black, 52",2,1555,2443,1141,3110,4251
62612,2012-09-13,13,September,2012,36,Adults (35-64),M,United States,Washington,Bikes,Road Bikes,"Road-350-W Yellow, 40",2,1083,1701,488,2166,2654
67732,2012-09-13,13,September,2012,28,Young Adults (25-34),M,Australia,New South Wales,Bikes,Road Bikes,"Road-350-W Yellow, 42",2,1083,1701,794,2166,2960
57414,2012-09-13,13,September,2012,27,Young Adults (25-34),M,United States,California,Bikes,Mountain Bikes,"Mountain-200 Silver, 38",2,1266,2320,2015,2532,4547
58032,2012-09-13,13,September,2012,24,Youth (<25),F,France,Charente-Maritime,Bikes,Mountain Bikes,"Mountain-200 Black, 42",2,1252,2295,1994,2504,4498
70048,2012-09-13,13,September,2012,54,Adults (35-64),M,United Kingdom,England,Bikes,Road Bikes,"Road-750 Black, 52",2,344,540,349,688,1037
59416,2012-09-13,13,September,2012,19,Youth (<25),F,United States,Oregon,Bikes,Road Bikes,"Road-550-W Yellow, 44",2,713,1120,500,1426,1926
71246,2012-09-13,13,September,2012,35,Adults (35-64),F,United States,Washington,Bikes,Road Bikes,"Road-150 Red, 56",2,2171,3578,1240,4342,5582
49802,2012-09-13,13,September,2012,25,Young Adults (25-34),M,Australia,New South Wales,Bikes,Mountain Bikes,"Mountain-200 Black, 38",2,1252,2295,1489,2504,3993
60544,2012-09-14,14,September,2012,28,Young Adults (25-34),M,Germany,Bayern,Bikes,Road Bikes,"Road-150 Red, 56",2,2171,3578,2742,4342,7084
66098,2012-09-14,14,September,2012,21,Youth (<25),M,Australia,New South Wales,Bikes,Road Bikes,"Road-250 Black, 58",2,1555,2443,1141,3110,4251
55750,2012-09-14,14,September,2012,36,Adults (35-64),F,United Kingdom,England,Bikes,Mountain Bikes,"Mountain-500 Black, 42",2,295,540,447,590,1037
67734,2012-09-14,14,September,2012,28,Young Adults (25-34),M,Australia,New South Wales,Bikes,Road Bikes,"Road-350-W Yellow, 42",2,1083,1701,794,2166,2960
52116,2012-09-14,14,September,2012,27,Young Adults (25-34),M,Australia,New South Wales,Bikes,Mountain Bikes,"Mountain-200 Black, 38",2,1252,2295,1489,2504,3993
62116,2012-09-14,14,September,2012,37,Adults (35-64),F,United Kingdom,England,Bikes,Road Bikes,"Road-350-W Yellow, 48",2,1083,1701,1100,2166,3266
64410,2012-09-14,14,September,2012,36,Adults (35-64),F,Germany,Bayern,Bikes,Road Bikes,"Road-250 Red, 58",2,1555,2443,1727,3110,4837
58038,2012-09-14,14,September,2012,27,Young Adults (25-34),F,France,Yveline,Bikes,Mountain Bikes,"Mountain-200 Black, 38",2,1252,2295,984,2504,3488
67396,2012-09-14,14,September,2012,25,Young Adults (25-34),M,United States,Washington,Bikes,Road Bikes,"Road-750 Black, 44",2,344,540,154,688,842
58744,2012-09-14,14,September,2012,42,Adults (35-64),F,France,Seine (Paris),Bikes,Road Bikes,"Road-150 Red, 62",2,2171,3578,1526,4342,5868
70340,2012-09-15,15,September,2012,41,Adults (35-64),M,United States,Washington,Bikes,Road Bikes,"Road-150 Red, 48",2,2171,3578,1240,4342,5582
50034,2012-09-15,15,September,2012,27,Young Adults (25-34),F,Australia,Victoria,Bikes,Mountain Bikes,"Mountain-200 Black, 46",2,1252,2295,1122,2504,3626
66444,2012-09-15,15,September,2012,34,Young Adults (25-34),M,Canada,British Columbia,Bikes,Road Bikes,"Road-750 Black, 52",2,344,540,381,688,1069
59862,2012-09-15,15,September,2012,25,Young Adults (25-34),M,France,Garonne (Haute),Bikes,Road Bikes,"Road-150 Red, 52",2,2171,3578,2385,4342,6727
71136,2012-09-16,16,September,2012,38,Adults (35-64),M,Canada,British Columbia,Bikes,Road Bikes,"Road-150 Red, 62",2,2171,3578,2742,4342,7084
67143,2012-09-16,16,September,2012,28,Young Adults (25-34),F,Australia,New South Wales,Bikes,Road Bikes,"Road-250 Black, 52",2,1555,2443,1141,3110,4251
67142,2012-09-16,16,September,2012,28,Young Adults (25-34),F,Australia,New South Wales,Bikes,Road Bikes,"Road-250 Black, 52",2,1555,2443,1141,3110,4251
70508,2012-09-16,16,September,2012,49,Adults (35-64),M,United States,California,Bikes,Road Bikes,"Road-150 Red, 48",2,2171,3578,2671,4342,7013
50532,2012-09-16,16,September,2012,19,Youth (<25),M,United Kingdom,England,Bikes,Mountain Bikes,"Mountain-200 Silver, 46",2,1266,2320,1922,2532,4454
64786,2012-09-17,17,September,2012,27,Young Adults (25-34),F,Australia,Victoria,Bikes,Road Bikes,"Road-250 Black, 44",2,1555,2443,750,3110,3860
66116,2012-09-17,17,September,2012,23,Youth (<25),M,Australia,New South Wales,Bikes,Road Bikes,"Road-250 Black, 58",2,1555,2443,1141,3110,4251
60574,2012-09-17,17,September,2012,44,Adults (35-64),F,Germany,Bayern,Bikes,Road Bikes,"Road-150 Red, 56",2,2171,3578,2742,4342,7084
67736,2012-09-17,17,September,2012,28,Young Adults (25-34),M,Australia,New South Wales,Bikes,Road Bikes,"Road-350-W Yellow, 42",2,1083,1701,794,2166,2960
62706,2012-09-17,17,September,2012,27,Young Adults (25-34),M,Australia,New South Wales,Bikes,Road Bikes,"Road-250 Black, 52",2,1555,2443,1141,3110,4251
59668,2012-09-18,18,September,2012,45,Adults (35-64),M,France,Essonne,Bikes,Road Bikes,"Road-150 Red, 62",2,2171,3578,2528,4342,6870
64424,2012-09-18,18,September,2012,36,Adults (35-64),F,Canada,British Columbia,Bikes,Road Bikes,"Road-550-W Yellow, 42",2,713,1120,792,1426,2218
66100,2012-09-18,18,September,2012,21,Youth (<25),M,Australia,New South Wales,Bikes,Road Bikes,"Road-250 Black, 58",2,1555,2443,1141,3110,4251
63370,2012-09-18,18,September,2012,25,Young Adults (25-34),F,Australia,New South Wales,Bikes,Road Bikes,"Road-250 Black, 52",2,1555,2443,1141,3110,4251
57378,2012-09-18,18,September,2012,28,Young Adults (25-34),F,United States,California,Bikes,Mountain Bikes,"Mountain-200 Black, 42",2,1252,2295,1994,2504,4498
58036,2012-09-18,18,September,2012,25,Young Adults (25-34),M,France,Seine et Marne,Bikes,Mountain Bikes,"Mountain-200 Silver, 38",2,1266,2320,1273,2532,3805
49804,2012-09-18,18,September,2012,25,Young Adults (25-34),M,Australia,New South Wales,Bikes,Mountain Bikes,"Mountain-200 Black, 38",2,1252,2295,1489,2504,3993
59050,2012-09-18,18,September,2012,38,Adults (35-64),F,Germany,Hessen,Bikes,Road Bikes,"Road-150 Red, 56",2,2171,3578,2313,4342,6655
59018,2012-09-18,18,September,2012,63,Adults (35-64),F,United States,California,Bikes,Road Bikes,"Road-250 Black, 44",2,1555,2443,1678,3110,4788
59765,2012-09-19,19,September,2012,50,Adults (35-64),M,United States,Washington,Bikes,Road Bikes,"Road-550-W Yellow, 44",2,713,1120,321,1426,1747
67052,2012-09-19,19,September,2012,36,Adults (35-64),M,Canada,British Columbia,Bikes,Road Bikes,"Road-750 Black, 44",2,344,540,381,688,1069
68648,2012-09-19,19,September,2012,25,Young Adults (25-34),F,Germany,Nordrhein-Westfalen,Bikes,Road Bikes,"Road-550-W Yellow, 40",2,713,1120,523,1426,1949
63746,2012-09-19,19,September,2012,27,Young Adults (25-34),M,France,Seine (Paris),Bikes,Road Bikes,"Road-550-W Yellow, 38",2,713,1120,411,1426,1837
64200,2012-09-19,19,September,2012,21,Youth (<25),F,Australia,New South Wales,Bikes,Road Bikes,"Road-250 Black, 58",2,1555,2443,1141,3110,4251
67514,2012-09-19,19,September,2012,41,Adults (35-64),F,United States,California,Bikes,Road Bikes,"Road-750 Black, 52",2,344,540,370,688,1058
59500,2012-09-19,19,September,2012,21,Youth (<25),F,United States,Oregon,Bikes,Road Bikes,"Road-550-W Yellow, 42",2,713,1120,500,1426,1926
71248,2012-09-19,19,September,2012,35,Adults (35-64),F,United States,Washington,Bikes,Road Bikes,"Road-150 Red, 56",2,2171,3578,1240,4342,5582
59764,2012-09-19,19,September,2012,50,Adults (35-64),M,United States,Washington,Bikes,Road Bikes,"Road-550-W Yellow, 44",2,713,1120,321,1426,1747
57846,2012-09-20,20,September,2012,26,Young Adults (25-34),F,United States,Washington,Bikes,Mountain Bikes,"Mountain-200 Black, 38",2,1252,2295,1076,2504,3580
66884,2012-09-20,20,September,2012,34,Young Adults (25-34),M,United Kingdom,England,Bikes,Road Bikes,"Road-550-W Yellow, 44",2,713,1120,724,1426,2150
64788,2012-09-20,20,September,2012,27,Young Adults (25-34),F,Australia,Victoria,Bikes,Road Bikes,"Road-250 Black, 44",2,1555,2443,750,3110,3860
59498,2012-09-20,20,September,2012,23,Youth (<25),F,United States,Oregon,Bikes,Road Bikes,"Road-550-W Yellow, 40",2,713,1120,500,1426,1926
68498,2012-09-20,20,September,2012,35,Adults (35-64),M,Australia,Queensland,Bikes,Road Bikes,"Road-350-W Yellow, 40",2,1083,1701,692,2166,2858
64530,2012-09-20,20,September,2012,30,Young Adults (25-34),F,Australia,New South Wales,Bikes,Road Bikes,"Road-250 Black, 48",2,1555,2443,1141,3110,4251
52398,2012-09-20,20,September,2012,26,Young Adults (25-34),M,United States,California,Bikes,Mountain Bikes,"Mountain-400-W Silver, 38",2,420,769,667,840,1507
69618,2012-09-21,21,September,2012,34,Young Adults (25-34),F,Canada,British Columbia,Bikes,Road Bikes,"Road-550-W Yellow, 40",2,713,1120,792,1426,2218
59092,2012-09-21,21,September,2012,45,Adults (35-64),F,France,Seine (Paris),Bikes,Road Bikes,"Road-150 Red, 62",2,2171,3578,1526,4342,5868
61990,2012-09-21,21,September,2012,25,Young Adults (25-34),M,Germany,Hessen,Bikes,Road Bikes,"Road-350-W Yellow, 40",2,1083,1701,998,2166,3164
57416,2012-09-21,21,September,2012,27,Young Adults (25-34),M,United States,California,Bikes,Mountain Bikes,"Mountain-200 Silver, 38",2,1266,2320,2015,2532,4547
57916,2012-09-21,21,September,2012,28,Young Adults (25-34),M,United States,California,Bikes,Mountain Bikes,"Mountain-200 Black, 38",2,1252,2295,1994,2504,4498
68756,2012-09-22,22,September,2012,25,Young Adults (25-34),M,Australia,New South Wales,Bikes,Road Bikes,"Road-550-W Yellow, 44",2,713,1120,523,1426,1949
62334,2012-09-22,22,September,2012,42,Adults (35-64),F,France,Yveline,Bikes,Road Bikes,"Road-350-W Yellow, 42",2,1083,1701,420,2166,2586
63280,2012-09-22,22,September,2012,47,Adults (35-64),M,France,Seine Saint Denis,Bikes,Road Bikes,"Road-550-W Yellow, 42",2,713,1120,411,1426,1837
63390,2012-09-22,22,September,2012,24,Youth (<25),F,France,Nord,Bikes,Road Bikes,"Road-550-W Yellow, 40",2,713,1120,523,1426,1949
66102,2012-09-22,22,September,2012,21,Youth (<25),M,Australia,New South Wales,Bikes,Road Bikes,"Road-250 Black, 58",2,1555,2443,1141,3110,4251
58486,2012-09-23,23,September,2012,52,Adults (35-64),M,United States,California,Bikes,Road Bikes,"Road-150 Red, 52",2,2171,3578,2671,4342,7013
61788,2012-09-23,23,September,2012,42,Adults (35-64),M,France,Loiret,Bikes,Road Bikes,"Road-250 Black, 48",2,1555,2443,1239,3110,4349
57514,2012-09-23,23,September,2012,30,Young Adults (25-34),M,United States,Washington,Bikes,Mountain Bikes,"Mountain-200 Silver, 38",2,1266,2320,1087,2532,3619
60742,2012-09-23,23,September,2012,41,Adults (35-64),F,Germany,Saarland,Bikes,Road Bikes,"Road-250 Black, 44",2,1555,2443,897,3110,4007
61666,2012-09-23,23,September,2012,31,Young Adults (25-34),F,Australia,New South Wales,Bikes,Road Bikes,"Road-150 Red, 62",2,2171,3578,1884,4342,6226
71526,2012-09-23,23,September,2012,17,Youth (<25),F,United States,California,Bikes,Road Bikes,"Road-750 Black, 52",2,344,540,370,688,1058
68676,2012-09-23,23,September,2012,26,Young Adults (25-34),M,Canada,British Columbia,Bikes,Road Bikes,"Road-150 Red, 56",2,2171,3578,2742,4342,7084
51208,2012-09-24,24,September,2012,25,Young Adults (25-34),F,Australia,Queensland,Bikes,Mountain Bikes,"Mountain-200 Silver, 38",2,1266,2320,1366,2532,3898
66246,2012-09-24,24,September,2012,25,Young Adults (25-34),F,United States,California,Bikes,Road Bikes,"Road-750 Black, 44",2,344,540,370,688,1058
65412,2012-09-24,24,September,2012,28,Young Adults (25-34),F,Australia,Victoria,Bikes,Road Bikes,"Road-250 Black, 48",2,1555,2443,750,3110,3860
55086,2012-09-24,24,September,2012,55,Adults (35-64),M,United Kingdom,England,Bikes,Mountain Bikes,"Mountain-400-W Silver, 46",2,420,769,636,840,1476
60036,2012-09-24,24,September,2012,23,Youth (<25),F,United Kingdom,England,Bikes,Road Bikes,"Road-150 Red, 56",2,2171,3578,2528,4342,6870
70150,2012-09-24,24,September,2012,22,Youth (<25),F,Australia,New South Wales,Bikes,Road Bikes,"Road-350-W Yellow, 40",2,1083,1701,794,2166,2960
67146,2012-09-24,24,September,2012,28,Young Adults (25-34),F,Australia,New South Wales,Bikes,Road Bikes,"Road-250 Black, 52",2,1555,2443,1141,3110,4251
59702,2012-09-24,24,September,2012,23,Youth (<25),F,United States,California,Bikes,Road Bikes,"Road-550-W Yellow, 42",2,713,1120,769,1426,2195
66052,2012-09-24,24,September,2012,49,Adults (35-64),F,United States,California,Bikes,Road Bikes,"Road-550-W Yellow, 44",2,713,1120,769,1426,2195
64946,2012-09-25,25,September,2012,40,Adults (35-64),M,United States,California,Bikes,Road Bikes,"Road-550-W Yellow, 42",2,713,1120,769,1426,2195
61280,2012-09-25,25,September,2012,38,Adults (35-64),M,United Kingdom,England,Bikes,Road Bikes,"Road-250 Black, 52",2,1555,2443,1581,3110,4691
66162,2012-09-25,25,September,2012,28,Young Adults (25-34),M,Australia,South Australia,Bikes,Road Bikes,"Road-250 Black, 52",2,1555,2443,897,3110,4007
62708,2012-09-25,25,September,2012,27,Young Adults (25-34),M,Australia,New South Wales,Bikes,Road Bikes,"Road-250 Black, 52",2,1555,2443,1141,3110,4251
67148,2012-09-25,25,September,2012,28,Young Adults (25-34),F,Australia,New South Wales,Bikes,Road Bikes,"Road-250 Black, 52",2,1555,2443,1141,3110,4251
65588,2012-09-25,25,September,2012,33,Young Adults (25-34),F,Australia,New South Wales,Bikes,Road Bikes,"Road-250 Black, 52",2,1555,2443,1141,3110,4251
61182,2012-09-26,26,September,2012,56,Adults (35-64),F,United Kingdom,England,Bikes,Road Bikes,"Road-750 Black, 44",2,344,540,349,688,1037
60564,2012-09-26,26,September,2012,53,Adults (35-64),F,Germany,Saarland,Bikes,Road Bikes,"Road-250 Black, 52",2,1555,2443,897,3110,4007
57848,2012-09-26,26,September,2012,26,Young Adults (25-34),F,United States,Washington,Bikes,Mountain Bikes,"Mountain-200 Black, 38",2,1252,2295,1076,2504,3580
69712,2012-09-26,26,September,2012,37,Adults (35-64),M,Australia,Victoria,Bikes,Road Bikes,"Road-550-W Yellow, 48",2,713,1120,344,1426,1770
61542,2012-09-26,26,September,2012,24,Youth (<25),M,Canada,British Columbia,Bikes,Road Bikes,"Road-350-W Yellow, 48",2,1083,1701,1202,2166,3368
69246,2012-09-26,26,September,2012,34,Young Adults (25-34),F,United Kingdom,England,Bikes,Road Bikes,"Road-350-W Yellow, 42",2,1083,1701,1100,2166,3266
61818,2012-09-26,26,September,2012,27,Young Adults (25-34),M,Australia,Tasmania,Bikes,Road Bikes,"Road-150 Red, 56",2,2171,3578,1454,4342,5796
49866,2012-09-26,26,September,2012,31,Young Adults (25-34),F,Germany,Hessen,Bikes,Mountain Bikes,"Mountain-200 Silver, 38",2,1266,2320,1783,2532,4315
55680,2012-09-26,26,September,2012,35,Adults (35-64),M,United Kingdom,England,Bikes,Mountain Bikes,"Mountain-500 Black, 44",2,295,540,447,590,1037
57400,2012-09-26,26,September,2012,27,Young Adults (25-34),M,United States,Washington,Bikes,Mountain Bikes,"Mountain-200 Silver, 42",2,1266,2320,1087,2532,3619
65748,2012-09-27,27,September,2012,35,Adults (35-64),F,United States,California,Bikes,Road Bikes,"Road-550-W Yellow, 48",2,713,1120,769,1426,2195
57536,2012-09-27,27,September,2012,29,Young Adults (25-34),M,United States,California,Bikes,Mountain Bikes,"Mountain-200 Black, 38",2,1252,2295,1994,2504,4498
61768,2012-09-27,27,September,2012,50,Adults (35-64),M,United States,California,Bikes,Road Bikes,"Road-350-W Yellow, 42",2,1083,1701,1168,2166,3334
57874,2012-09-28,28,September,2012,28,Young Adults (25-34),F,United States,Washington,Bikes,Mountain Bikes,"Mountain-200 Black, 38",2,1252,2295,1076,2504,3580
61544,2012-09-28,28,September,2012,24,Youth (<25),M,Canada,British Columbia,Bikes,Road Bikes,"Road-350-W Yellow, 48",2,1083,1701,1202,2166,3368
56298,2012-09-29,29,September,2012,37,Adults (35-64),M,United Kingdom,England,Bikes,Mountain Bikes,"Mountain-500 Silver, 40",2,308,565,469,616,1085
63010,2012-09-29,29,September,2012,26,Young Adults (25-34),F,France,Yveline,Bikes,Road Bikes,"Road-250 Black, 58",2,1555,2443,603,3110,3713
60572,2012-09-29,29,September,2012,43,Adults (35-64),F,Germany,Hessen,Bikes,Road Bikes,"Road-150 Red, 48",2,2171,3578,2313,4342,6655
69474,2012-09-29,29,September,2012,26,Young Adults (25-34),M,Australia,New South Wales,Bikes,Road Bikes,"Road-550-W Yellow, 44",2,713,1120,523,1426,1949
59812,2012-09-29,29,September,2012,55,Adults (35-64),F,France,Nord,Bikes,Road Bikes,"Road-150 Red, 62",2,2171,3578,1884,4342,6226
58510,2012-09-29,29,September,2012,39,Adults (35-64),M,United Kingdom,England,Bikes,Road Bikes,"Road-150 Red, 44",2,2171,3578,2528,4342,6870
49838,2012-09-29,29,September,2012,43,Adults (35-64),F,Canada,British Columbia,Bikes,Mountain Bikes,"Mountain-200 Black, 38",2,1252,2295,2040,2504,4544
66500,2012-09-30,30,September,2012,54,Adults (35-64),F,United Kingdom,England,Bikes,Road Bikes,"Road-750 Black, 52",2,344,540,349,688,1037
65484,2012-09-30,30,September,2012,35,Adults (35-64),F,Australia,New South Wales,Bikes,Road Bikes,"Road-350-W Yellow, 48",2,1083,1701,794,2166,2960
70152,2012-09-30,30,September,2012,22,Youth (<25),F,Australia,New South Wales,Bikes,Road Bikes,"Road-350-W Yellow, 40",2,1083,1701,794,2166,2960
70600,2012-09-30,30,September,2012,19,Youth (<25),F,Canada,British Columbia,Bikes,Road Bikes,"Road-150 Red, 62",2,2171,3578,2742,4342,7084
61368,2012-09-30,30,September,2012,22,Youth (<25),M,Australia,Queensland,Bikes,Road Bikes,"Road-150 Red, 44",2,2171,3578,1669,4342,6011
69842,2012-09-30,30,September,2012,26,Young Adults (25-34),M,Australia,Victoria,Bikes,Road Bikes,"Road-750 Black, 52",2,344,540,165,688,853
69290,2012-09-30,30,September,2012,35,Adults (35-64),F,United Kingdom,England,Bikes,Road Bikes,"Road-750 Black, 44",2,344,540,349,688,1037
61192,2012-09-30,30,September,2012,55,Adults (35-64),M,United Kingdom,England,Bikes,Road Bikes,"Road-250 Red, 48",2,1519,2443,1653,3038,4691
68304,2012-09-30,30,September,2012,54,Adults (35-64),F,Germany,Saarland,Bikes,Road Bikes,"Road-750 Black, 48",2,344,540,198,688,886
52856,2012-10-01,1,October,2012,28,Young Adults (25-34),M,United Kingdom,England,Bikes,Mountain Bikes,"Mountain-200 Black, 38",2,1252,2295,1902,2504,4406
60334,2012-10-01,1,October,2012,36,Adults (35-64),F,United States,California,Bikes,Road Bikes,"Road-650 Red, 62",2,487,783,561,974,1535
70116,2012-10-01,1,October,2012,27,Young Adults (25-34),M,Canada,British Columbia,Bikes,Road Bikes,"Road-650 Red, 44",2,487,783,576,974,1550
64660,2012-10-01,1,October,2012,48,Adults (35-64),F,United States,California,Bikes,Road Bikes,"Road-550-W Yellow, 40",2,713,1120,769,1426,2195
71458,2012-10-01,1,October,2012,62,Adults (35-64),M,United States,California,Bikes,Road Bikes,"Road-150 Red, 56",2,2171,3578,2671,4342,7013
51468,2012-10-01,1,October,2012,53,Adults (35-64),M,Australia,New South Wales,Bikes,Mountain Bikes,"Mountain-200 Black, 42",2,1252,2295,1489,2504,3993
51248,2012-10-01,1,October,2012,28,Young Adults (25-34),M,Australia,South Australia,Bikes,Mountain Bikes,"Mountain-200 Silver, 38",2,1266,2320,1273,2532,3805
67600,2012-10-01,1,October,2012,40,Adults (35-64),F,Australia,Queensland,Bikes,Road Bikes,"Road-350-W Yellow, 40",2,1083,1701,692,2166,2858
50126,2012-10-02,2,October,2012,29,Young Adults (25-34),F,Australia,New South Wales,Bikes,Mountain Bikes,"Mountain-200 Silver, 38",2,1266,2320,1505,2532,4037
61578,2012-10-02,2,October,2012,47,Adults (35-64),F,United States,California,Bikes,Road Bikes,"Road-350-W Yellow, 42",2,1083,1701,1168,2166,3334
67796,2012-10-02,2,October,2012,46,Adults (35-64),M,United States,California,Bikes,Road Bikes,"Road-150 Red, 52",2,2171,3578,2671,4342,7013
52479,2012-10-02,2,October,2012,28,Young Adults (25-34),F,Australia,New South Wales,Bikes,Mountain Bikes,"Mountain-200 Black, 38",2,1252,2295,1489,2504,3993
59550,2012-10-02,2,October,2012,38,Adults (35-64),F,United Kingdom,England,Bikes,Road Bikes,"Road-250 Red, 44",2,1519,2443,1653,3038,4691
52478,2012-10-02,2,October,2012,28,Young Adults (25-34),F,Australia,New South Wales,Bikes,Mountain Bikes,"Mountain-200 Black, 38",2,1252,2295,1489,2504,3993
60950,2012-10-02,2,October,2012,43,Adults (35-64),M,Australia,New South Wales,Bikes,Road Bikes,"Road-150 Red, 52",2,2171,3578,1884,4342,6226
51478,2012-10-02,2,October,2012,50,Adults (35-64),M,Australia,Queensland,Bikes,Mountain Bikes,"Mountain-500 Black, 44",2,295,540,317,590,907
65704,2012-10-03,3,October,2012,46,Adults (35-64),M,Australia,New South Wales,Bikes,Road Bikes,"Road-750 Black, 48",2,344,540,252,688,940
51472,2012-10-03,3,October,2012,52,Adults (35-64),M,Australia,New South Wales,Bikes,Mountain Bikes,"Mountain-200 Silver, 38",2,1266,2320,1505,2532,4037
66206,2012-10-03,3,October,2012,38,Adults (35-64),F,Australia,Victoria,Bikes,Road Bikes,"Road-250 Red, 58",2,1555,2443,750,3110,3860
62808,2012-10-03,3,October,2012,34,Young Adults (25-34),F,Australia,New South Wales,Bikes,Road Bikes,"Road-250 Black, 44",2,1555,2443,1141,3110,4251
59344,2012-10-03,3,October,2012,30,Young Adults (25-34),F,Germany,Hamburg,Bikes,Road Bikes,"Road-250 Black, 44",2,1555,2443,1434,3110,4544
68558,2012-10-03,3,October,2012,36,Adults (35-64),M,Australia,South Australia,Bikes,Road Bikes,"Road-550-W Yellow, 48",2,713,1120,411,1426,1837
57234,2012-10-03,3,October,2012,51,Adults (35-64),M,United States,Washington,Bikes,Mountain Bikes,"Mountain-100 Black, 48",2,1898,3375,1469,3796,5265
66502,2012-10-04,4,October,2012,54,Adults (35-64),F,United Kingdom,England,Bikes,Road Bikes,"Road-750 Black, 52",2,344,540,349,688,1037
50626,2012-10-04,4,October,2012,38,Adults (35-64),M,United Kingdom,England,Bikes,Mountain Bikes,"Mountain-200 Silver, 42",2,1266,2320,1922,2532,4454
59928,2012-10-04,4,October,2012,29,Young Adults (25-34),M,France,Nord,Bikes,Road Bikes,"Road-150 Red, 48",2,2171,3578,1884,4342,6226
67944,2012-10-04,4,October,2012,45,Adults (35-64),F,United States,California,Bikes,Road Bikes,"Road-750 Black, 52",2,344,540,370,688,1058
61282,2012-10-04,4,October,2012,38,Adults (35-64),M,United Kingdom,England,Bikes,Road Bikes,"Road-250 Black, 52",2,1555,2443,1581,3110,4691
59514,2012-10-04,4,October,2012,21,Youth (<25),F,United States,California,Bikes,Road Bikes,"Road-550-W Yellow, 40",2,713,1120,769,1426,2195
61792,2012-10-04,4,October,2012,53,Adults (35-64),M,France,Hauts de Seine,Bikes,Road Bikes,"Road-250 Black, 58",2,1555,2443,1434,3110,4544
57516,2012-10-05,5,October,2012,30,Young Adults (25-34),M,United States,Washington,Bikes,Mountain Bikes,"Mountain-200 Silver, 38",2,1266,2320,1087,2532,3619
61594,2012-10-05,5,October,2012,40,Adults (35-64),M,Germany,Nordrhein-Westfalen,Bikes,Road Bikes,"Road-250 Red, 58",2,1555,2443,1141,3110,4251
61174,2012-10-05,5,October,2012,47,Adults (35-64),F,Australia,Victoria,Bikes,Road Bikes,"Road-150 Red, 62",2,2171,3578,1311,4342,5653
69844,2012-10-06,6,October,2012,26,Young Adults (25-34),M,Australia,Victoria,Bikes,Road Bikes,"Road-750 Black, 52",2,344,540,165,688,853
51228,2012-10-06,6,October,2012,26,Young Adults (25-34),F,Australia,New South Wales,Bikes,Mountain Bikes,"Mountain-200 Black, 46",2,1252,2295,1489,2504,3993
54176,2012-10-06,6,October,2012,30,Young Adults (25-34),F,United States,California,Bikes,Mountain Bikes,"Mountain-500 Black, 48",2,295,540,468,590,1058
69876,2012-10-06,6,October,2012,24,Youth (<25),F,Australia,Victoria,Bikes,Road Bikes,"Road-550-W Yellow, 40",2,713,1120,344,1426,1770
58052,2012-10-06,6,October,2012,29,Young Adults (25-34),F,France,Hauts de Seine,Bikes,Mountain Bikes,"Mountain-200 Silver, 46",2,1266,2320,1783,2532,4315
49974,2012-10-06,6,October,2012,32,Young Adults (25-34),F,United States,Washington,Bikes,Mountain Bikes,"Mountain-200 Black, 38",2,1252,2295,1076,2504,3580
67260,2012-10-06,6,October,2012,37,Adults (35-64),M,Australia,New South Wales,Bikes,Road Bikes,"Road-350-W Yellow, 42",2,1083,1701,794,2166,2960
65518,2012-10-07,7,October,2012,36,Adults (35-64),F,Australia,Queensland,Bikes,Road Bikes,"Road-350-W Yellow, 44",2,1083,1701,692,2166,2858
63166,2012-10-07,7,October,2012,46,Adults (35-64),F,United States,California,Bikes,Road Bikes,"Road-350-W Yellow, 48",2,1083,1701,1168,2166,3334
60952,2012-10-07,7,October,2012,43,Adults (35-64),M,Australia,New South Wales,Bikes,Road Bikes,"Road-150 Red, 52",2,2171,3578,1884,4342,6226
67798,2012-10-07,7,October,2012,46,Adults (35-64),M,United States,California,Bikes,Road Bikes,"Road-150 Red, 52",2,2171,3578,2671,4342,7013
69724,2012-10-07,7,October,2012,37,Adults (35-64),F,Australia,New South Wales,Bikes,Road Bikes,"Road-550-W Yellow, 38",2,713,1120,523,1426,1949
50166,2012-10-07,7,October,2012,32,Young Adults (25-34),F,Australia,Queensland,Bikes,Mountain Bikes,"Mountain-200 Silver, 42",2,1266,2320,1366,2532,3898
64058,2012-10-07,7,October,2012,41,Adults (35-64),M,Australia,Queensland,Bikes,Road Bikes,"Road-250 Black, 48",2,1555,2443,994,3110,4104
53658,2012-10-08,8,October,2012,28,Young Adults (25-34),F,United Kingdom,England,Bikes,Mountain Bikes,"Mountain-200 Black, 46",2,1252,2295,1902,2504,4406
66324,2012-10-08,8,October,2012,41,Adults (35-64),M,Australia,South Australia,Bikes,Road Bikes,"Road-250 Black, 48",2,1555,2443,897,3110,4007
66234,2012-10-08,8,October,2012,55,Adults (35-64),M,Australia,Victoria,Bikes,Road Bikes,"Road-350-W Yellow, 48",2,1083,1701,522,2166,2688
55202,2012-10-08,8,October,2012,41,Adults (35-64),F,Australia,New South Wales,Bikes,Mountain Bikes,"Mountain-400-W Silver, 38",2,420,769,498,840,1338
60894,2012-10-08,8,October,2012,31,Young Adults (25-34),F,Germany,Saarland,Bikes,Road Bikes,"Road-250 Black, 44",2,1555,2443,897,3110,4007
69630,2012-10-08,8,October,2012,35,Adults (35-64),F,Canada,British Columbia,Bikes,Road Bikes,"Road-750 Black, 52",2,344,540,381,688,1069
58920,2012-10-08,8,October,2012,21,Youth (<25),M,United States,California,Bikes,Road Bikes,"Road-250 Black, 48",2,1555,2443,1678,3110,4788
58624,2012-10-09,9,October,2012,43,Adults (35-64),M,United Kingdom,England,Bikes,Road Bikes,"Road-550-W Yellow, 48",2,713,1120,724,1426,2150
59872,2012-10-09,9,October,2012,27,Young Adults (25-34),M,France,Loir et Cher,Bikes,Road Bikes,"Road-750 Black, 52",2,344,540,273,688,961
58050,2012-10-09,9,October,2012,46,Adults (35-64),M,France,Moselle,Bikes,Mountain Bikes,"Mountain-200 Silver, 46",2,1266,2320,1551,2532,4083
61284,2012-10-10,10,October,2012,38,Adults (35-64),M,United Kingdom,England,Bikes,Road Bikes,"Road-250 Black, 52",2,1555,2443,1581,3110,4691
60336,2012-10-10,10,October,2012,36,Adults (35-64),F,United States,California,Bikes,Road Bikes,"Road-650 Red, 62",2,487,783,561,974,1535
62904,2012-10-10,10,October,2012,45,Adults (35-64),F,Australia,New South Wales,Bikes,Road Bikes,"Road-550-W Yellow, 40",2,713,1120,523,1426,1949
51504,2012-10-10,10,October,2012,47,Adults (35-64),F,Australia,New South Wales,Bikes,Mountain Bikes,"Mountain-500 Silver, 42",2,308,565,367,616,983
66190,2012-10-11,11,October,2012,35,Adults (35-64),M,Australia,Tasmania,Bikes,Road Bikes,"Road-350-W Yellow, 48",2,1083,1701,590,2166,2756
69726,2012-10-11,11,October,2012,37,Adults (35-64),F,Australia,New South Wales,Bikes,Road Bikes,"Road-550-W Yellow, 38",2,713,1120,523,1426,1949
57112,2012-10-11,11,October,2012,44,Adults (35-64),F,Canada,British Columbia,Bikes,Mountain Bikes,"Mountain-500 Black, 42",2,295,540,479,590,1069
59868,2012-10-11,11,October,2012,26,Young Adults (25-34),F,France,Moselle,Bikes,Road Bikes,"Road-750 Black, 58",2,344,540,262,688,950
60828,2012-10-11,11,October,2012,26,Young Adults (25-34),M,Germany,Bayern,Bikes,Road Bikes,"Road-250 Red, 48",2,1519,2443,1799,3038,4837
66194,2012-10-11,11,October,2012,37,Adults (35-64),F,Australia,South Australia,Bikes,Road Bikes,"Road-350-W Yellow, 40",2,1083,1701,624,2166,2790
51448,2012-10-11,11,October,2012,28,Young Adults (25-34),M,Australia,Tasmania,Bikes,Mountain Bikes,"Mountain-200 Black, 42",2,1252,2295,1214,2504,3718
61344,2012-10-12,12,October,2012,53,Adults (35-64),F,United Kingdom,England,Bikes,Road Bikes,"Road-250 Black, 52",2,1555,2443,1581,3110,4691
58494,2012-10-12,12,October,2012,45,Adults (35-64),M,United States,Washington,Bikes,Road Bikes,"Road-150 Red, 56",2,2171,3578,1240,4342,5582
63942,2012-10-12,12,October,2012,39,Adults (35-64),F,Australia,Queensland,Bikes,Road Bikes,"Road-350-W Yellow, 48",2,1083,1701,692,2166,2858
59992,2012-10-12,12,October,2012,32,Young Adults (25-34),F,France,Nord,Bikes,Road Bikes,"Road-150 Red, 44",2,2171,3578,1884,4342,6226
69764,2012-10-12,12,October,2012,57,Adults (35-64),M,Australia,Queensland,Bikes,Road Bikes,"Road-550-W Yellow, 42",2,713,1120,456,1426,1882
70262,2012-10-12,12,October,2012,44,Adults (35-64),F,Australia,New South Wales,Bikes,Road Bikes,"Road-750 Black, 44",2,344,540,252,688,940
64768,2012-10-12,12,October,2012,26,Young Adults (25-34),F,Australia,New South Wales,Bikes,Road Bikes,"Road-250 Red, 58",2,1555,2443,1141,3110,4251
56300,2012-10-12,12,October,2012,37,Adults (35-64),M,United Kingdom,England,Bikes,Mountain Bikes,"Mountain-500 Silver, 40",2,308,565,469,616,1085
69714,2012-10-12,12,October,2012,37,Adults (35-64),M,Australia,Victoria,Bikes,Road Bikes,"Road-550-W Yellow, 48",2,713,1120,344,1426,1770
66722,2012-10-12,12,October,2012,27,Young Adults (25-34),M,United Kingdom,England,Bikes,Road Bikes,"Road-750 Black, 48",2,344,540,349,688,1037
64708,2012-10-12,12,October,2012,41,Adults (35-64),M,Germany,Bayern,Bikes,Road Bikes,"Road-650 Black, 52",2,487,783,576,974,1550
70634,2012-10-12,12,October,2012,41,Adults (35-64),M,Australia,New South Wales,Bikes,Road Bikes,"Road-750 Black, 48",2,344,540,252,688,940
65724,2012-10-13,13,October,2012,40,Adults (35-64),M,Australia,Queensland,Bikes,Road Bikes,"Road-250 Black, 48",2,1555,2443,994,3110,4104
71560,2012-10-13,13,October,2012,55,Adults (35-64),M,Australia,New South Wales,Bikes,Road Bikes,"Road-750 Black, 44",2,344,540,252,688,940
64078,2012-10-13,13,October,2012,40,Adults (35-64),F,Australia,New South Wales,Bikes,Road Bikes,"Road-250 Black, 52",2,1555,2443,1141,3110,4251
51488,2012-10-13,13,October,2012,50,Adults (35-64),M,Australia,New South Wales,Bikes,Mountain Bikes,"Mountain-500 Black, 48",2,295,540,350,590,940
71540,2012-10-13,13,October,2012,18,Youth (<25),F,United States,Washington,Bikes,Road Bikes,"Road-150 Red, 56",2,2171,3578,1240,4342,5582
63824,2012-10-13,13,October,2012,30,Young Adults (25-34),M,Germany,Saarland,Bikes,Road Bikes,"Road-650 Red, 52",2,487,783,310,974,1284
66304,2012-10-13,13,October,2012,45,Adults (35-64),M,Australia,South Australia,Bikes,Road Bikes,"Road-750 Black, 44",2,344,540,198,688,886
67446,2012-10-13,13,October,2012,32,Young Adults (25-34),M,United States,Oregon,Bikes,Road Bikes,"Road-750 Black, 52",2,344,540,241,688,929
54450,2012-10-13,13,October,2012,31,Young Adults (25-34),F,United States,California,Bikes,Mountain Bikes,"Mountain-200 Black, 38",2,1252,2295,1994,2504,4498
51514,2012-10-13,13,October,2012,47,Adults (35-64),M,Australia,New South Wales,Bikes,Mountain Bikes,"Mountain-500 Silver, 52",2,308,565,367,616,983
50628,2012-10-13,13,October,2012,38,Adults (35-64),M,United Kingdom,England,Bikes,Mountain Bikes,"Mountain-200 Silver, 42",2,1266,2320,1922,2532,4454
54980,2012-10-13,13,October,2012,43,Adults (35-64),M,Australia,New South Wales,Bikes,Mountain Bikes,"Mountain-200 Black, 42",2,1252,2295,1489,2504,3993
64476,2012-10-13,13,October,2012,29,Young Adults (25-34),M,Australia,South Australia,Bikes,Road Bikes,"Road-350-W Yellow, 40",2,1083,1701,624,2166,2790
69728,2012-10-14,14,October,2012,37,Adults (35-64),F,Australia,New South Wales,Bikes,Road Bikes,"Road-550-W Yellow, 38",2,713,1120,523,1426,1949
64710,2012-10-14,14,October,2012,42,Adults (35-64),F,Germany,Hessen,Bikes,Road Bikes,"Road-650 Red, 62",2,487,783,482,974,1456
64616,2012-10-14,14,October,2012,45,Adults (35-64),F,Australia,Victoria,Bikes,Road Bikes,"Road-750 Black, 48",2,344,540,165,688,853
53374,2012-10-14,14,October,2012,28,Young Adults (25-34),M,Australia,Queensland,Bikes,Mountain Bikes,"Mountain-200 Silver, 42",2,1266,2320,1366,2532,3898
60884,2012-10-14,14,October,2012,31,Young Adults (25-34),M,Germany,Bayern,Bikes,Road Bikes,"Road-250 Red, 52",2,1519,2443,1799,3038,4837
59478,2012-10-14,14,October,2012,48,Adults (35-64),F,Australia,New South Wales,Bikes,Road Bikes,"Road-550-W Yellow, 38",2,713,1120,523,1426,1949
54320,2012-10-15,15,October,2012,27,Young Adults (25-34),F,United Kingdom,England,Bikes,Mountain Bikes,"Mountain-200 Silver, 38",2,1266,2320,1922,2532,4454
64060,2012-10-15,15,October,2012,41,Adults (35-64),M,Australia,Queensland,Bikes,Road Bikes,"Road-250 Black, 48",2,1555,2443,994,3110,4104
63542,2012-10-15,15,October,2012,29,Young Adults (25-34),F,United Kingdom,England,Bikes,Road Bikes,"Road-550-W Yellow, 38",2,713,1120,724,1426,2150
61508,2012-10-15,15,October,2012,57,Adults (35-64),M,Australia,New South Wales,Bikes,Road Bikes,"Road-150 Red, 52",2,2171,3578,1884,4342,6226
68744,2012-10-15,15,October,2012,24,Youth (<25),F,Australia,Tasmania,Bikes,Road Bikes,"Road-550-W Yellow, 48",2,713,1120,388,1426,1814
58696,2012-10-15,15,October,2012,43,Adults (35-64),F,United States,Washington,Bikes,Road Bikes,"Road-150 Red, 62",2,2171,3578,1240,4342,5582
60268,2012-10-16,16,October,2012,47,Adults (35-64),M,United States,California,Bikes,Road Bikes,"Road-650 Red, 60",2,487,783,561,974,1535
58048,2012-10-16,16,October,2012,46,Adults (35-64),F,France,Val de Marne,Bikes,Mountain Bikes,"Mountain-200 Black, 46",2,1252,2295,1122,2504,3626
53660,2012-10-16,16,October,2012,28,Young Adults (25-34),F,United Kingdom,England,Bikes,Mountain Bikes,"Mountain-200 Black, 46",2,1252,2295,1902,2504,4406
64914,2012-10-16,16,October,2012,42,Adults (35-64),F,United States,Washington,Bikes,Road Bikes,"Road-750 Black, 48",2,344,540,154,688,842
60266,2012-10-16,16,October,2012,47,Adults (35-64),F,United States,Texas,Bikes,Road Bikes,"Road-650 Red, 62",2,487,783,294,974,1268
64748,2012-10-16,16,October,2012,46,Adults (35-64),F,Germany,Saarland,Bikes,Road Bikes,"Road-650 Red, 62",2,487,783,310,974,1284
59552,2012-10-16,16,October,2012,38,Adults (35-64),F,United Kingdom,England,Bikes,Road Bikes,"Road-250 Red, 44",2,1519,2443,1653,3038,4691
65520,2012-10-16,16,October,2012,36,Adults (35-64),F,Australia,Queensland,Bikes,Road Bikes,"Road-350-W Yellow, 44",2,1083,1701,692,2166,2858
51684,2012-10-16,16,October,2012,50,Adults (35-64),M,United States,California,Bikes,Mountain Bikes,"Mountain-200 Black, 46",2,1252,2295,1994,2504,4498
63168,2012-10-17,17,October,2012,46,Adults (35-64),F,United States,California,Bikes,Road Bikes,"Road-350-W Yellow, 48",2,1083,1701,1168,2166,3334
59366,2012-10-17,17,October,2012,33,Young Adults (25-34),M,Germany,Bayern,Bikes,Road Bikes,"Road-150 Red, 62",2,2171,3578,2742,4342,7084
64682,2012-10-17,17,October,2012,45,Adults (35-64),F,United States,Washington,Bikes,Road Bikes,"Road-250 Black, 52",2,1555,2443,701,3110,3811
60822,2012-10-17,17,October,2012,26,Young Adults (25-34),F,Germany,Hessen,Bikes,Road Bikes,"Road-250 Red, 58",2,1555,2443,1434,3110,4544
57418,2012-10-17,17,October,2012,27,Young Adults (25-34),M,United States,California,Bikes,Mountain Bikes,"Mountain-200 Silver, 38",2,1266,2320,2015,2532,4547
61122,2012-10-17,17,October,2012,30,Young Adults (25-34),M,France,Seine Saint Denis,Bikes,Road Bikes,"Road-250 Black, 48",2,1555,2443,897,3110,4007
57480,2012-10-18,18,October,2012,51,Adults (35-64),M,United States,Oregon,Bikes,Mountain Bikes,"Mountain-200 Black, 38",2,1252,2295,1443,2504,3947
63170,2012-10-18,18,October,2012,46,Adults (35-64),F,United States,California,Bikes,Road Bikes,"Road-350-W Yellow, 48",2,1083,1701,1168,2166,3334
52118,2012-10-18,18,October,2012,27,Young Adults (25-34),M,Australia,New South Wales,Bikes,Mountain Bikes,"Mountain-200 Black, 38",2,1252,2295,1489,2504,3993
57454,2012-10-18,18,October,2012,30,Young Adults (25-34),F,United States,Washington,Bikes,Mountain Bikes,"Mountain-200 Silver, 38",2,1266,2320,1087,2532,3619
51484,2012-10-18,18,October,2012,50,Adults (35-64),M,Australia,Victoria,Bikes,Mountain Bikes,"Mountain-500 Silver, 40",2,308,565,277,616,893
50150,2012-10-18,18,October,2012,28,Young Adults (25-34),F,Australia,Victoria,Bikes,Mountain Bikes,"Mountain-200 Black, 42",2,1252,2295,1122,2504,3626
57918,2012-10-18,18,October,2012,28,Young Adults (25-34),M,United States,California,Bikes,Mountain Bikes,"Mountain-200 Black, 38",2,1252,2295,1994,2504,4498
55464,2012-10-19,19,October,2012,26,Young Adults (25-34),M,Australia,New South Wales,Bikes,Mountain Bikes,"Mountain-400-W Silver, 46",2,420,769,498,840,1338
51422,2012-10-19,19,October,2012,28,Young Adults (25-34),F,Australia,Queensland,Bikes,Mountain Bikes,"Mountain-200 Black, 38",2,1252,2295,1352,2504,3856
58496,2012-10-19,19,October,2012,45,Adults (35-64),M,United States,Washington,Bikes,Road Bikes,"Road-150 Red, 56",2,2171,3578,1240,4342,5582
70432,2012-10-19,19,October,2012,46,Adults (35-64),M,United Kingdom,England,Bikes,Road Bikes,"Road-750 Black, 58",2,344,540,349,688,1037
69682,2012-10-19,19,October,2012,31,Young Adults (25-34),M,Australia,Victoria,Bikes,Road Bikes,"Road-550-W Yellow, 44",2,713,1120,344,1426,1770
51728,2012-10-19,19,October,2012,41,Adults (35-64),F,Canada,British Columbia,Bikes,Mountain Bikes,"Mountain-200 Black, 38",2,1252,2295,2040,2504,4544
69962,2012-10-19,19,October,2012,56,Adults (35-64),M,Australia,New South Wales,Bikes,Road Bikes,"Road-550-W Yellow, 44",2,713,1120,523,1426,1949
50186,2012-10-19,19,October,2012,29,Young Adults (25-34),M,Australia,New South Wales,Bikes,Mountain Bikes,"Mountain-200 Black, 46",2,1252,2295,1489,2504,3993
66330,2012-10-19,19,October,2012,41,Adults (35-64),M,Australia,Victoria,Bikes,Road Bikes,"Road-250 Red, 58",2,1555,2443,750,3110,3860
52302,2012-10-19,19,October,2012,29,Young Adults (25-34),M,France,Hauts de Seine,Bikes,Mountain Bikes,"Mountain-200 Black, 46",2,1252,2295,1765,2504,4269
50228,2012-10-19,19,October,2012,51,Adults (35-64),F,Australia,New South Wales,Bikes,Mountain Bikes,"Mountain-200 Silver, 42",2,1266,2320,1505,2532,4037
57786,2012-10-19,19,October,2012,31,Young Adults (25-34),F,United States,Washington,Bikes,Mountain Bikes,"Mountain-200 Silver, 38",2,1266,2320,1087,2532,3619
64358,2012-10-20,20,October,2012,26,Young Adults (25-34),F,France,Seine (Paris),Bikes,Road Bikes,"Road-250 Red, 58",2,1555,2443,897,3110,4007
59958,2012-10-20,20,October,2012,30,Young Adults (25-34),M,France,Essonne,Bikes,Road Bikes,"Road-150 Red, 48",2,2171,3578,2528,4342,6870
51236,2012-10-20,20,October,2012,26,Young Adults (25-34),F,Australia,Queensland,Bikes,Mountain Bikes,"Mountain-200 Silver, 38",2,1266,2320,1366,2532,3898
63544,2012-10-20,20,October,2012,29,Young Adults (25-34),F,United Kingdom,England,Bikes,Road Bikes,"Road-550-W Yellow, 38",2,713,1120,724,1426,2150
59032,2012-10-20,20,October,2012,61,Adults (35-64),M,United States,Washington,Bikes,Road Bikes,"Road-250 Black, 48",2,1555,2443,701,3110,3811
66724,2012-10-20,20,October,2012,27,Young Adults (25-34),M,United Kingdom,England,Bikes,Road Bikes,"Road-750 Black, 48",2,344,540,349,688,1037
58512,2012-10-20,20,October,2012,39,Adults (35-64),M,United Kingdom,England,Bikes,Road Bikes,"Road-150 Red, 44",2,2171,3578,2528,4342,6870
69632,2012-10-20,20,October,2012,35,Adults (35-64),F,Canada,British Columbia,Bikes,Road Bikes,"Road-750 Black, 52",2,344,540,381,688,1069
69894,2012-10-20,20,October,2012,29,Young Adults (25-34),M,Canada,British Columbia,Bikes,Road Bikes,"Road-750 Black, 48",2,344,540,381,688,1069
71468,2012-10-21,21,October,2012,61,Adults (35-64),F,United States,California,Bikes,Road Bikes,"Road-150 Red, 52",2,2171,3578,2671,4342,7013
51526,2012-10-21,21,October,2012,44,Adults (35-64),M,Australia,South Australia,Bikes,Mountain Bikes,"Mountain-200 Black, 42",2,1252,2295,1260,2504,3764
56906,2012-10-21,21,October,2012,28,Young Adults (25-34),M,France,Seine (Paris),Bikes,Mountain Bikes,"Mountain-400-W Silver, 46",2,420,769,421,840,1261
50382,2012-10-21,21,October,2012,52,Adults (35-64),M,United States,California,Bikes,Mountain Bikes,"Mountain-200 Silver, 46",2,1266,2320,2015,2532,4547
66228,2012-10-21,21,October,2012,57,Adults (35-64),F,Australia,Victoria,Bikes,Road Bikes,"Road-750 Black, 58",2,344,540,165,688,853
59554,2012-10-21,21,October,2012,38,Adults (35-64),F,United Kingdom,England,Bikes,Road Bikes,"Road-150 Red, 56",2,2171,3578,2528,4342,6870
55344,2012-10-21,21,October,2012,32,Young Adults (25-34),F,Australia,New South Wales,Bikes,Mountain Bikes,"Mountain-400-W Silver, 40",2,420,769,498,840,1338
63246,2012-10-21,21,October,2012,44,Adults (35-64),F,Germany,Hessen,Bikes,Road Bikes,"Road-650 Red, 60",2,487,783,482,974,1456
66118,2012-10-21,21,October,2012,23,Youth (<25),M,Australia,New South Wales,Bikes,Road Bikes,"Road-250 Black, 58",2,1555,2443,1141,3110,4251
55514,2012-10-21,21,October,2012,32,Young Adults (25-34),F,Australia,Victoria,Bikes,Mountain Bikes,"Mountain-400-W Silver, 46",2,420,769,375,840,1215
69030,2012-10-22,22,October,2012,25,Young Adults (25-34),F,Canada,British Columbia,Bikes,Road Bikes,"Road-250 Red, 52",2,1519,2443,1799,3038,4837
67670,2012-10-22,22,October,2012,35,Adults (35-64),M,Canada,British Columbia,Bikes,Road Bikes,"Road-750 Black, 52",2,344,540,381,688,1069
63480,2012-10-22,22,October,2012,37,Adults (35-64),M,United Kingdom,England,Bikes,Road Bikes,"Road-350-W Yellow, 40",2,1083,1701,1100,2166,3266
67946,2012-10-22,22,October,2012,45,Adults (35-64),F,United States,California,Bikes,Road Bikes,"Road-750 Black, 52",2,344,540,370,688,1058
59988,2012-10-22,22,October,2012,32,Young Adults (25-34),M,Germany,Hamburg,Bikes,Road Bikes,"Road-250 Black, 58",2,1555,2443,1434,3110,4544
68024,2012-10-22,22,October,2012,30,Young Adults (25-34),M,Germany,Bayern,Bikes,Road Bikes,"Road-750 Black, 48",2,344,540,381,688,1069
53998,2012-10-22,22,October,2012,32,Young Adults (25-34),F,United States,California,Bikes,Mountain Bikes,"Mountain-200 Silver, 46",2,1266,2320,2015,2532,4547
63470,2012-10-23,23,October,2012,36,Adults (35-64),M,France,Hauts de Seine,Bikes,Road Bikes,"Road-350-W Yellow, 44",2,1083,1701,998,2166,3164
51496,2012-10-23,23,October,2012,47,Adults (35-64),F,Australia,Queensland,Bikes,Mountain Bikes,"Mountain-200 Black, 46",2,1252,2295,1352,2504,3856
51552,2012-10-23,23,October,2012,42,Adults (35-64),M,Australia,South Australia,Bikes,Mountain Bikes,"Mountain-200 Black, 38",2,1252,2295,1260,2504,3764
61798,2012-10-23,23,October,2012,43,Adults (35-64),M,France,Seine Saint Denis,Bikes,Road Bikes,"Road-250 Black, 52",2,1555,2443,897,3110,4007
51440,2012-10-23,23,October,2012,27,Young Adults (25-34),F,Australia,South Australia,Bikes,Mountain Bikes,"Mountain-200 Black, 46",2,1252,2295,1260,2504,3764
49406,2012-10-23,23,October,2012,42,Adults (35-64),M,Australia,Victoria,Bikes,Mountain Bikes,"Mountain-200 Silver, 46",2,1266,2320,1134,2532,3666
65292,2012-10-23,23,October,2012,29,Young Adults (25-34),M,United Kingdom,England,Bikes,Road Bikes,"Road-350-W Yellow, 48",2,1083,1701,1100,2166,3266
55124,2012-10-24,24,October,2012,41,Adults (35-64),M,Australia,New South Wales,Bikes,Mountain Bikes,"Mountain-200 Silver, 46",2,1266,2320,1505,2532,4037
51522,2012-10-24,24,October,2012,44,Adults (35-64),F,Australia,Queensland,Bikes,Mountain Bikes,"Mountain-400-W Silver, 38",2,420,769,452,840,1292
53834,2012-10-24,24,October,2012,30,Young Adults (25-34),F,Australia,New South Wales,Bikes,Mountain Bikes,"Mountain-200 Silver, 38",2,1266,2320,1505,2532,4037
59864,2012-10-24,24,October,2012,27,Young Adults (25-34),F,France,Loiret,Bikes,Road Bikes,"Road-750 Black, 48",2,344,540,273,688,961
70118,2012-10-24,24,October,2012,27,Young Adults (25-34),M,Canada,British Columbia,Bikes,Road Bikes,"Road-650 Red, 44",2,487,783,576,974,1550
71554,2012-10-24,24,October,2012,19,Youth (<25),M,Canada,British Columbia,Bikes,Road Bikes,"Road-150 Red, 56",2,2171,3578,2742,4342,7084
51730,2012-10-24,24,October,2012,41,Adults (35-64),F,Canada,British Columbia,Bikes,Mountain Bikes,"Mountain-200 Black, 38",2,1252,2295,2040,2504,4544
65064,2012-10-24,24,October,2012,27,Young Adults (25-34),F,United Kingdom,England,Bikes,Road Bikes,"Road-350-W Yellow, 48",2,1083,1701,1100,2166,3266
61424,2012-10-24,24,October,2012,39,Adults (35-64),F,Australia,Victoria,Bikes,Road Bikes,"Road-150 Red, 56",2,2171,3578,1311,4342,5653
69934,2012-10-25,25,October,2012,37,Adults (35-64),F,Canada,British Columbia,Bikes,Road Bikes,"Road-650 Red, 60",2,487,783,576,974,1550
51456,2012-10-25,25,October,2012,31,Young Adults (25-34),F,Australia,Victoria,Bikes,Mountain Bikes,"Mountain-200 Black, 46",2,1252,2295,1122,2504,3626
68734,2012-10-25,25,October,2012,24,Youth (<25),F,Australia,Queensland,Bikes,Road Bikes,"Road-550-W Yellow, 42",2,713,1120,456,1426,1882
58056,2012-10-25,25,October,2012,23,Youth (<25),M,France,Seine (Paris),Bikes,Mountain Bikes,"Mountain-200 Black, 38",2,1252,2295,1260,2504,3764
54000,2012-10-25,25,October,2012,32,Young Adults (25-34),F,United States,California,Bikes,Mountain Bikes,"Mountain-200 Silver, 46",2,1266,2320,2015,2532,4547
54230,2012-10-25,25,October,2012,28,Young Adults (25-34),M,Australia,Victoria,Bikes,Mountain Bikes,"Mountain-200 Black, 38",2,1252,2295,1122,2504,3626
63214,2012-10-25,25,October,2012,41,Adults (35-64),M,Germany,Nordrhein-Westfalen,Bikes,Road Bikes,"Road-550-W Yellow, 40",2,713,1120,523,1426,1949
53104,2012-10-26,26,October,2012,51,Adults (35-64),F,United States,California,Bikes,Mountain Bikes,"Mountain-400-W Silver, 42",2,420,769,667,840,1507
59966,2012-10-26,26,October,2012,32,Young Adults (25-34),M,France,Seine (Paris),Bikes,Road Bikes,"Road-150 Red, 48",2,2171,3578,1526,4342,5868
55772,2012-10-26,26,October,2012,27,Young Adults (25-34),M,United Kingdom,England,Bikes,Mountain Bikes,"Mountain-400-W Silver, 46",2,420,769,636,840,1476
67868,2012-10-26,26,October,2012,23,Youth (<25),F,Australia,New South Wales,Bikes,Road Bikes,"Road-350-W Yellow, 42",2,1083,1701,794,2166,2960
67564,2012-10-26,26,October,2012,46,Adults (35-64),F,Australia,Victoria,Bikes,Road Bikes,"Road-750 Black, 48",2,344,540,165,688,853
69766,2012-10-26,26,October,2012,57,Adults (35-64),M,Australia,Queensland,Bikes,Road Bikes,"Road-550-W Yellow, 42",2,713,1120,456,1426,1882
61800,2012-10-26,26,October,2012,47,Adults (35-64),F,France,Nord,Bikes,Road Bikes,"Road-250 Red, 52",2,1519,2443,1213,3038,4251
49454,2012-10-26,26,October,2012,40,Adults (35-64),M,Australia,Victoria,Bikes,Mountain Bikes,"Mountain-200 Black, 42",2,1252,2295,1122,2504,3626
63660,2012-10-26,26,October,2012,37,Adults (35-64),F,United States,Oregon,Bikes,Road Bikes,"Road-550-W Yellow, 42",2,713,1120,500,1426,1926
68900,2012-10-27,27,October,2012,36,Adults (35-64),F,Australia,Victoria,Bikes,Road Bikes,"Road-550-W Yellow, 48",2,713,1120,344,1426,1770
65910,2012-10-27,27,October,2012,30,Young Adults (25-34),M,Canada,British Columbia,Bikes,Road Bikes,"Road-750 Black, 52",2,344,540,381,688,1069
67936,2012-10-27,27,October,2012,47,Adults (35-64),M,Canada,British Columbia,Bikes,Road Bikes,"Road-750 Black, 58",2,344,540,381,688,1069
59516,2012-10-28,28,October,2012,21,Youth (<25),F,United States,California,Bikes,Road Bikes,"Road-550-W Yellow, 40",2,713,1120,769,1426,2195
66504,2012-10-28,28,October,2012,54,Adults (35-64),F,United Kingdom,England,Bikes,Road Bikes,"Road-750 Black, 52",2,344,540,349,688,1037
66726,2012-10-28,28,October,2012,27,Young Adults (25-34),M,United Kingdom,England,Bikes,Road Bikes,"Road-750 Black, 48",2,344,540,349,688,1037
69054,2012-10-28,28,October,2012,31,Young Adults (25-34),M,Germany,Hessen,Bikes,Road Bikes,"Road-750 Black, 44",2,344,540,316,688,1004
69788,2012-10-28,28,October,2012,54,Adults (35-64),M,Australia,Queensland,Bikes,Road Bikes,"Road-550-W Yellow, 48",2,713,1120,456,1426,1882
61388,2012-10-28,28,October,2012,42,Adults (35-64),M,Australia,New South Wales,Bikes,Road Bikes,"Road-150 Red, 44",2,2171,3578,1884,4342,6226
63890,2012-10-29,29,October,2012,32,Young Adults (25-34),M,Australia,Queensland,Bikes,Road Bikes,"Road-350-W Yellow, 42",2,1083,1701,692,2166,2858
64702,2012-10-29,29,October,2012,40,Adults (35-64),F,Germany,Hamburg,Bikes,Road Bikes,"Road-650 Red, 62",2,487,783,482,974,1456
63024,2012-10-29,29,October,2012,29,Young Adults (25-34),F,Australia,New South Wales,Bikes,Road Bikes,"Road-250 Black, 44",2,1555,2443,1141,3110,4251
51434,2012-10-29,29,October,2012,27,Young Adults (25-34),F,Australia,Queensland,Bikes,Mountain Bikes,"Mountain-200 Silver, 38",2,1266,2320,1366,2532,3898
70264,2012-10-29,29,October,2012,44,Adults (35-64),F,Australia,New South Wales,Bikes,Road Bikes,"Road-750 Black, 44",2,344,540,252,688,940
50168,2012-10-29,29,October,2012,32,Young Adults (25-34),F,Australia,Queensland,Bikes,Mountain Bikes,"Mountain-200 Silver, 42",2,1266,2320,1366,2532,3898
66184,2012-10-30,30,October,2012,33,Young Adults (25-34),F,Australia,Victoria,Bikes,Road Bikes,"Road-250 Black, 58",2,1555,2443,750,3110,3860
52844,2012-10-30,30,October,2012,27,Young Adults (25-34),M,France,Essonne,Bikes,Mountain Bikes,"Mountain-200 Black, 42",2,1252,2295,1902,2504,4406
66312,2012-10-30,30,October,2012,42,Adults (35-64),F,Australia,Victoria,Bikes,Road Bikes,"Road-750 Black, 48",2,344,540,165,688,853
63606,2012-10-30,30,October,2012,30,Young Adults (25-34),F,France,Seine (Paris),Bikes,Road Bikes,"Road-650 Black, 52",2,487,783,310,974,1284
60192,2012-10-30,30,October,2012,53,Adults (35-64),M,France,Seine (Paris),Bikes,Road Bikes,"Road-150 Red, 48",2,2171,3578,1526,4342,5868
60002,2012-10-30,30,October,2012,33,Young Adults (25-34),F,France,Essonne,Bikes,Road Bikes,"Road-150 Red, 44",2,2171,3578,2528,4342,6870
51238,2012-10-30,30,October,2012,26,Young Adults (25-34),F,Australia,Queensland,Bikes,Mountain Bikes,"Mountain-200 Silver, 38",2,1266,2320,1366,2532,3898
59024,2012-10-30,30,October,2012,36,Adults (35-64),F,United States,Oregon,Bikes,Road Bikes,"Road-250 Black, 58",2,1555,2443,1092,3110,4202
58246,2012-10-30,30,October,2012,43,Adults (35-64),F,United States,California,Bikes,Road Bikes,"Road-150 Red, 44",2,2171,3578,2671,4342,7013
68986,2012-10-30,30,October,2012,54,Adults (35-64),M,Australia,New South Wales,Bikes,Road Bikes,"Road-650 Black, 52",2,487,783,388,974,1362
55828,2012-10-30,30,October,2012,51,Adults (35-64),M,United States,California,Bikes,Mountain Bikes,"Mountain-400-W Silver, 38",2,420,769,667,840,1507
59730,2012-10-30,30,October,2012,23,Youth (<25),M,United States,California,Bikes,Road Bikes,"Road-550-W Yellow, 42",2,713,1120,769,1426,2195
69774,2012-10-31,31,October,2012,57,Adults (35-64),M,Australia,Victoria,Bikes,Road Bikes,"Road-550-W Yellow, 48",2,713,1120,344,1426,1770
60898,2012-10-31,31,October,2012,32,Young Adults (25-34),F,Germany,Hamburg,Bikes,Road Bikes,"Road-250 Black, 44",2,1555,2443,1434,3110,4544
59518,2012-10-31,31,October,2012,21,Youth (<25),F,United States,California,Bikes,Road Bikes,"Road-550-W Yellow, 40",2,713,1120,769,1426,2195
70066,2012-10-31,31,October,2012,39,Adults (35-64),F,United Kingdom,England,Bikes,Road Bikes,"Road-750 Black, 48",2,344,540,349,688,1037
67948,2012-10-31,31,October,2012,45,Adults (35-64),F,United States,California,Bikes,Road Bikes,"Road-750 Black, 52",2,344,540,370,688,1058
59824,2012-11-01,1,November,2012,37,Adults (35-64),M,United States,California,Bikes,Road Bikes,"Road-650 Red, 48",2,487,783,561,974,1535
64750,2012-11-01,1,November,2012,48,Adults (35-64),M,Germany,Hessen,Bikes,Road Bikes,"Road-650 Black, 60",2,487,783,482,974,1456
59142,2012-11-01,1,November,2012,56,Adults (35-64),F,United States,Oregon,Bikes,Road Bikes,"Road-250 Black, 52",2,1555,2443,1092,3110,4202
63254,2012-11-01,1,November,2012,44,Adults (35-64),M,United Kingdom,England,Bikes,Road Bikes,"Road-550-W Yellow, 48",2,713,1120,724,1426,2150
69332,2012-11-01,1,November,2012,17,Youth (<25),M,Australia,Victoria,Bikes,Road Bikes,"Road-750 Black, 48",2,344,540,165,688,853
68258,2012-11-01,1,November,2012,20,Youth (<25),M,Australia,Victoria,Bikes,Road Bikes,"Road-750 Black, 44",2,344,540,165,688,853
52572,2012-11-02,2,November,2012,19,Youth (<25),M,United States,California,Bikes,Mountain Bikes,"Mountain-400-W Silver, 42",2,420,769,667,840,1507
69128,2012-11-02,2,November,2012,17,Youth (<25),M,Australia,New South Wales,Bikes,Road Bikes,"Road-650 Red, 48",2,487,783,388,974,1362
69334,2012-11-02,2,November,2012,17,Youth (<25),M,Australia,Victoria,Bikes,Road Bikes,"Road-750 Black, 48",2,344,540,165,688,853
50466,2012-11-02,2,November,2012,41,Adults (35-64),F,Germany,Hessen,Bikes,Mountain Bikes,"Mountain-200 Silver, 46",2,1266,2320,1783,2532,4315
54660,2012-11-03,3,November,2012,47,Adults (35-64),F,United States,Washington,Bikes,Mountain Bikes,"Mountain-500 Silver, 40",2,308,565,265,616,881
59596,2012-11-03,3,November,2012,28,Young Adults (25-34),M,United Kingdom,England,Bikes,Road Bikes,"Road-150 Red, 62",2,2171,3578,2528,4342,6870
66140,2012-11-03,3,November,2012,24,Youth (<25),F,Australia,New South Wales,Bikes,Road Bikes,"Road-250 Black, 52",2,1555,2443,1141,3110,4251
56786,2012-11-03,3,November,2012,45,Adults (35-64),F,Canada,British Columbia,Bikes,Mountain Bikes,"Mountain-200 Silver, 38",2,1266,2320,2062,2532,4594
61220,2012-11-03,3,November,2012,18,Youth (<25),F,Australia,Queensland,Bikes,Road Bikes,"Road-150 Red, 62",2,2171,3578,1669,4342,6011
59098,2012-11-03,3,November,2012,29,Young Adults (25-34),M,Germany,Saarland,Bikes,Road Bikes,"Road-150 Red, 52",2,2171,3578,1526,4342,5868
59034,2012-11-04,4,November,2012,58,Adults (35-64),F,United States,Oregon,Bikes,Road Bikes,"Road-250 Black, 52",2,1555,2443,1092,3110,4202
68060,2012-11-05,5,November,2012,34,Young Adults (25-34),F,Germany,Hessen,Bikes,Road Bikes,"Road-750 Black, 48",2,344,540,316,688,1004
68624,2012-11-05,5,November,2012,25,Young Adults (25-34),M,Australia,Queensland,Bikes,Road Bikes,"Road-550-W Yellow, 40",2,713,1120,456,1426,1882
70588,2012-11-05,5,November,2012,31,Young Adults (25-34),F,United States,Oregon,Bikes,Road Bikes,"Road-150 Red, 52",2,2171,3578,1812,4342,6154
63372,2012-11-05,5,November,2012,25,Young Adults (25-34),F,Australia,New South Wales,Bikes,Road Bikes,"Road-250 Black, 52",2,1555,2443,1141,3110,4251
70968,2012-11-05,5,November,2012,24,Youth (<25),F,Germany,Nordrhein-Westfalen,Bikes,Road Bikes,"Road-550-W Yellow, 42",2,713,1120,523,1426,1949
67306,2012-11-05,5,November,2012,25,Young Adults (25-34),M,United States,California,Bikes,Road Bikes,"Road-750 Black, 52",2,344,540,370,688,1058
60338,2012-11-06,6,November,2012,36,Adults (35-64),F,United States,California,Bikes,Road Bikes,"Road-650 Red, 62",2,487,783,561,974,1535
60052,2012-11-06,6,November,2012,24,Youth (<25),F,France,Seine et Marne,Bikes,Road Bikes,"Road-250 Red, 58",2,1555,2443,897,3110,4007
69878,2012-11-06,6,November,2012,24,Youth (<25),F,Australia,Victoria,Bikes,Road Bikes,"Road-550-W Yellow, 40",2,713,1120,344,1426,1770
69368,2012-11-06,6,November,2012,19,Youth (<25),F,Australia,Queensland,Bikes,Road Bikes,"Road-750 Black, 52",2,344,540,219,688,907
62222,2012-11-06,6,November,2012,29,Young Adults (25-34),F,France,Seine Saint Denis,Bikes,Road Bikes,"Road-550-W Yellow, 48",2,713,1120,411,1426,1837
64080,2012-11-06,6,November,2012,40,Adults (35-64),F,Australia,New South Wales,Bikes,Road Bikes,"Road-250 Black, 52",2,1555,2443,1141,3110,4251
60926,2012-11-06,6,November,2012,35,Adults (35-64),F,Germany,Hessen,Bikes,Road Bikes,"Road-250 Black, 58",2,1555,2443,1434,3110,4544
53804,2012-11-06,6,November,2012,40,Adults (35-64),F,Australia,South Australia,Bikes,Mountain Bikes,"Mountain-200 Silver, 42",2,1266,2320,1273,2532,3805
63546,2012-11-06,6,November,2012,29,Young Adults (25-34),F,United Kingdom,England,Bikes,Road Bikes,"Road-550-W Yellow, 38",2,713,1120,724,1426,2150
59522,2012-11-07,7,November,2012,25,Young Adults (25-34),F,United States,Oregon,Bikes,Road Bikes,"Road-550-W Yellow, 40",2,713,1120,500,1426,1926
63998,2012-11-07,7,November,2012,56,Adults (35-64),F,United States,California,Bikes,Road Bikes,"Road-550-W Yellow, 44",2,713,1120,769,1426,2195
57538,2012-11-07,7,November,2012,29,Young Adults (25-34),M,United States,California,Bikes,Mountain Bikes,"Mountain-200 Black, 38",2,1252,2295,1994,2504,4498
64752,2012-11-07,7,November,2012,50,Adults (35-64),M,Germany,Nordrhein-Westfalen,Bikes,Road Bikes,"Road-650 Red, 62",2,487,783,388,974,1362
61222,2012-11-07,7,November,2012,18,Youth (<25),F,Australia,Queensland,Bikes,Road Bikes,"Road-150 Red, 62",2,2171,3578,1669,4342,6011
57506,2012-11-08,8,November,2012,46,Adults (35-64),M,United States,Washington,Bikes,Mountain Bikes,"Mountain-200 Black, 42",2,1252,2295,1076,2504,3580
69130,2012-11-08,8,November,2012,17,Youth (<25),M,Australia,New South Wales,Bikes,Road Bikes,"Road-650 Red, 48",2,487,783,388,974,1362
68758,2012-11-08,8,November,2012,25,Young Adults (25-34),M,Australia,New South Wales,Bikes,Road Bikes,"Road-550-W Yellow, 44",2,713,1120,523,1426,1949
61602,2012-11-08,8,November,2012,41,Adults (35-64),M,United Kingdom,England,Bikes,Road Bikes,"Road-250 Red, 48",2,1519,2443,1653,3038,4691
52756,2012-11-08,8,November,2012,39,Adults (35-64),M,Australia,Victoria,Bikes,Mountain Bikes,"Mountain-400-W Silver, 40",2,420,769,375,840,1215
56156,2012-11-08,8,November,2012,35,Adults (35-64),M,Canada,British Columbia,Bikes,Mountain Bikes,"Mountain-500 Black, 44",2,295,540,479,590,1069
66338,2012-11-08,8,November,2012,40,Adults (35-64),M,Australia,New South Wales,Bikes,Road Bikes,"Road-250 Red, 58",2,1555,2443,1141,3110,4251
50480,2012-11-09,9,November,2012,41,Adults (35-64),F,Germany,Hamburg,Bikes,Mountain Bikes,"Mountain-200 Silver, 42",2,1266,2320,1783,2532,4315
69420,2012-11-09,9,November,2012,25,Young Adults (25-34),M,Australia,Victoria,Bikes,Road Bikes,"Road-550-W Yellow, 38",2,713,1120,344,1426,1770
65128,2012-11-09,9,November,2012,33,Young Adults (25-34),F,France,Hauts de Seine,Bikes,Road Bikes,"Road-550-W Yellow, 42",2,713,1120,657,1426,2083
59020,2012-11-09,9,November,2012,63,Adults (35-64),F,United States,California,Bikes,Road Bikes,"Road-250 Black, 44",2,1555,2443,1678,3110,4788
50690,2012-11-10,10,November,2012,52,Adults (35-64),M,United Kingdom,England,Bikes,Mountain Bikes,"Mountain-200 Black, 42",2,1252,2295,1902,2504,4406
68260,2012-11-10,10,November,2012,20,Youth (<25),M,Australia,Victoria,Bikes,Road Bikes,"Road-750 Black, 44",2,344,540,165,688,853
61974,2012-11-10,10,November,2012,25,Young Adults (25-34),F,Germany,Hamburg,Bikes,Road Bikes,"Road-250 Black, 58",2,1555,2443,1434,3110,4544
66104,2012-11-10,10,November,2012,21,Youth (<25),M,Australia,New South Wales,Bikes,Road Bikes,"Road-250 Black, 58",2,1555,2443,1141,3110,4251
51770,2012-11-10,10,November,2012,50,Adults (35-64),F,United States,Washington,Bikes,Mountain Bikes,"Mountain-200 Black, 46",2,1252,2295,1076,2504,3580
70068,2012-11-10,10,November,2012,39,Adults (35-64),F,United Kingdom,England,Bikes,Road Bikes,"Road-750 Black, 48",2,344,540,349,688,1037
56898,2012-11-10,10,November,2012,34,Young Adults (25-34),M,Germany,Nordrhein-Westfalen,Bikes,Mountain Bikes,"Mountain-400-W Silver, 42",2,420,769,498,840,1338
61812,2012-11-11,11,November,2012,22,Youth (<25),M,Australia,New South Wales,Bikes,Road Bikes,"Road-150 Red, 48",2,2171,3578,1884,4342,6226
57568,2012-11-11,11,November,2012,22,Youth (<25),F,United States,California,Bikes,Mountain Bikes,"Mountain-200 Silver, 46",2,1266,2320,2015,2532,4547
64972,2012-11-11,11,November,2012,18,Youth (<25),F,Australia,New South Wales,Bikes,Road Bikes,"Road-750 Black, 58",2,344,540,252,688,940
68736,2012-11-11,11,November,2012,24,Youth (<25),F,Australia,Queensland,Bikes,Road Bikes,"Road-550-W Yellow, 42",2,713,1120,456,1426,1882
63500,2012-11-11,11,November,2012,39,Adults (35-64),M,France,Seine (Paris),Bikes,Road Bikes,"Road-550-W Yellow, 40",2,713,1120,411,1426,1837
62564,2012-11-11,11,November,2012,34,Young Adults (25-34),F,Germany,Hamburg,Bikes,Road Bikes,"Road-350-W Yellow, 40",2,1083,1701,998,2166,3164
50996,2012-11-11,11,November,2012,22,Youth (<25),F,Germany,Saarland,Bikes,Mountain Bikes,"Mountain-200 Black, 38",2,1252,2295,1260,2504,3764
58514,2012-11-11,11,November,2012,39,Adults (35-64),M,United Kingdom,England,Bikes,Road Bikes,"Road-150 Red, 44",2,2171,3578,2528,4342,6870
54178,2012-11-11,11,November,2012,30,Young Adults (25-34),F,United States,California,Bikes,Mountain Bikes,"Mountain-500 Black, 48",2,295,540,468,590,1058
64384,2012-11-11,11,November,2012,18,Youth (<25),M,Australia,Victoria,Bikes,Road Bikes,"Road-750 Black, 52",2,344,540,165,688,853
69112,2012-11-11,11,November,2012,17,Youth (<25),M,Australia,Queensland,Bikes,Road Bikes,"Road-650 Red, 58",2,487,783,341,974,1315
69210,2012-11-12,12,November,2012,31,Young Adults (25-34),M,United Kingdom,England,Bikes,Road Bikes,"Road-350-W Yellow, 40",2,1083,1701,1100,2166,3266
70070,2012-11-12,12,November,2012,39,Adults (35-64),F,United Kingdom,England,Bikes,Road Bikes,"Road-750 Black, 48",2,344,540,349,688,1037
63404,2012-11-12,12,November,2012,44,Adults (35-64),F,United States,Oregon,Bikes,Road Bikes,"Road-750 Black, 44",2,344,540,241,688,929
62596,2012-11-12,12,November,2012,22,Youth (<25),M,France,Nord,Bikes,Road Bikes,"Road-350-W Yellow, 48",2,1083,1701,794,2166,2960
66142,2012-11-12,12,November,2012,24,Youth (<25),F,Australia,New South Wales,Bikes,Road Bikes,"Road-250 Black, 52",2,1555,2443,1141,3110,4251
68738,2012-11-12,12,November,2012,24,Youth (<25),F,Australia,Queensland,Bikes,Road Bikes,"Road-550-W Yellow, 42",2,713,1120,456,1426,1882
70090,2012-11-13,13,November,2012,24,Youth (<25),M,Germany,Hessen,Bikes,Road Bikes,"Road-550-W Yellow, 42",2,713,1120,657,1426,2083
67082,2012-11-13,13,November,2012,28,Young Adults (25-34),M,Australia,Tasmania,Bikes,Road Bikes,"Road-250 Black, 52",2,1555,2443,848,3110,3958
57956,2012-11-13,13,November,2012,29,Young Adults (25-34),F,United States,California,Bikes,Mountain Bikes,"Mountain-200 Silver, 42",2,1266,2320,2015,2532,4547
58558,2012-11-13,13,November,2012,60,Adults (35-64),M,United States,California,Bikes,Road Bikes,"Road-150 Red, 48",2,2171,3578,2671,4342,7013
60928,2012-11-14,14,November,2012,19,Youth (<25),F,Germany,Nordrhein-Westfalen,Bikes,Road Bikes,"Road-250 Black, 58",2,1555,2443,1141,3110,4251
59146,2012-11-14,14,November,2012,56,Adults (35-64),M,United States,Washington,Bikes,Road Bikes,"Road-250 Red, 52",2,1519,2443,773,3038,3811
59147,2012-11-14,14,November,2012,56,Adults (35-64),M,United States,Washington,Bikes,Road Bikes,"Road-250 Red, 52",2,1519,2443,773,3038,3811
49936,2012-11-14,14,November,2012,22,Youth (<25),F,Germany,Nordrhein-Westfalen,Bikes,Mountain Bikes,"Mountain-200 Black, 38",2,1252,2295,1489,2504,3993
61942,2012-11-14,14,November,2012,23,Youth (<25),F,United States,Washington,Bikes,Road Bikes,"Road-150 Red, 48",2,2171,3578,1240,4342,5582
70144,2012-11-15,15,November,2012,40,Adults (35-64),M,United Kingdom,England,Bikes,Road Bikes,"Road-750 Black, 44",2,344,540,349,688,1037
57562,2012-11-15,15,November,2012,19,Youth (<25),F,United States,California,Bikes,Mountain Bikes,"Mountain-200 Black, 46",2,1252,2295,1994,2504,4498
64292,2012-11-15,15,November,2012,34,Young Adults (25-34),F,United States,California,Bikes,Road Bikes,"Road-250 Black, 52",2,1555,2443,1678,3110,4788
51816,2012-11-16,16,November,2012,33,Young Adults (25-34),F,United States,California,Bikes,Mountain Bikes,"Mountain-200 Black, 42",2,1252,2295,1994,2504,4498
61604,2012-11-16,16,November,2012,41,Adults (35-64),M,United Kingdom,England,Bikes,Road Bikes,"Road-250 Red, 48",2,1519,2443,1653,3038,4691
71104,2012-11-16,16,November,2012,25,Young Adults (25-34),M,France,Seine (Paris),Bikes,Road Bikes,"Road-550-W Yellow, 44",2,713,1120,411,1426,1837
68242,2012-11-16,16,November,2012,20,Youth (<25),F,Germany,Saarland,Bikes,Road Bikes,"Road-350-W Yellow, 48",2,1083,1701,624,2166,2790
66668,2012-11-16,16,November,2012,20,Youth (<25),M,Australia,Queensland,Bikes,Road Bikes,"Road-750 Black, 44",2,344,540,219,688,907
59692,2012-11-16,16,November,2012,23,Youth (<25),M,United States,Oregon,Bikes,Road Bikes,"Road-350-W Yellow, 42",2,1083,1701,760,2166,2926
68626,2012-11-16,16,November,2012,25,Young Adults (25-34),M,Australia,Queensland,Bikes,Road Bikes,"Road-550-W Yellow, 40",2,713,1120,456,1426,1882
56804,2012-11-16,16,November,2012,40,Adults (35-64),F,Germany,Hamburg,Bikes,Mountain Bikes,"Mountain-200 Black, 38",2,1252,2295,1765,2504,4269
59598,2012-11-17,17,November,2012,28,Young Adults (25-34),M,United Kingdom,England,Bikes,Road Bikes,"Road-150 Red, 62",2,2171,3578,2528,4342,6870
68062,2012-11-17,17,November,2012,34,Young Adults (25-34),F,Germany,Hessen,Bikes,Road Bikes,"Road-750 Black, 48",2,344,540,316,688,1004
70184,2012-11-17,17,November,2012,26,Young Adults (25-34),F,Australia,Queensland,Bikes,Road Bikes,"Road-750 Black, 52",2,344,540,219,688,907
52858,2012-11-17,17,November,2012,28,Young Adults (25-34),M,United Kingdom,England,Bikes,Mountain Bikes,"Mountain-200 Black, 38",2,1252,2295,1902,2504,4406
70342,2012-11-17,17,November,2012,41,Adults (35-64),M,United States,Washington,Bikes,Road Bikes,"Road-150 Red, 48",2,2171,3578,1240,4342,5582
64202,2012-11-17,17,November,2012,21,Youth (<25),F,Australia,New South Wales,Bikes,Road Bikes,"Road-250 Black, 58",2,1555,2443,1141,3110,4251
63298,2012-11-18,18,November,2012,22,Youth (<25),M,Australia,Victoria,Bikes,Road Bikes,"Road-650 Black, 44",2,487,783,263,974,1237
59704,2012-11-18,18,November,2012,23,Youth (<25),F,United States,California,Bikes,Road Bikes,"Road-550-W Yellow, 42",2,713,1120,769,1426,2195
69114,2012-11-18,18,November,2012,17,Youth (<25),M,Australia,Queensland,Bikes,Road Bikes,"Road-650 Red, 58",2,487,783,341,974,1315
63748,2012-11-18,18,November,2012,27,Young Adults (25-34),M,France,Seine (Paris),Bikes,Road Bikes,"Road-550-W Yellow, 38",2,713,1120,411,1426,1837
69132,2012-11-18,18,November,2012,17,Youth (<25),M,Australia,New South Wales,Bikes,Road Bikes,"Road-650 Red, 48",2,487,783,388,974,1362
57490,2012-11-18,18,November,2012,49,Adults (35-64),F,United States,California,Bikes,Mountain Bikes,"Mountain-200 Black, 46",2,1252,2295,1994,2504,4498
69422,2012-11-18,18,November,2012,25,Young Adults (25-34),M,Australia,Victoria,Bikes,Road Bikes,"Road-550-W Yellow, 38",2,713,1120,344,1426,1770
57518,2012-11-19,19,November,2012,30,Young Adults (25-34),M,United States,Washington,Bikes,Mountain Bikes,"Mountain-200 Silver, 38",2,1266,2320,1087,2532,3619
63248,2012-11-19,19,November,2012,44,Adults (35-64),F,Germany,Hessen,Bikes,Road Bikes,"Road-650 Red, 60",2,487,783,482,974,1456
65794,2012-11-19,19,November,2012,45,Adults (35-64),M,United Kingdom,England,Bikes,Road Bikes,"Road-650 Black, 60",2,487,783,529,974,1503
53198,2012-11-19,19,November,2012,33,Young Adults (25-34),M,United States,California,Bikes,Mountain Bikes,"Mountain-200 Silver, 42",2,1266,2320,2015,2532,4547
55854,2012-11-20,20,November,2012,39,Adults (35-64),F,Germany,Saarland,Bikes,Mountain Bikes,"Mountain-200 Silver, 38",2,1266,2320,1273,2532,3805
51560,2012-11-20,20,November,2012,38,Adults (35-64),F,Australia,Queensland,Bikes,Mountain Bikes,"Mountain-200 Black, 38",2,1252,2295,1352,2504,3856
64974,2012-11-20,20,November,2012,18,Youth (<25),F,Australia,New South Wales,Bikes,Road Bikes,"Road-750 Black, 58",2,344,540,252,688,940
57540,2012-11-20,20,November,2012,29,Young Adults (25-34),M,United States,California,Bikes,Mountain Bikes,"Mountain-200 Black, 38",2,1252,2295,1994,2504,4498
66170,2012-11-20,20,November,2012,27,Young Adults (25-34),M,Australia,Queensland,Bikes,Road Bikes,"Road-250 Black, 44",2,1555,2443,994,3110,4104
70344,2012-11-20,20,November,2012,41,Adults (35-64),M,United States,Washington,Bikes,Road Bikes,"Road-150 Red, 48",2,2171,3578,1240,4342,5582
53172,2012-11-20,20,November,2012,40,Adults (35-64),F,Germany,Bayern,Bikes,Mountain Bikes,"Mountain-200 Silver, 42",2,1266,2320,2062,2532,4594
57338,2012-11-20,20,November,2012,48,Adults (35-64),M,United States,Washington,Bikes,Mountain Bikes,"Mountain-200 Silver, 46",2,1266,2320,1087,2532,3619
67602,2012-11-20,20,November,2012,40,Adults (35-64),F,Australia,Queensland,Bikes,Road Bikes,"Road-350-W Yellow, 40",2,1083,1701,692,2166,2858
61992,2012-11-21,21,November,2012,25,Young Adults (25-34),M,Germany,Hessen,Bikes,Road Bikes,"Road-350-W Yellow, 40",2,1083,1701,998,2166,3164
70806,2012-11-21,21,November,2012,35,Adults (35-64),M,United States,Washington,Bikes,Road Bikes,"Road-150 Red, 44",2,2171,3578,1240,4342,5582
50920,2012-11-21,21,November,2012,29,Young Adults (25-34),M,United Kingdom,England,Bikes,Mountain Bikes,"Mountain-200 Black, 38",2,1252,2295,1902,2504,4406
59348,2012-11-21,21,November,2012,32,Young Adults (25-34),F,Germany,Saarland,Bikes,Road Bikes,"Road-150 Red, 56",2,2171,3578,1526,4342,5868
69890,2012-11-21,21,November,2012,52,Adults (35-64),F,Canada,British Columbia,Bikes,Road Bikes,"Road-550-W Yellow, 44",2,713,1120,792,1426,2218
61986,2012-11-21,21,November,2012,25,Young Adults (25-34),F,France,Essonne,Bikes,Road Bikes,"Road-350-W Yellow, 44",2,1083,1701,1100,2166,3266
50672,2012-11-21,21,November,2012,53,Adults (35-64),M,United Kingdom,England,Bikes,Mountain Bikes,"Mountain-200 Silver, 46",2,1266,2320,1922,2532,4454
60286,2012-11-22,22,November,2012,32,Young Adults (25-34),F,United States,California,Bikes,Road Bikes,"Road-650 Red, 62",2,487,783,561,974,1535
55416,2012-11-22,22,November,2012,48,Adults (35-64),M,United States,California,Bikes,Mountain Bikes,"Mountain-200 Black, 46",2,1252,2295,1994,2504,4498
65796,2012-11-22,22,November,2012,45,Adults (35-64),M,United Kingdom,England,Bikes,Road Bikes,"Road-650 Black, 60",2,487,783,529,974,1503
61224,2012-11-22,22,November,2012,18,Youth (<25),F,Australia,Queensland,Bikes,Road Bikes,"Road-150 Red, 62",2,2171,3578,1669,4342,6011
59398,2012-11-23,23,November,2012,29,Young Adults (25-34),F,United States,Washington,Bikes,Road Bikes,"Road-250 Red, 48",2,1519,2443,773,3038,3811
69448,2012-11-23,23,November,2012,27,Young Adults (25-34),F,Australia,New South Wales,Bikes,Road Bikes,"Road-550-W Yellow, 48",2,713,1120,523,1426,1949
60470,2012-11-23,23,November,2012,30,Young Adults (25-34),F,United States,California,Bikes,Road Bikes,"Road-650 Black, 58",2,487,783,561,974,1535
57728,2012-11-23,23,November,2012,24,Youth (<25),F,United States,Washington,Bikes,Mountain Bikes,"Mountain-200 Black, 46",2,1252,2295,1076,2504,3580
69134,2012-11-23,23,November,2012,17,Youth (<25),M,Australia,New South Wales,Bikes,Road Bikes,"Road-650 Red, 48",2,487,783,388,974,1362
65934,2012-11-24,24,November,2012,33,Young Adults (25-34),F,United States,Oregon,Bikes,Road Bikes,"Road-550-W Yellow, 38",2,713,1120,500,1426,1926
55418,2012-11-24,24,November,2012,48,Adults (35-64),M,United States,California,Bikes,Mountain Bikes,"Mountain-200 Black, 46",2,1252,2295,1994,2504,4498
62626,2012-11-24,24,November,2012,37,Adults (35-64),F,United States,Washington,Bikes,Road Bikes,"Road-350-W Yellow, 44",2,1083,1701,488,2166,2654
68716,2012-11-24,24,November,2012,46,Adults (35-64),F,United Kingdom,England,Bikes,Road Bikes,"Road-250 Black, 58",2,1555,2443,1581,3110,4691
60008,2012-11-24,24,November,2012,34,Young Adults (25-34),F,France,Nord,Bikes,Road Bikes,"Road-150 Red, 62",2,2171,3578,1884,4342,6226
51394,2012-11-24,24,November,2012,28,Young Adults (25-34),F,United States,Oregon,Bikes,Mountain Bikes,"Mountain-200 Silver, 38",2,1266,2320,1458,2532,3990
63300,2012-11-24,24,November,2012,22,Youth (<25),M,Australia,Victoria,Bikes,Road Bikes,"Road-650 Black, 44",2,487,783,263,974,1237
66120,2012-11-24,24,November,2012,23,Youth (<25),M,Australia,New South Wales,Bikes,Road Bikes,"Road-250 Black, 58",2,1555,2443,1141,3110,4251
61426,2012-11-24,24,November,2012,39,Adults (35-64),F,Australia,Victoria,Bikes,Road Bikes,"Road-150 Red, 56",2,2171,3578,1311,4342,5653
49484,2012-11-24,24,November,2012,23,Youth (<25),M,United States,California,Bikes,Mountain Bikes,"Mountain-200 Silver, 38",2,1266,2320,2015,2532,4547
64722,2012-11-25,25,November,2012,42,Adults (35-64),M,United Kingdom,England,Bikes,Road Bikes,"Road-650 Red, 58",2,487,783,529,974,1503
58898,2012-11-25,25,November,2012,22,Youth (<25),M,United States,California,Bikes,Road Bikes,"Road-250 Red, 44",2,1519,2443,1750,3038,4788
57958,2012-11-25,25,November,2012,29,Young Adults (25-34),F,United States,California,Bikes,Mountain Bikes,"Mountain-200 Silver, 42",2,1266,2320,2015,2532,4547
63792,2012-11-25,25,November,2012,29,Young Adults (25-34),F,France,Nord,Bikes,Road Bikes,"Road-650 Black, 58",2,487,783,388,974,1362
62360,2012-11-25,25,November,2012,19,Youth (<25),F,Australia,New South Wales,Bikes,Road Bikes,"Road-150 Red, 48",2,2171,3578,1884,4342,6226
49510,2012-11-25,25,November,2012,46,Adults (35-64),F,United States,Washington,Bikes,Mountain Bikes,"Mountain-200 Silver, 46",2,1266,2320,1087,2532,3619
66172,2012-11-25,25,November,2012,27,Young Adults (25-34),M,Australia,Queensland,Bikes,Road Bikes,"Road-250 Black, 44",2,1555,2443,994,3110,4104
66534,2012-11-25,25,November,2012,28,Young Adults (25-34),F,United Kingdom,England,Bikes,Road Bikes,"Road-750 Black, 48",2,344,540,349,688,1037
50472,2012-11-26,26,November,2012,41,Adults (35-64),F,Germany,Nordrhein-Westfalen,Bikes,Mountain Bikes,"Mountain-200 Silver, 46",2,1266,2320,1505,2532,4037
59100,2012-11-26,26,November,2012,29,Young Adults (25-34),M,Germany,Saarland,Bikes,Road Bikes,"Road-150 Red, 52",2,2171,3578,1526,4342,5868
50544,2012-11-26,26,November,2012,36,Adults (35-64),M,Germany,Hessen,Bikes,Mountain Bikes,"Mountain-200 Black, 38",2,1252,2295,1765,2504,4269
65066,2012-11-26,26,November,2012,27,Young Adults (25-34),F,United Kingdom,England,Bikes,Road Bikes,"Road-350-W Yellow, 48",2,1083,1701,1100,2166,3266
69104,2012-11-26,26,November,2012,17,Youth (<25),F,Australia,New South Wales,Bikes,Road Bikes,"Road-650 Red, 58",2,487,783,388,974,1362
71470,2012-11-26,26,November,2012,61,Adults (35-64),F,United States,California,Bikes,Road Bikes,"Road-150 Red, 52",2,2171,3578,2671,4342,7013
63508,2012-11-27,27,November,2012,39,Adults (35-64),F,France,Nord,Bikes,Road Bikes,"Road-350-W Yellow, 40",2,1083,1701,794,2166,2960
65654,2012-11-27,27,November,2012,56,Adults (35-64),F,United States,Washington,Bikes,Road Bikes,"Road-750 Black, 52",2,344,540,154,688,842
66456,2012-11-27,27,November,2012,26,Young Adults (25-34),M,France,Seine Saint Denis,Bikes,Road Bikes,"Road-350-W Yellow, 40",2,1083,1701,624,2166,2790
70120,2012-11-27,27,November,2012,27,Young Adults (25-34),M,Canada,British Columbia,Bikes,Road Bikes,"Road-650 Red, 44",2,487,783,576,974,1550
59400,2012-11-27,27,November,2012,29,Young Adults (25-34),F,United States,Washington,Bikes,Road Bikes,"Road-250 Red, 48",2,1519,2443,773,3038,3811
61110,2012-11-27,27,November,2012,29,Young Adults (25-34),M,France,Seine Saint Denis,Bikes,Road Bikes,"Road-250 Red, 58",2,1555,2443,897,3110,4007
63512,2012-11-27,27,November,2012,38,Adults (35-64),M,France,Seine (Paris),Bikes,Road Bikes,"Road-350-W Yellow, 42",2,1083,1701,624,2166,2790
66536,2012-11-27,27,November,2012,28,Young Adults (25-34),F,United Kingdom,England,Bikes,Road Bikes,"Road-750 Black, 48",2,344,540,349,688,1037
69498,2012-11-27,27,November,2012,49,Adults (35-64),F,Canada,British Columbia,Bikes,Road Bikes,"Road-250 Red, 48",2,1519,2443,1799,3038,4837
68740,2012-11-27,27,November,2012,24,Youth (<25),F,Australia,Queensland,Bikes,Road Bikes,"Road-550-W Yellow, 42",2,713,1120,456,1426,1882
68760,2012-11-27,27,November,2012,25,Young Adults (25-34),M,Australia,New South Wales,Bikes,Road Bikes,"Road-550-W Yellow, 44",2,713,1120,523,1426,1949
69880,2012-11-27,27,November,2012,24,Youth (<25),F,Australia,Victoria,Bikes,Road Bikes,"Road-550-W Yellow, 40",2,713,1120,344,1426,1770
70121,2012-11-27,27,November,2012,27,Young Adults (25-34),M,Canada,British Columbia,Bikes,Road Bikes,"Road-650 Red, 44",2,487,783,576,974,1550
70122,2012-11-27,27,November,2012,27,Young Adults (25-34),M,Canada,British Columbia,Bikes,Road Bikes,"Road-650 Red, 44",2,487,783,576,974,1550
59880,2012-11-28,28,November,2012,31,Young Adults (25-34),M,United States,Washington,Bikes,Road Bikes,"Road-650 Black, 48",2,487,783,247,974,1221
50268,2012-11-28,28,November,2012,40,Adults (35-64),F,Australia,Queensland,Bikes,Mountain Bikes,"Mountain-200 Black, 38",2,1252,2295,1352,2504,3856
66538,2012-11-28,28,November,2012,28,Young Adults (25-34),F,United Kingdom,England,Bikes,Road Bikes,"Road-750 Black, 48",2,344,540,349,688,1037
65848,2012-11-28,28,November,2012,27,Young Adults (25-34),F,Canada,British Columbia,Bikes,Road Bikes,"Road-550-W Yellow, 48",2,713,1120,792,1426,2218
61656,2012-11-28,28,November,2012,59,Adults (35-64),F,United Kingdom,England,Bikes,Road Bikes,"Road-250 Red, 48",2,1519,2443,1653,3038,4691
68102,2012-11-28,28,November,2012,20,Youth (<25),M,Australia,New South Wales,Bikes,Road Bikes,"Road-750 Black, 52",2,344,540,252,688,940
66486,2012-11-29,29,November,2012,17,Youth (<25),F,Australia,Tasmania,Bikes,Road Bikes,"Road-750 Black, 48",2,344,540,187,688,875
63256,2012-11-29,29,November,2012,44,Adults (35-64),M,United Kingdom,England,Bikes,Road Bikes,"Road-550-W Yellow, 48",2,713,1120,724,1426,2150
62502,2012-11-29,29,November,2012,29,Young Adults (25-34),M,France,Seine (Paris),Bikes,Road Bikes,"Road-650 Black, 60",2,487,783,310,974,1284
68746,2012-11-29,29,November,2012,24,Youth (<25),F,Australia,Tasmania,Bikes,Road Bikes,"Road-550-W Yellow, 48",2,713,1120,388,1426,1814
64222,2012-11-29,29,November,2012,21,Youth (<25),M,Australia,South Australia,Bikes,Road Bikes,"Road-250 Black, 52",2,1555,2443,897,3110,4007
58058,2012-11-29,29,November,2012,17,Youth (<25),M,France,Nord,Bikes,Mountain Bikes,"Mountain-200 Silver, 46",2,1266,2320,1505,2532,4037
60450,2012-11-30,30,November,2012,30,Young Adults (25-34),M,United States,Washington,Bikes,Road Bikes,"Road-650 Red, 58",2,487,783,247,974,1221
64588,2012-11-30,30,November,2012,57,Adults (35-64),M,United States,California,Bikes,Road Bikes,"Road-250 Red, 58",2,1555,2443,1678,3110,4788
60920,2012-11-30,30,November,2012,18,Youth (<25),M,Germany,Bayern,Bikes,Road Bikes,"Road-250 Red, 58",2,1555,2443,1727,3110,4837
70346,2012-11-30,30,November,2012,41,Adults (35-64),M,United States,Washington,Bikes,Road Bikes,"Road-150 Red, 48",2,2171,3578,1240,4342,5582
57960,2012-11-30,30,November,2012,29,Young Adults (25-34),F,United States,California,Bikes,Mountain Bikes,"Mountain-200 Silver, 42",2,1266,2320,2015,2532,4547
60340,2012-11-30,30,November,2012,36,Adults (35-64),F,United States,California,Bikes,Road Bikes,"Road-650 Red, 62",2,487,783,561,974,1535
59804,2012-11-30,30,November,2012,60,Adults (35-64),F,United States,California,Bikes,Road Bikes,"Road-550-W Yellow, 44",2,713,1120,769,1426,2195
69136,2012-11-30,30,November,2012,17,Youth (<25),M,Australia,New South Wales,Bikes,Road Bikes,"Road-650 Red, 48",2,487,783,388,974,1362
52930,2012-11-30,30,November,2012,46,Adults (35-64),M,United Kingdom,England,Bikes,Mountain Bikes,"Mountain-200 Silver, 46",2,1266,2320,1922,2532,4454
55930,2012-12-01,1,December,2012,39,Adults (35-64),F,United States,California,Bikes,Mountain Bikes,"Mountain-200 Black, 46",2,1252,2295,1994,2504,4498
65028,2012-12-01,1,December,2012,36,Adults (35-64),F,Germany,Brandenburg,Bikes,Road Bikes,"Road-550-W Yellow, 42",2,713,1120,792,1426,2218
61158,2012-12-01,1,December,2012,20,Youth (<25),M,Germany,Hamburg,Bikes,Road Bikes,"Road-250 Red, 58",2,1555,2443,1434,3110,4544
67418,2012-12-01,1,December,2012,28,Young Adults (25-34),F,United States,California,Bikes,Road Bikes,"Road-750 Black, 44",2,344,540,370,688,1058
59706,2012-12-01,1,December,2012,23,Youth (<25),F,United States,California,Bikes,Road Bikes,"Road-550-W Yellow, 42",2,713,1120,769,1426,2195
67186,2012-12-01,1,December,2012,34,Young Adults (25-34),M,Australia,New South Wales,Bikes,Road Bikes,"Road-350-W Yellow, 48",2,1083,1701,794,2166,2960
56250,2012-12-01,1,December,2012,44,Adults (35-64),M,United Kingdom,England,Bikes,Mountain Bikes,"Mountain-200 Silver, 42",2,1266,2320,1922,2532,4454
59164,2012-12-01,1,December,2012,23,Youth (<25),M,United Kingdom,England,Bikes,Road Bikes,"Road-150 Red, 52",2,2171,3578,2528,4342,6870
64518,2012-12-01,1,December,2012,31,Young Adults (25-34),F,Australia,South Australia,Bikes,Road Bikes,"Road-250 Black, 48",2,1555,2443,897,3110,4007
67150,2012-12-01,1,December,2012,28,Young Adults (25-34),F,Australia,New South Wales,Bikes,Road Bikes,"Road-250 Black, 52",2,1555,2443,1141,3110,4251
67486,2012-12-01,1,December,2012,42,Adults (35-64),M,United States,Washington,Bikes,Road Bikes,"Road-750 Black, 44",2,344,540,154,688,842
70636,2012-12-02,2,December,2012,41,Adults (35-64),M,Australia,New South Wales,Bikes,Road Bikes,"Road-750 Black, 48",2,344,540,252,688,940
66816,2012-12-02,2,December,2012,29,Young Adults (25-34),F,France,Seine (Paris),Bikes,Road Bikes,"Road-550-W Yellow, 42",2,713,1120,411,1426,1837
55322,2012-12-02,2,December,2012,31,Young Adults (25-34),F,Australia,New South Wales,Bikes,Mountain Bikes,"Mountain-400-W Silver, 42",2,420,769,498,840,1338
60630,2012-12-02,2,December,2012,31,Young Adults (25-34),F,United States,California,Bikes,Road Bikes,"Road-650 Black, 62",2,487,783,561,974,1535
64256,2012-12-02,2,December,2012,28,Young Adults (25-34),F,United States,Washington,Bikes,Road Bikes,"Road-550-W Yellow, 44",2,713,1120,321,1426,1747
53336,2012-12-02,2,December,2012,37,Adults (35-64),M,United States,California,Bikes,Mountain Bikes,"Mountain-400-W Silver, 46",2,420,769,667,840,1507
70072,2012-12-02,2,December,2012,39,Adults (35-64),F,United Kingdom,England,Bikes,Road Bikes,"Road-750 Black, 48",2,344,540,349,688,1037
65448,2012-12-02,2,December,2012,35,Adults (35-64),M,Australia,New South Wales,Bikes,Road Bikes,"Road-350-W Yellow, 42",2,1083,1701,794,2166,2960
59220,2012-12-02,2,December,2012,44,Adults (35-64),M,United States,Washington,Bikes,Road Bikes,"Road-250 Red, 52",2,1519,2443,773,3038,3811
68148,2012-12-03,3,December,2012,28,Young Adults (25-34),M,France,Seine (Paris),Bikes,Road Bikes,"Road-550-W Yellow, 44",2,713,1120,411,1426,1837
63528,2012-12-03,3,December,2012,28,Young Adults (25-34),M,France,Essonne,Bikes,Road Bikes,"Road-350-W Yellow, 44",2,1083,1701,1100,2166,3266
61658,2012-12-03,3,December,2012,59,Adults (35-64),F,United Kingdom,England,Bikes,Road Bikes,"Road-250 Red, 48",2,1519,2443,1653,3038,4691
60088,2012-12-03,3,December,2012,34,Young Adults (25-34),F,France,Seine (Paris),Bikes,Road Bikes,"Road-150 Red, 62",2,2171,3578,1526,4342,5868
64648,2012-12-03,3,December,2012,54,Adults (35-64),M,United States,California,Bikes,Road Bikes,"Road-550-W Yellow, 44",2,713,1120,769,1426,2195
68832,2012-12-03,3,December,2012,47,Adults (35-64),M,Australia,New South Wales,Bikes,Road Bikes,"Road-750 Black, 58",2,344,540,252,688,940
56034,2012-12-03,3,December,2012,37,Adults (35-64),F,United States,California,Bikes,Mountain Bikes,"Mountain-200 Black, 46",2,1252,2295,1994,2504,4498
60784,2012-12-03,3,December,2012,24,Youth (<25),M,Germany,Hamburg,Bikes,Road Bikes,"Road-250 Black, 44",2,1555,2443,1434,3110,4544
57628,2012-12-03,3,December,2012,37,Adults (35-64),M,United States,Washington,Bikes,Mountain Bikes,"Mountain-200 Black, 46",2,1252,2295,1076,2504,3580
59274,2012-12-03,3,December,2012,41,Adults (35-64),F,United States,Washington,Bikes,Road Bikes,"Road-250 Black, 52",2,1555,2443,701,3110,3811
60632,2012-12-03,3,December,2012,31,Young Adults (25-34),F,United States,California,Bikes,Road Bikes,"Road-650 Black, 62",2,487,783,561,974,1535
62906,2012-12-03,3,December,2012,45,Adults (35-64),F,Australia,New South Wales,Bikes,Road Bikes,"Road-550-W Yellow, 40",2,713,1120,523,1426,1949
69248,2012-12-03,3,December,2012,34,Young Adults (25-34),F,United Kingdom,England,Bikes,Road Bikes,"Road-350-W Yellow, 42",2,1083,1701,1100,2166,3266
68928,2012-12-03,3,December,2012,34,Young Adults (25-34),F,Australia,Tasmania,Bikes,Road Bikes,"Road-550-W Yellow, 40",2,713,1120,388,1426,1814
52200,2012-12-03,3,December,2012,24,Youth (<25),F,United Kingdom,England,Bikes,Mountain Bikes,"Mountain-200 Black, 38",2,1252,2295,1902,2504,4406
67152,2012-12-03,3,December,2012,28,Young Adults (25-34),F,Australia,New South Wales,Bikes,Road Bikes,"Road-250 Black, 52",2,1555,2443,1141,3110,4251
58864,2012-12-04,4,December,2012,22,Youth (<25),F,United States,Oregon,Bikes,Road Bikes,"Road-250 Black, 44",2,1555,2443,1092,3110,4202
64842,2012-12-04,4,December,2012,27,Young Adults (25-34),M,United States,California,Bikes,Road Bikes,"Road-550-W Yellow, 42",2,713,1120,769,1426,2195
55324,2012-12-04,4,December,2012,31,Young Adults (25-34),F,Australia,New South Wales,Bikes,Mountain Bikes,"Mountain-400-W Silver, 42",2,420,769,498,840,1338
71356,2012-12-05,5,December,2012,29,Young Adults (25-34),M,Australia,New South Wales,Bikes,Road Bikes,"Road-750 Black, 44",2,344,540,252,688,940
61510,2012-12-05,5,December,2012,57,Adults (35-64),M,Australia,New South Wales,Bikes,Road Bikes,"Road-150 Red, 52",2,2171,3578,1884,4342,6226
70348,2012-12-05,5,December,2012,41,Adults (35-64),M,United States,Washington,Bikes,Road Bikes,"Road-150 Red, 48",2,2171,3578,1240,4342,5582
50572,2012-12-05,5,December,2012,42,Adults (35-64),M,Germany,Nordrhein-Westfalen,Bikes,Mountain Bikes,"Mountain-200 Black, 38",2,1252,2295,1489,2504,3993
55932,2012-12-05,5,December,2012,39,Adults (35-64),F,United States,California,Bikes,Mountain Bikes,"Mountain-200 Black, 46",2,1252,2295,1994,2504,4498
67030,2012-12-05,5,December,2012,48,Adults (35-64),M,Canada,British Columbia,Bikes,Road Bikes,"Road-750 Black, 48",2,344,540,381,688,1069
58758,2012-12-05,5,December,2012,27,Young Adults (25-34),M,France,Yveline,Bikes,Road Bikes,"Road-150 Red, 44",2,2171,3578,1097,4342,5439
58560,2012-12-05,5,December,2012,60,Adults (35-64),M,United States,California,Bikes,Road Bikes,"Road-150 Red, 48",2,2171,3578,2671,4342,7013
56036,2012-12-05,5,December,2012,37,Adults (35-64),F,United States,California,Bikes,Mountain Bikes,"Mountain-200 Black, 46",2,1252,2295,1994,2504,4498
67420,2012-12-05,5,December,2012,28,Young Adults (25-34),F,United States,California,Bikes,Road Bikes,"Road-750 Black, 44",2,344,540,370,688,1058
51592,2012-12-05,5,December,2012,35,Adults (35-64),F,Australia,Queensland,Bikes,Mountain Bikes,"Mountain-200 Silver, 38",2,1266,2320,1366,2532,3898
59288,2012-12-05,5,December,2012,29,Young Adults (25-34),M,France,Hauts de Seine,Bikes,Road Bikes,"Road-150 Red, 62",2,2171,3578,2313,4342,6655
68698,2012-12-05,5,December,2012,28,Young Adults (25-34),F,Canada,British Columbia,Bikes,Road Bikes,"Road-250 Red, 48",2,1519,2443,1799,3038,4837
51612,2012-12-06,6,December,2012,36,Adults (35-64),M,Australia,New South Wales,Bikes,Mountain Bikes,"Mountain-200 Black, 42",2,1252,2295,1489,2504,3993
52174,2012-12-06,6,December,2012,23,Youth (<25),M,United Kingdom,England,Bikes,Mountain Bikes,"Mountain-400-W Silver, 46",2,420,769,636,840,1476
60118,2012-12-06,6,December,2012,23,Youth (<25),M,France,Seine Saint Denis,Bikes,Road Bikes,"Road-150 Red, 56",2,2171,3578,1526,4342,5868
56996,2012-12-06,6,December,2012,47,Adults (35-64),M,United Kingdom,England,Bikes,Mountain Bikes,"Mountain-200 Silver, 38",2,1266,2320,1922,2532,4454
62032,2012-12-06,6,December,2012,26,Young Adults (25-34),F,France,Nord,Bikes,Road Bikes,"Road-350-W Yellow, 40",2,1083,1701,794,2166,2960
56866,2012-12-06,6,December,2012,27,Young Adults (25-34),M,Canada,British Columbia,Bikes,Mountain Bikes,"Mountain-200 Black, 46",2,1252,2295,2040,2504,4544
67516,2012-12-07,7,December,2012,41,Adults (35-64),F,United States,California,Bikes,Road Bikes,"Road-750 Black, 52",2,344,540,370,688,1058
70428,2012-12-07,7,December,2012,45,Adults (35-64),M,Germany,Hamburg,Bikes,Road Bikes,"Road-750 Black, 48",2,344,540,316,688,1004
61886,2012-12-07,7,December,2012,43,Adults (35-64),M,Australia,Queensland,Bikes,Road Bikes,"Road-150 Red, 52",2,2171,3578,1669,4342,6011
53292,2012-12-07,7,December,2012,30,Young Adults (25-34),M,United States,California,Bikes,Mountain Bikes,"Mountain-400-W Silver, 38",2,420,769,667,840,1507
66196,2012-12-07,7,December,2012,37,Adults (35-64),F,Australia,South Australia,Bikes,Road Bikes,"Road-350-W Yellow, 40",2,1083,1701,624,2166,2790
61806,2012-12-07,7,December,2012,49,Adults (35-64),M,United Kingdom,England,Bikes,Road Bikes,"Road-250 Red, 52",2,1519,2443,1653,3038,4691
59440,2012-12-07,7,December,2012,19,Youth (<25),M,United States,California,Bikes,Road Bikes,"Road-550-W Yellow, 42",2,713,1120,769,1426,2195
58498,2012-12-07,7,December,2012,45,Adults (35-64),M,United States,Washington,Bikes,Road Bikes,"Road-150 Red, 56",2,2171,3578,1240,4342,5582
59540,2012-12-07,7,December,2012,36,Adults (35-64),F,Germany,Nordrhein-Westfalen,Bikes,Road Bikes,"Road-150 Red, 62",2,2171,3578,1884,4342,6226
67096,2012-12-07,7,December,2012,29,Young Adults (25-34),M,Australia,Queensland,Bikes,Road Bikes,"Road-250 Black, 52",2,1555,2443,994,3110,4104
67230,2012-12-07,7,December,2012,36,Adults (35-64),F,Australia,New South Wales,Bikes,Road Bikes,"Road-350-W Yellow, 40",2,1083,1701,794,2166,2960
61734,2012-12-07,7,December,2012,25,Young Adults (25-34),M,United Kingdom,England,Bikes,Road Bikes,"Road-250 Red, 58",2,1555,2443,1581,3110,4691
57800,2012-12-07,7,December,2012,38,Adults (35-64),M,United States,California,Bikes,Mountain Bikes,"Mountain-200 Silver, 42",2,1266,2320,2015,2532,4547
68782,2012-12-07,7,December,2012,26,Young Adults (25-34),M,Australia,Queensland,Bikes,Road Bikes,"Road-550-W Yellow, 42",2,713,1120,456,1426,1882
58248,2012-12-07,7,December,2012,43,Adults (35-64),F,United States,California,Bikes,Road Bikes,"Road-150 Red, 44",2,2171,3578,2671,4342,7013
64330,2012-12-07,7,December,2012,25,Young Adults (25-34),F,United Kingdom,England,Bikes,Road Bikes,"Road-650 Black, 60",2,487,783,529,974,1503
60092,2012-12-07,7,December,2012,33,Young Adults (25-34),M,France,Somme,Bikes,Road Bikes,"Road-250 Black, 48",2,1555,2443,897,3110,4007
66340,2012-12-08,8,December,2012,40,Adults (35-64),M,Australia,New South Wales,Bikes,Road Bikes,"Road-250 Red, 58",2,1555,2443,1141,3110,4251
64490,2012-12-08,8,December,2012,30,Young Adults (25-34),F,Australia,Queensland,Bikes,Road Bikes,"Road-350-W Yellow, 48",2,1083,1701,692,2166,2858
57712,2012-12-08,8,December,2012,39,Adults (35-64),F,United States,Oregon,Bikes,Mountain Bikes,"Mountain-200 Black, 42",2,1252,2295,1443,2504,3947
65798,2012-12-08,8,December,2012,45,Adults (35-64),M,United Kingdom,England,Bikes,Road Bikes,"Road-650 Black, 60",2,487,783,529,974,1503
51068,2012-12-08,8,December,2012,19,Youth (<25),F,Australia,New South Wales,Bikes,Mountain Bikes,"Mountain-500 Silver, 42",2,308,565,367,616,983
56514,2012-12-08,8,December,2012,35,Adults (35-64),F,United States,California,Bikes,Mountain Bikes,"Mountain-500 Black, 42",2,295,540,468,590,1058
68416,2012-12-08,8,December,2012,27,Young Adults (25-34),M,Australia,South Australia,Bikes,Road Bikes,"Road-550-W Yellow, 38",2,713,1120,411,1426,1837
56874,2012-12-08,8,December,2012,30,Young Adults (25-34),F,Canada,British Columbia,Bikes,Mountain Bikes,"Mountain-200 Silver, 38",2,1266,2320,2062,2532,4594
70198,2012-12-08,8,December,2012,47,Adults (35-64),F,Canada,British Columbia,Bikes,Road Bikes,"Road-750 Black, 44",2,344,540,381,688,1069
67896,2012-12-08,8,December,2012,25,Young Adults (25-34),F,Australia,Victoria,Bikes,Road Bikes,"Road-350-W Yellow, 48",2,1083,1701,522,2166,2688
67232,2012-12-08,8,December,2012,36,Adults (35-64),F,Australia,New South Wales,Bikes,Road Bikes,"Road-350-W Yellow, 40",2,1083,1701,794,2166,2960
63906,2012-12-09,9,December,2012,34,Young Adults (25-34),M,Australia,Queensland,Bikes,Road Bikes,"Road-250 Black, 58",2,1555,2443,994,3110,4104
65120,2012-12-09,9,December,2012,75,Seniors (64+),M,United Kingdom,England,Bikes,Road Bikes,"Road-250 Black, 48",2,1555,2443,1581,3110,4691
64712,2012-12-09,9,December,2012,42,Adults (35-64),F,Germany,Hessen,Bikes,Road Bikes,"Road-650 Red, 62",2,487,783,482,974,1456
50482,2012-12-09,9,December,2012,41,Adults (35-64),F,Germany,Hamburg,Bikes,Mountain Bikes,"Mountain-200 Silver, 42",2,1266,2320,1783,2532,4315
64770,2012-12-09,9,December,2012,26,Young Adults (25-34),F,Australia,New South Wales,Bikes,Road Bikes,"Road-250 Red, 58",2,1555,2443,1141,3110,4251
49324,2012-12-09,9,December,2012,33,Young Adults (25-34),F,Australia,Victoria,Bikes,Mountain Bikes,"Mountain-100 Black, 38",2,1898,3375,1537,3796,5333
61902,2012-12-09,9,December,2012,42,Adults (35-64),F,Australia,New South Wales,Bikes,Road Bikes,"Road-150 Red, 62",2,2171,3578,1884,4342,6226
51622,2012-12-10,10,December,2012,38,Adults (35-64),M,Australia,New South Wales,Bikes,Mountain Bikes,"Mountain-200 Black, 38",2,1252,2295,1489,2504,3993
54842,2012-12-10,10,December,2012,26,Young Adults (25-34),M,United Kingdom,England,Bikes,Mountain Bikes,"Mountain-200 Black, 38",2,1252,2295,1902,2504,4406
57576,2012-12-10,10,December,2012,34,Young Adults (25-34),F,United States,California,Bikes,Mountain Bikes,"Mountain-200 Black, 42",2,1252,2295,1994,2504,4498
62932,2012-12-10,10,December,2012,43,Adults (35-64),F,Australia,Victoria,Bikes,Road Bikes,"Road-350-W Yellow, 44",2,1083,1701,522,2166,2688
57282,2012-12-10,10,December,2012,34,Young Adults (25-34),F,United States,Washington,Bikes,Mountain Bikes,"Mountain-100 Silver, 44",2,1912,3400,1480,3824,5304
64790,2012-12-10,10,December,2012,27,Young Adults (25-34),F,Australia,Victoria,Bikes,Road Bikes,"Road-250 Black, 44",2,1555,2443,750,3110,3860
51642,2012-12-10,10,December,2012,40,Adults (35-64),M,Australia,New South Wales,Bikes,Mountain Bikes,"Mountain-200 Black, 42",2,1252,2295,1489,2504,3993
61944,2012-12-10,10,December,2012,23,Youth (<25),F,United States,Washington,Bikes,Road Bikes,"Road-150 Red, 48",2,2171,3578,1240,4342,5582
66886,2012-12-10,10,December,2012,34,Young Adults (25-34),M,United Kingdom,England,Bikes,Road Bikes,"Road-550-W Yellow, 44",2,713,1120,724,1426,2150
56446,2012-12-10,10,December,2012,34,Young Adults (25-34),M,United States,California,Bikes,Mountain Bikes,"Mountain-500 Black, 40",2,295,540,468,590,1058
55204,2012-12-11,11,December,2012,41,Adults (35-64),F,Australia,New South Wales,Bikes,Mountain Bikes,"Mountain-400-W Silver, 38",2,420,769,498,840,1338
60172,2012-12-11,11,December,2012,27,Young Adults (25-34),F,France,Nord,Bikes,Road Bikes,"Road-250 Black, 52",2,1555,2443,1141,3110,4251
60180,2012-12-11,11,December,2012,27,Young Adults (25-34),F,France,Seine Saint Denis,Bikes,Road Bikes,"Road-250 Red, 58",2,1555,2443,897,3110,4007
58666,2012-12-11,11,December,2012,56,Adults (35-64),M,United States,California,Bikes,Road Bikes,"Road-250 Red, 58",2,1555,2443,1678,3110,4788
60122,2012-12-11,11,December,2012,24,Youth (<25),M,France,Seine Saint Denis,Bikes,Road Bikes,"Road-250 Black, 52",2,1555,2443,897,3110,4007
59686,2012-12-11,11,December,2012,54,Adults (35-64),M,United States,Washington,Bikes,Road Bikes,"Road-550-W Yellow, 40",2,713,1120,321,1426,1747
50014,2012-12-11,11,December,2012,38,Adults (35-64),F,United States,California,Bikes,Mountain Bikes,"Mountain-200 Silver, 38",2,1266,2320,2015,2532,4547
66362,2012-12-11,11,December,2012,41,Adults (35-64),M,United States,California,Bikes,Road Bikes,"Road-750 Black, 48",2,344,540,370,688,1058
58072,2012-12-11,11,December,2012,24,Youth (<25),F,France,Seine (Paris),Bikes,Mountain Bikes,"Mountain-200 Black, 38",2,1252,2295,1260,2504,3764
65522,2012-12-11,11,December,2012,36,Adults (35-64),F,Australia,Queensland,Bikes,Road Bikes,"Road-350-W Yellow, 44",2,1083,1701,692,2166,2858
53338,2012-12-11,11,December,2012,37,Adults (35-64),M,United States,California,Bikes,Mountain Bikes,"Mountain-400-W Silver, 46",2,420,769,667,840,1507
60766,2012-12-11,11,December,2012,18,Youth (<25),F,United States,California,Bikes,Road Bikes,"Road-650 Black, 62",2,487,783,561,974,1535
56868,2012-12-11,11,December,2012,27,Young Adults (25-34),M,Canada,British Columbia,Bikes,Mountain Bikes,"Mountain-200 Black, 46",2,1252,2295,2040,2504,4544
63548,2012-12-11,11,December,2012,29,Young Adults (25-34),F,United Kingdom,England,Bikes,Road Bikes,"Road-550-W Yellow, 38",2,713,1120,724,1426,2150
65136,2012-12-12,12,December,2012,34,Young Adults (25-34),M,Germany,Saarland,Bikes,Road Bikes,"Road-650 Red, 48",2,487,783,310,974,1284
53908,2012-12-12,12,December,2012,34,Young Adults (25-34),M,Australia,New South Wales,Bikes,Mountain Bikes,"Mountain-200 Black, 38",2,1252,2295,1489,2504,3993
61154,2012-12-12,12,December,2012,18,Youth (<25),M,Germany,Hessen,Bikes,Road Bikes,"Road-250 Black, 52",2,1555,2443,1434,3110,4544
61134,2012-12-12,12,December,2012,33,Young Adults (25-34),M,Germany,Saarland,Bikes,Road Bikes,"Road-250 Red, 44",2,1519,2443,969,3038,4007
53340,2012-12-12,12,December,2012,37,Adults (35-64),M,United States,California,Bikes,Mountain Bikes,"Mountain-400-W Silver, 46",2,420,769,667,840,1507
51576,2012-12-12,12,December,2012,35,Adults (35-64),F,Australia,Victoria,Bikes,Mountain Bikes,"Mountain-200 Silver, 42",2,1266,2320,1134,2532,3666
62680,2012-12-12,12,December,2012,47,Adults (35-64),M,Germany,Nordrhein-Westfalen,Bikes,Road Bikes,"Road-650 Black, 44",2,487,783,388,974,1362
70236,2012-12-12,12,December,2012,46,Adults (35-64),F,Australia,New South Wales,Bikes,Road Bikes,"Road-750 Black, 48",2,344,540,252,688,940
70462,2012-12-12,12,December,2012,27,Young Adults (25-34),M,Australia,Victoria,Bikes,Road Bikes,"Road-750 Black, 58",2,344,540,165,688,853
54772,2012-12-12,12,December,2012,38,Adults (35-64),F,United States,Washington,Bikes,Mountain Bikes,"Mountain-200 Silver, 42",2,1266,2320,1087,2532,3619
58764,2012-12-12,12,December,2012,28,Young Adults (25-34),M,France,Nord,Bikes,Road Bikes,"Road-150 Red, 44",2,2171,3578,1884,4342,6226
50290,2012-12-12,12,December,2012,36,Adults (35-64),F,Australia,New South Wales,Bikes,Mountain Bikes,"Mountain-200 Silver, 42",2,1266,2320,1505,2532,4037
60600,2012-12-12,12,December,2012,23,Youth (<25),M,United States,Washington,Bikes,Road Bikes,"Road-750 Black, 52",2,344,540,154,688,842
60170,2012-12-12,12,December,2012,37,Adults (35-64),M,France,Seine (Paris),Bikes,Road Bikes,"Road-150 Red, 44",2,2171,3578,1526,4342,5868
70996,2012-12-12,12,December,2012,43,Adults (35-64),M,United States,California,Bikes,Road Bikes,"Road-150 Red, 48",2,2171,3578,2671,4342,7013
60210,2012-12-12,12,December,2012,52,Adults (35-64),F,United Kingdom,England,Bikes,Road Bikes,"Road-250 Black, 58",2,1555,2443,1581,3110,4691
68192,2012-12-12,12,December,2012,33,Young Adults (25-34),F,United Kingdom,England,Bikes,Road Bikes,"Road-350-W Yellow, 48",2,1083,1701,1100,2166,3266
55456,2012-12-13,13,December,2012,49,Adults (35-64),M,United Kingdom,England,Bikes,Mountain Bikes,"Mountain-200 Black, 38",2,1252,2295,1902,2504,4406
67196,2012-12-13,13,December,2012,69,Seniors (64+),M,Australia,Queensland,Bikes,Road Bikes,"Road-250 Red, 58",2,1555,2443,994,3110,4104
60250,2012-12-13,13,December,2012,54,Adults (35-64),F,United States,Washington,Bikes,Road Bikes,"Road-650 Red, 58",2,487,783,247,974,1221
70464,2012-12-13,13,December,2012,27,Young Adults (25-34),M,Australia,Victoria,Bikes,Road Bikes,"Road-750 Black, 58",2,344,540,165,688,853
64458,2012-12-13,13,December,2012,29,Young Adults (25-34),F,Australia,Queensland,Bikes,Road Bikes,"Road-250 Black, 44",2,1555,2443,994,3110,4104
67738,2012-12-13,13,December,2012,28,Young Adults (25-34),M,Australia,New South Wales,Bikes,Road Bikes,"Road-350-W Yellow, 42",2,1083,1701,794,2166,2960
62264,2012-12-13,13,December,2012,35,Adults (35-64),F,Germany,Saarland,Bikes,Road Bikes,"Road-350-W Yellow, 44",2,1083,1701,624,2166,2790
52054,2012-12-13,13,December,2012,44,Adults (35-64),F,United Kingdom,England,Bikes,Mountain Bikes,"Mountain-200 Black, 38",2,1252,2295,1902,2504,4406
50170,2012-12-13,13,December,2012,32,Young Adults (25-34),F,Australia,Queensland,Bikes,Mountain Bikes,"Mountain-200 Silver, 42",2,1266,2320,1366,2532,3898
63524,2012-12-13,13,December,2012,28,Young Adults (25-34),F,France,Moselle,Bikes,Road Bikes,"Road-350-W Yellow, 40",2,1083,1701,828,2166,2994
56604,2012-12-13,13,December,2012,40,Adults (35-64),F,United States,California,Bikes,Mountain Bikes,"Mountain-500 Silver, 40",2,308,565,491,616,1107
67262,2012-12-13,13,December,2012,37,Adults (35-64),M,Australia,New South Wales,Bikes,Road Bikes,"Road-350-W Yellow, 42",2,1083,1701,794,2166,2960
68312,2012-12-14,14,December,2012,37,Adults (35-64),M,Germany,Saarland,Bikes,Road Bikes,"Road-550-W Yellow, 38",2,713,1120,411,1426,1837
59998,2012-12-14,14,December,2012,33,Young Adults (25-34),F,Germany,Hessen,Bikes,Road Bikes,"Road-150 Red, 56",2,2171,3578,2313,4342,6655
66850,2012-12-14,14,December,2012,32,Young Adults (25-34),M,France,Hauts de Seine,Bikes,Road Bikes,"Road-550-W Yellow, 42",2,713,1120,657,1426,2083
59680,2012-12-14,14,December,2012,55,Adults (35-64),M,United States,Washington,Bikes,Road Bikes,"Road-550-W Yellow, 42",2,713,1120,321,1426,1747
67566,2012-12-14,14,December,2012,46,Adults (35-64),F,Australia,Victoria,Bikes,Road Bikes,"Road-750 Black, 48",2,344,540,165,688,853
60842,2012-12-14,14,December,2012,44,Adults (35-64),M,United States,California,Bikes,Road Bikes,"Road-750 Black, 48",2,344,540,370,688,1058
57456,2012-12-14,14,December,2012,30,Young Adults (25-34),F,United States,Washington,Bikes,Mountain Bikes,"Mountain-200 Silver, 38",2,1266,2320,1087,2532,3619
59968,2012-12-14,14,December,2012,32,Young Adults (25-34),M,France,Seine (Paris),Bikes,Road Bikes,"Road-150 Red, 48",2,2171,3578,1526,4342,5868
58250,2012-12-14,14,December,2012,43,Adults (35-64),F,United States,California,Bikes,Road Bikes,"Road-150 Red, 44",2,2171,3578,2671,4342,7013
58982,2012-12-14,14,December,2012,40,Adults (35-64),F,Germany,Hessen,Bikes,Road Bikes,"Road-150 Red, 44",2,2171,3578,2313,4342,6655
68902,2012-12-14,14,December,2012,36,Adults (35-64),F,Australia,Victoria,Bikes,Road Bikes,"Road-550-W Yellow, 48",2,713,1120,344,1426,1770
55516,2012-12-14,14,December,2012,32,Young Adults (25-34),F,Australia,Victoria,Bikes,Mountain Bikes,"Mountain-400-W Silver, 46",2,420,769,375,840,1215
61124,2012-12-14,14,December,2012,30,Young Adults (25-34),M,France,Seine Saint Denis,Bikes,Road Bikes,"Road-250 Black, 48",2,1555,2443,897,3110,4007
63952,2012-12-14,14,December,2012,44,Adults (35-64),M,Australia,New South Wales,Bikes,Road Bikes,"Road-250 Red, 58",2,1555,2443,1141,3110,4251
50098,2012-12-14,14,December,2012,32,Young Adults (25-34),M,United States,California,Bikes,Mountain Bikes,"Mountain-200 Black, 46",2,1252,2295,1994,2504,4498
61448,2012-12-14,14,December,2012,36,Adults (35-64),F,Australia,South Australia,Bikes,Road Bikes,"Road-150 Red, 52",2,2171,3578,1526,4342,5868
65818,2012-12-15,15,December,2012,47,Adults (35-64),M,United Kingdom,England,Bikes,Road Bikes,"Road-650 Black, 62",2,487,783,529,974,1503
59166,2012-12-15,15,December,2012,23,Youth (<25),M,United Kingdom,England,Bikes,Road Bikes,"Road-150 Red, 52",2,2171,3578,2528,4342,6870
62094,2012-12-15,15,December,2012,36,Adults (35-64),M,Germany,Saarland,Bikes,Road Bikes,"Road-350-W Yellow, 48",2,1083,1701,624,2166,2790
67154,2012-12-15,15,December,2012,28,Young Adults (25-34),F,Australia,New South Wales,Bikes,Road Bikes,"Road-250 Black, 52",2,1555,2443,1141,3110,4251
57962,2012-12-15,15,December,2012,29,Young Adults (25-34),F,United States,California,Bikes,Mountain Bikes,"Mountain-200 Silver, 42",2,1266,2320,2015,2532,4547
70998,2012-12-16,16,December,2012,43,Adults (35-64),M,United States,California,Bikes,Road Bikes,"Road-150 Red, 48",2,2171,3578,2671,4342,7013
60386,2012-12-16,16,December,2012,18,Youth (<25),F,United States,Oregon,Bikes,Road Bikes,"Road-650 Red, 48",2,487,783,373,974,1347
51624,2012-12-16,16,December,2012,38,Adults (35-64),M,Australia,New South Wales,Bikes,Mountain Bikes,"Mountain-200 Black, 38",2,1252,2295,1489,2504,3993
52516,2012-12-16,16,December,2012,33,Young Adults (25-34),F,Australia,New South Wales,Bikes,Mountain Bikes,"Mountain-200 Black, 38",2,1252,2295,1489,2504,3993
60426,2012-12-16,16,December,2012,29,Young Adults (25-34),M,United States,Oregon,Bikes,Road Bikes,"Road-650 Black, 44",2,487,783,373,974,1347
58086,2012-12-16,16,December,2012,27,Young Adults (25-34),F,France,Seine et Marne,Bikes,Mountain Bikes,"Mountain-200 Silver, 46",2,1266,2320,1273,2532,3805
60824,2012-12-16,16,December,2012,26,Young Adults (25-34),F,Germany,Hessen,Bikes,Road Bikes,"Road-250 Red, 58",2,1555,2443,1434,3110,4544
69914,2012-12-16,16,December,2012,42,Adults (35-64),F,Australia,Queensland,Bikes,Road Bikes,"Road-550-W Yellow, 40",2,713,1120,456,1426,1882
59970,2012-12-16,16,December,2012,32,Young Adults (25-34),M,France,Seine (Paris),Bikes,Road Bikes,"Road-150 Red, 48",2,2171,3578,1526,4342,5868
68150,2012-12-16,16,December,2012,28,Young Adults (25-34),M,France,Seine (Paris),Bikes,Road Bikes,"Road-550-W Yellow, 44",2,713,1120,411,1426,1837
68810,2012-12-16,16,December,2012,48,Adults (35-64),F,Canada,British Columbia,Bikes,Road Bikes,"Road-750 Black, 58",2,344,540,381,688,1069
64562,2012-12-17,17,December,2012,18,Youth (<25),M,United States,California,Bikes,Road Bikes,"Road-550-W Yellow, 40",2,713,1120,769,1426,2195
61060,2012-12-17,17,December,2012,40,Adults (35-64),F,United States,California,Bikes,Road Bikes,"Road-250 Black, 58",2,1555,2443,1678,3110,4788
60974,2012-12-17,17,December,2012,43,Adults (35-64),F,Australia,New South Wales,Bikes,Road Bikes,"Road-150 Red, 56",2,2171,3578,1884,4342,6226
63258,2012-12-17,17,December,2012,44,Adults (35-64),M,United Kingdom,England,Bikes,Road Bikes,"Road-550-W Yellow, 48",2,713,1120,724,1426,2150
69916,2012-12-17,17,December,2012,42,Adults (35-64),F,Australia,Queensland,Bikes,Road Bikes,"Road-550-W Yellow, 40",2,713,1120,456,1426,1882
55490,2012-12-17,17,December,2012,31,Young Adults (25-34),M,Australia,New South Wales,Bikes,Mountain Bikes,"Mountain-400-W Silver, 42",2,420,769,498,840,1338
66174,2012-12-17,17,December,2012,27,Young Adults (25-34),M,Australia,Queensland,Bikes,Road Bikes,"Road-250 Black, 44",2,1555,2443,994,3110,4104
57072,2012-12-17,17,December,2012,42,Adults (35-64),F,Germany,Nordrhein-Westfalen,Bikes,Mountain Bikes,"Mountain-200 Silver, 46",2,1266,2320,1505,2532,4037
67234,2012-12-17,17,December,2012,36,Adults (35-64),F,Australia,New South Wales,Bikes,Road Bikes,"Road-350-W Yellow, 40",2,1083,1701,794,2166,2960
66314,2012-12-17,17,December,2012,42,Adults (35-64),F,Australia,Victoria,Bikes,Road Bikes,"Road-750 Black, 48",2,344,540,165,688,853
53226,2012-12-17,17,December,2012,37,Adults (35-64),F,United States,Washington,Bikes,Mountain Bikes,"Mountain-200 Silver, 38",2,1266,2320,1087,2532,3619
69554,2012-12-18,18,December,2012,47,Adults (35-64),M,Australia,Victoria,Bikes,Road Bikes,"Road-750 Black, 48",2,344,540,165,688,853
58092,2012-12-18,18,December,2012,26,Young Adults (25-34),M,France,Seine (Paris),Bikes,Mountain Bikes,"Mountain-200 Black, 46",2,1252,2295,1260,2504,3764
62908,2012-12-18,18,December,2012,45,Adults (35-64),F,Australia,New South Wales,Bikes,Road Bikes,"Road-550-W Yellow, 40",2,713,1120,523,1426,1949
58066,2012-12-18,18,December,2012,24,Youth (<25),F,France,Seine Saint Denis,Bikes,Mountain Bikes,"Mountain-200 Silver, 38",2,1266,2320,1273,2532,3805
54790,2012-12-18,18,December,2012,39,Adults (35-64),M,United States,California,Bikes,Mountain Bikes,"Mountain-200 Black, 42",2,1252,2295,1994,2504,4498
62028,2012-12-18,18,December,2012,26,Young Adults (25-34),F,France,Hauts de Seine,Bikes,Road Bikes,"Road-250 Red, 52",2,1519,2443,1506,3038,4544
55176,2012-12-18,18,December,2012,35,Adults (35-64),F,Australia,New South Wales,Bikes,Mountain Bikes,"Mountain-500 Silver, 42",2,308,565,367,616,983
50618,2012-12-18,18,December,2012,38,Adults (35-64),F,Germany,Nordrhein-Westfalen,Bikes,Mountain Bikes,"Mountain-200 Silver, 46",2,1266,2320,1505,2532,4037
57620,2012-12-18,18,December,2012,36,Adults (35-64),M,United States,Washington,Bikes,Mountain Bikes,"Mountain-200 Silver, 38",2,1266,2320,1087,2532,3619
55602,2012-12-18,18,December,2012,26,Young Adults (25-34),F,United Kingdom,England,Bikes,Mountain Bikes,"Mountain-400-W Silver, 42",2,420,769,636,840,1476
57640,2012-12-19,19,December,2012,39,Adults (35-64),F,United States,Washington,Bikes,Mountain Bikes,"Mountain-200 Silver, 38",2,1266,2320,1087,2532,3619
55934,2012-12-19,19,December,2012,39,Adults (35-64),F,United States,California,Bikes,Mountain Bikes,"Mountain-200 Black, 46",2,1252,2295,1994,2504,4498
51638,2012-12-19,19,December,2012,63,Adults (35-64),F,Australia,Queensland,Bikes,Mountain Bikes,"Mountain-200 Black, 46",2,1252,2295,1352,2504,3856
67292,2012-12-19,19,December,2012,57,Adults (35-64),F,Australia,New South Wales,Bikes,Road Bikes,"Road-350-W Yellow, 44",2,1083,1701,794,2166,2960
50590,2012-12-19,19,December,2012,18,Youth (<25),M,Australia,South Australia,Bikes,Mountain Bikes,"Mountain-500 Black, 40",2,295,540,296,590,886
50584,2012-12-19,19,December,2012,56,Adults (35-64),F,Germany,Hessen,Bikes,Mountain Bikes,"Mountain-200 Black, 46",2,1252,2295,1765,2504,4269
57298,2012-12-19,19,December,2012,35,Adults (35-64),F,United States,Oregon,Bikes,Mountain Bikes,"Mountain-100 Black, 48",2,1898,3375,2009,3796,5805
49568,2012-12-19,19,December,2012,37,Adults (35-64),M,United States,Oregon,Bikes,Mountain Bikes,"Mountain-200 Black, 38",2,1252,2295,1443,2504,3947
58060,2012-12-19,19,December,2012,17,Youth (<25),M,France,Nord,Bikes,Mountain Bikes,"Mountain-200 Silver, 46",2,1266,2320,1505,2532,4037
60120,2012-12-19,19,December,2012,24,Youth (<25),F,France,Garonne (Haute),Bikes,Road Bikes,"Road-250 Red, 44",2,1519,2443,1555,3038,4593
67846,2012-12-19,19,December,2012,38,Adults (35-64),M,Australia,New South Wales,Bikes,Road Bikes,"Road-550-W Yellow, 42",2,713,1120,523,1426,1949
58078,2012-12-19,19,December,2012,25,Young Adults (25-34),M,France,Seine (Paris),Bikes,Mountain Bikes,"Mountain-200 Black, 38",2,1252,2295,1260,2504,3764
51076,2012-12-19,19,December,2012,19,Youth (<25),F,Australia,Victoria,Bikes,Mountain Bikes,"Mountain-500 Black, 44",2,295,540,263,590,853
62684,2012-12-19,19,December,2012,50,Adults (35-64),F,Germany,Nordrhein-Westfalen,Bikes,Road Bikes,"Road-550-W Yellow, 42",2,713,1120,523,1426,1949
51594,2012-12-20,20,December,2012,35,Adults (35-64),F,Australia,Queensland,Bikes,Mountain Bikes,"Mountain-200 Silver, 38",2,1266,2320,1366,2532,3898
49326,2012-12-20,20,December,2012,33,Young Adults (25-34),F,Australia,Victoria,Bikes,Mountain Bikes,"Mountain-100 Black, 38",2,1898,3375,1537,3796,5333
51652,2012-12-20,20,December,2012,57,Adults (35-64),M,Australia,Queensland,Bikes,Mountain Bikes,"Mountain-200 Black, 46",2,1252,2295,1352,2504,3856
61390,2012-12-20,20,December,2012,42,Adults (35-64),M,Australia,New South Wales,Bikes,Road Bikes,"Road-150 Red, 44",2,2171,3578,1884,4342,6226
71000,2012-12-20,20,December,2012,43,Adults (35-64),M,United States,California,Bikes,Road Bikes,"Road-150 Red, 48",2,2171,3578,2671,4342,7013
60090,2012-12-20,20,December,2012,33,Young Adults (25-34),M,France,Charente-Maritime,Bikes,Road Bikes,"Road-250 Black, 52",2,1555,2443,1678,3110,4788
65850,2012-12-20,20,December,2012,27,Young Adults (25-34),F,Canada,British Columbia,Bikes,Road Bikes,"Road-550-W Yellow, 48",2,713,1120,792,1426,2218
69250,2012-12-20,20,December,2012,34,Young Adults (25-34),F,United Kingdom,England,Bikes,Road Bikes,"Road-350-W Yellow, 42",2,1083,1701,1100,2166,3266
60094,2012-12-20,20,December,2012,35,Adults (35-64),M,France,Loiret,Bikes,Road Bikes,"Road-150 Red, 52",2,2171,3578,2027,4342,6369
61632,2012-12-20,20,December,2012,43,Adults (35-64),M,United States,Washington,Bikes,Road Bikes,"Road-350-W Yellow, 40",2,1083,1701,488,2166,2654
52698,2012-12-20,20,December,2012,35,Adults (35-64),M,Australia,Victoria,Bikes,Mountain Bikes,"Mountain-200 Silver, 38",2,1266,2320,1134,2532,3666
57106,2012-12-20,20,December,2012,29,Young Adults (25-34),M,Canada,British Columbia,Bikes,Mountain Bikes,"Mountain-500 Black, 52",2,295,540,479,590,1069
60394,2012-12-20,20,December,2012,51,Adults (35-64),F,Australia,New South Wales,Bikes,Road Bikes,"Road-350-W Yellow, 40",2,1083,1701,794,2166,2960
67204,2012-12-20,20,December,2012,35,Adults (35-64),F,Australia,Queensland,Bikes,Road Bikes,"Road-350-W Yellow, 44",2,1083,1701,692,2166,2858
58094,2012-12-21,21,December,2012,26,Young Adults (25-34),M,France,Somme,Bikes,Mountain Bikes,"Mountain-200 Silver, 38",2,1266,2320,1273,2532,3805
52176,2012-12-21,21,December,2012,23,Youth (<25),M,United Kingdom,England,Bikes,Mountain Bikes,"Mountain-400-W Silver, 46",2,420,769,636,840,1476
65436,2012-12-21,21,December,2012,27,Young Adults (25-34),F,Australia,Queensland,Bikes,Road Bikes,"Road-250 Red, 58",2,1555,2443,994,3110,4104
58080,2012-12-22,22,December,2012,25,Young Adults (25-34),M,France,Seine (Paris),Bikes,Mountain Bikes,"Mountain-200 Black, 38",2,1252,2295,1260,2504,3764
57458,2012-12-22,22,December,2012,30,Young Adults (25-34),F,United States,Washington,Bikes,Mountain Bikes,"Mountain-200 Silver, 38",2,1266,2320,1087,2532,3619
50566,2012-12-22,22,December,2012,41,Adults (35-64),M,Germany,Hessen,Bikes,Mountain Bikes,"Mountain-200 Silver, 38",2,1266,2320,1783,2532,4315
58184,2012-12-22,22,December,2012,40,Adults (35-64),F,United Kingdom,England,Bikes,Road Bikes,"Road-750 Black, 58",2,344,540,349,688,1037
57012,2012-12-22,22,December,2012,27,Young Adults (25-34),F,Canada,British Columbia,Bikes,Mountain Bikes,"Mountain-200 Black, 46",2,1252,2295,2040,2504,4544
63550,2012-12-22,22,December,2012,29,Young Adults (25-34),F,United Kingdom,England,Bikes,Road Bikes,"Road-550-W Yellow, 38",2,713,1120,724,1426,2150
58824,2012-12-22,22,December,2012,28,Young Adults (25-34),M,United States,California,Bikes,Road Bikes,"Road-150 Red, 62",2,2171,3578,2671,4342,7013
51070,2012-12-22,22,December,2012,19,Youth (<25),F,Australia,New South Wales,Bikes,Mountain Bikes,"Mountain-500 Silver, 42",2,308,565,367,616,983
67422,2012-12-22,22,December,2012,28,Young Adults (25-34),F,United States,California,Bikes,Road Bikes,"Road-750 Black, 44",2,344,540,370,688,1058
57650,2012-12-22,22,December,2012,41,Adults (35-64),M,United States,California,Bikes,Mountain Bikes,"Mountain-200 Black, 42",2,1252,2295,1994,2504,4498
64564,2012-12-22,22,December,2012,18,Youth (<25),M,United States,California,Bikes,Road Bikes,"Road-550-W Yellow, 40",2,713,1120,769,1426,2195
64724,2012-12-22,22,December,2012,42,Adults (35-64),M,United Kingdom,England,Bikes,Road Bikes,"Road-650 Red, 58",2,487,783,529,974,1503
61634,2012-12-23,23,December,2012,43,Adults (35-64),M,United States,Washington,Bikes,Road Bikes,"Road-350-W Yellow, 40",2,1083,1701,488,2166,2654
59694,2012-12-23,23,December,2012,23,Youth (<25),M,United States,Oregon,Bikes,Road Bikes,"Road-350-W Yellow, 42",2,1083,1701,760,2166,2926
67286,2012-12-23,23,December,2012,57,Adults (35-64),F,Australia,Queensland,Bikes,Road Bikes,"Road-150 Red, 52",2,2171,3578,1669,4342,6011
68890,2012-12-23,23,December,2012,34,Young Adults (25-34),F,Australia,South Australia,Bikes,Road Bikes,"Road-550-W Yellow, 40",2,713,1120,411,1426,1837
58900,2012-12-23,23,December,2012,22,Youth (<25),M,United States,California,Bikes,Road Bikes,"Road-250 Red, 44",2,1519,2443,1750,3038,4788
56516,2012-12-23,23,December,2012,35,Adults (35-64),F,United States,California,Bikes,Mountain Bikes,"Mountain-500 Black, 42",2,295,540,468,590,1058
59442,2012-12-23,23,December,2012,19,Youth (<25),M,United States,California,Bikes,Road Bikes,"Road-550-W Yellow, 42",2,713,1120,769,1426,2195
63908,2012-12-23,23,December,2012,34,Young Adults (25-34),M,Australia,Queensland,Bikes,Road Bikes,"Road-250 Black, 58",2,1555,2443,994,3110,4104
65294,2012-12-23,23,December,2012,29,Young Adults (25-34),M,United Kingdom,England,Bikes,Road Bikes,"Road-350-W Yellow, 48",2,1083,1701,1100,2166,3266
50088,2012-12-23,23,December,2012,30,Young Adults (25-34),F,United States,Oregon,Bikes,Mountain Bikes,"Mountain-200 Silver, 42",2,1266,2320,1458,2532,3990
52240,2012-12-23,23,December,2012,31,Young Adults (25-34),F,Canada,British Columbia,Bikes,Mountain Bikes,"Mountain-200 Black, 42",2,1252,2295,2040,2504,4544
60164,2012-12-23,23,December,2012,37,Adults (35-64),F,France,Seine Saint Denis,Bikes,Road Bikes,"Road-150 Red, 48",2,2171,3578,1526,4342,5868
50554,2012-12-24,24,December,2012,40,Adults (35-64),F,Germany,Hessen,Bikes,Mountain Bikes,"Mountain-200 Black, 46",2,1252,2295,1765,2504,4269
58076,2012-12-24,24,December,2012,25,Young Adults (25-34),M,France,Seine Saint Denis,Bikes,Mountain Bikes,"Mountain-200 Silver, 42",2,1266,2320,1273,2532,3805
70380,2012-12-24,24,December,2012,36,Adults (35-64),M,Australia,Queensland,Bikes,Road Bikes,"Road-550-W Yellow, 44",2,713,1120,456,1426,1882
65024,2012-12-24,24,December,2012,36,Adults (35-64),M,Germany,Hessen,Bikes,Road Bikes,"Road-550-W Yellow, 48",2,713,1120,657,1426,2083
57578,2012-12-24,24,December,2012,34,Young Adults (25-34),F,United States,California,Bikes,Mountain Bikes,"Mountain-200 Black, 42",2,1252,2295,1994,2504,4498
51980,2012-12-24,24,December,2012,19,Youth (<25),F,Australia,South Australia,Bikes,Mountain Bikes,"Mountain-200 Silver, 38",2,1266,2320,1273,2532,3805
65296,2012-12-24,24,December,2012,29,Young Adults (25-34),M,United Kingdom,England,Bikes,Road Bikes,"Road-350-W Yellow, 48",2,1083,1701,1100,2166,3266
64844,2012-12-24,24,December,2012,27,Young Adults (25-34),M,United States,California,Bikes,Road Bikes,"Road-550-W Yellow, 42",2,713,1120,769,1426,2195
68136,2012-12-24,24,December,2012,27,Young Adults (25-34),F,France,Yveline,Bikes,Road Bikes,"Road-750 Black, 52",2,344,540,133,688,821
67460,2012-12-24,24,December,2012,24,Youth (<25),M,United Kingdom,England,Bikes,Road Bikes,"Road-750 Black, 44",2,344,540,349,688,1037
51618,2012-12-24,24,December,2012,37,Adults (35-64),F,Australia,Victoria,Bikes,Mountain Bikes,"Mountain-200 Silver, 38",2,1266,2320,1134,2532,3666
62682,2012-12-24,24,December,2012,49,Adults (35-64),F,Germany,Nordrhein-Westfalen,Bikes,Road Bikes,"Road-250 Red, 58",2,1555,2443,1141,3110,4251
51568,2012-12-24,24,December,2012,38,Adults (35-64),M,Australia,Queensland,Bikes,Mountain Bikes,"Mountain-200 Black, 42",2,1252,2295,1352,2504,3856
62778,2012-12-25,25,December,2012,34,Young Adults (25-34),F,Australia,Queensland,Bikes,Road Bikes,"Road-150 Red, 62",2,2171,3578,1669,4342,6011
63006,2012-12-25,25,December,2012,25,Young Adults (25-34),M,Germany,Bayern,Bikes,Road Bikes,"Road-250 Black, 52",2,1555,2443,1727,3110,4837
69212,2012-12-25,25,December,2012,31,Young Adults (25-34),M,United Kingdom,England,Bikes,Road Bikes,"Road-350-W Yellow, 40",2,1083,1701,1100,2166,3266
54572,2012-12-25,25,December,2012,38,Adults (35-64),F,Australia,Victoria,Bikes,Mountain Bikes,"Mountain-200 Silver, 38",2,1266,2320,1134,2532,3666
68340,2012-12-25,25,December,2012,50,Adults (35-64),M,Australia,New South Wales,Bikes,Road Bikes,"Road-750 Black, 52",2,344,540,252,688,940
53636,2012-12-25,25,December,2012,37,Adults (35-64),F,Germany,Nordrhein-Westfalen,Bikes,Mountain Bikes,"Mountain-200 Silver, 38",2,1266,2320,1505,2532,4037
68138,2012-12-25,25,December,2012,27,Young Adults (25-34),F,France,Yveline,Bikes,Road Bikes,"Road-750 Black, 52",2,344,540,133,688,821
60844,2012-12-25,25,December,2012,44,Adults (35-64),M,United States,California,Bikes,Road Bikes,"Road-750 Black, 48",2,344,540,370,688,1058
50814,2012-12-26,26,December,2012,25,Young Adults (25-34),F,United Kingdom,England,Bikes,Mountain Bikes,"Mountain-200 Black, 42",2,1252,2295,1902,2504,4406
67488,2012-12-26,26,December,2012,42,Adults (35-64),M,United States,Washington,Bikes,Road Bikes,"Road-750 Black, 44",2,344,540,154,688,842
51562,2012-12-26,26,December,2012,38,Adults (35-64),F,Australia,Queensland,Bikes,Mountain Bikes,"Mountain-200 Black, 38",2,1252,2295,1352,2504,3856
61546,2012-12-26,26,December,2012,24,Youth (<25),M,Canada,British Columbia,Bikes,Road Bikes,"Road-350-W Yellow, 48",2,1083,1701,1202,2166,3368
60546,2012-12-26,26,December,2012,28,Young Adults (25-34),M,France,Seine Saint Denis,Bikes,Road Bikes,"Road-250 Red, 44",2,1519,2443,969,3038,4007
56448,2012-12-26,26,December,2012,34,Young Adults (25-34),M,United States,California,Bikes,Mountain Bikes,"Mountain-500 Black, 40",2,295,540,468,590,1058
52860,2012-12-26,26,December,2012,54,Adults (35-64),M,Australia,Victoria,Bikes,Mountain Bikes,"Mountain-200 Black, 38",2,1252,2295,1122,2504,3626
53294,2012-12-26,26,December,2012,30,Young Adults (25-34),M,United States,California,Bikes,Mountain Bikes,"Mountain-400-W Silver, 38",2,420,769,667,840,1507
61252,2012-12-27,27,December,2012,36,Adults (35-64),F,Germany,Hessen,Bikes,Road Bikes,"Road-250 Black, 58",2,1555,2443,1434,3110,4544
61378,2012-12-27,27,December,2012,26,Young Adults (25-34),F,Australia,Victoria,Bikes,Road Bikes,"Road-150 Red, 48",2,2171,3578,1311,4342,5653
67072,2012-12-27,27,December,2012,37,Adults (35-64),M,Canada,British Columbia,Bikes,Road Bikes,"Road-750 Black, 44",2,344,540,381,688,1069
56252,2012-12-27,27,December,2012,44,Adults (35-64),M,United Kingdom,England,Bikes,Mountain Bikes,"Mountain-200 Silver, 42",2,1266,2320,1922,2532,4454
62948,2012-12-27,27,December,2012,41,Adults (35-64),F,Australia,Victoria,Bikes,Road Bikes,"Road-150 Red, 48",2,2171,3578,1311,4342,5653
52666,2012-12-27,27,December,2012,38,Adults (35-64),M,Australia,Victoria,Bikes,Mountain Bikes,"Mountain-200 Silver, 42",2,1266,2320,1134,2532,3666
69536,2012-12-27,27,December,2012,49,Adults (35-64),M,Australia,New South Wales,Bikes,Road Bikes,"Road-750 Black, 52",2,344,540,252,688,940
59244,2012-12-27,27,December,2012,42,Adults (35-64),F,United States,California,Bikes,Road Bikes,"Road-250 Black, 52",2,1555,2443,1678,3110,4788
60818,2012-12-27,27,December,2012,26,Young Adults (25-34),M,France,Essonne,Bikes,Road Bikes,"Road-250 Black, 52",2,1555,2443,1581,3110,4691
65486,2012-12-28,28,December,2012,35,Adults (35-64),F,Australia,New South Wales,Bikes,Road Bikes,"Road-350-W Yellow, 48",2,1083,1701,794,2166,2960
55936,2012-12-28,28,December,2012,39,Adults (35-64),F,United States,California,Bikes,Mountain Bikes,"Mountain-200 Black, 46",2,1252,2295,1994,2504,4498
49442,2012-12-28,28,December,2012,34,Young Adults (25-34),M,Australia,Victoria,Bikes,Mountain Bikes,"Mountain-100 Black, 42",2,1898,3375,1537,3796,5333
55492,2012-12-28,28,December,2012,31,Young Adults (25-34),M,Australia,New South Wales,Bikes,Mountain Bikes,"Mountain-400-W Silver, 42",2,420,769,498,840,1338
57460,2012-12-28,28,December,2012,30,Young Adults (25-34),F,United States,Washington,Bikes,Mountain Bikes,"Mountain-200 Silver, 38",2,1266,2320,1087,2532,3619
63784,2012-12-28,28,December,2012,46,Adults (35-64),M,Germany,Saarland,Bikes,Road Bikes,"Road-650 Red, 58",2,487,783,310,974,1284
67054,2012-12-28,28,December,2012,36,Adults (35-64),M,Canada,British Columbia,Bikes,Road Bikes,"Road-750 Black, 44",2,344,540,381,688,1069
51972,2012-12-28,28,December,2012,19,Youth (<25),M,Australia,Victoria,Bikes,Mountain Bikes,"Mountain-500 Silver, 52",2,308,565,277,616,893
52056,2012-12-28,28,December,2012,44,Adults (35-64),F,United Kingdom,England,Bikes,Mountain Bikes,"Mountain-200 Black, 38",2,1252,2295,1902,2504,4406
64030,2012-12-28,28,December,2012,45,Adults (35-64),F,Australia,Queensland,Bikes,Road Bikes,"Road-750 Black, 48",2,344,540,219,688,907
50712,2012-12-29,29,December,2012,43,Adults (35-64),M,United Kingdom,England,Bikes,Mountain Bikes,"Mountain-200 Silver, 42",2,1266,2320,1922,2532,4454
60976,2012-12-29,29,December,2012,43,Adults (35-64),F,Australia,New South Wales,Bikes,Road Bikes,"Road-150 Red, 56",2,2171,3578,1884,4342,6226
71156,2012-12-29,29,December,2012,26,Young Adults (25-34),F,Canada,British Columbia,Bikes,Road Bikes,"Road-250 Red, 44",2,1519,2443,1799,3038,4837
67950,2012-12-29,29,December,2012,45,Adults (35-64),F,United States,California,Bikes,Road Bikes,"Road-750 Black, 52",2,344,540,370,688,1058
67372,2012-12-29,29,December,2012,22,Youth (<25),F,United States,California,Bikes,Road Bikes,"Road-750 Black, 44",2,344,540,370,688,1058
62266,2012-12-29,29,December,2012,35,Adults (35-64),F,Germany,Saarland,Bikes,Road Bikes,"Road-350-W Yellow, 44",2,1083,1701,624,2166,2790
60116,2012-12-29,29,December,2012,23,Youth (<25),F,France,Seine (Paris),Bikes,Road Bikes,"Road-150 Red, 52",2,2171,3578,1526,4342,5868
70608,2012-12-29,29,December,2012,44,Adults (35-64),F,Australia,Queensland,Bikes,Road Bikes,"Road-750 Black, 48",2,344,540,219,688,907
66396,2012-12-29,29,December,2012,25,Young Adults (25-34),M,Canada,British Columbia,Bikes,Road Bikes,"Road-150 Red, 62",2,2171,3578,2742,4342,7084
66888,2012-12-29,29,December,2012,34,Young Adults (25-34),M,United Kingdom,England,Bikes,Road Bikes,"Road-550-W Yellow, 44",2,713,1120,724,1426,2150
61162,2012-12-29,29,December,2012,23,Youth (<25),F,Germany,Hessen,Bikes,Road Bikes,"Road-250 Red, 48",2,1519,2443,1506,3038,4544
62012,2012-12-29,29,December,2012,26,Young Adults (25-34),F,United Kingdom,England,Bikes,Road Bikes,"Road-350-W Yellow, 44",2,1083,1701,1100,2166,3266
63594,2012-12-29,29,December,2012,30,Young Adults (25-34),M,France,Moselle,Bikes,Road Bikes,"Road-550-W Yellow, 38",2,713,1120,545,1426,1971
60124,2012-12-29,29,December,2012,24,Youth (<25),F,France,Pas de Calais,Bikes,Road Bikes,"Road-250 Red, 52",2,1519,2443,1115,3038,4153
59168,2012-12-30,30,December,2012,23,Youth (<25),M,United Kingdom,England,Bikes,Road Bikes,"Road-150 Red, 52",2,2171,3578,2528,4342,6870
50816,2012-12-30,30,December,2012,25,Young Adults (25-34),F,United Kingdom,England,Bikes,Mountain Bikes,"Mountain-200 Black, 42",2,1252,2295,1902,2504,4406
64460,2012-12-30,30,December,2012,29,Young Adults (25-34),F,Australia,Queensland,Bikes,Road Bikes,"Road-250 Black, 44",2,1555,2443,994,3110,4104
62734,2012-12-30,30,December,2012,30,Young Adults (25-34),M,Australia,Victoria,Bikes,Road Bikes,"Road-150 Red, 48",2,2171,3578,1311,4342,5653
70238,2012-12-30,30,December,2012,46,Adults (35-64),F,Australia,New South Wales,Bikes,Road Bikes,"Road-750 Black, 48",2,344,540,252,688,940
70382,2012-12-30,30,December,2012,36,Adults (35-64),M,Australia,Queensland,Bikes,Road Bikes,"Road-550-W Yellow, 44",2,713,1120,456,1426,1882
58062,2012-12-30,30,December,2012,24,Youth (<25),F,France,Essonne,Bikes,Mountain Bikes,"Mountain-200 Black, 46",2,1252,2295,1902,2504,4406
68784,2012-12-31,31,December,2012,26,Young Adults (25-34),M,Australia,Queensland,Bikes,Road Bikes,"Road-550-W Yellow, 42",2,713,1120,456,1426,1882
60212,2012-12-31,31,December,2012,52,Adults (35-64),F,United Kingdom,England,Bikes,Road Bikes,"Road-250 Black, 58",2,1555,2443,1581,3110,4691
64898,2012-12-31,31,December,2012,25,Young Adults (25-34),F,Germany,Hessen,Bikes,Road Bikes,"Road-550-W Yellow, 38",2,713,1120,657,1426,2083
69904,2012-12-31,31,December,2012,44,Adults (35-64),M,Australia,Victoria,Bikes,Road Bikes,"Road-550-W Yellow, 42",2,713,1120,344,1426,1770
60074,2012-12-31,31,December,2012,32,Young Adults (25-34),M,France,Seine Saint Denis,Bikes,Road Bikes,"Road-150 Red, 56",2,2171,3578,1526,4342,5868
50292,2012-12-31,31,December,2012,36,Adults (35-64),F,Australia,New South Wales,Bikes,Mountain Bikes,"Mountain-200 Silver, 42",2,1266,2320,1505,2532,4037
52518,2012-12-31,31,December,2012,33,Young Adults (25-34),F,Australia,New South Wales,Bikes,Mountain Bikes,"Mountain-200 Black, 38",2,1252,2295,1489,2504,3993
